session_id,timestamp,enterprise_id,user_id,agent_id,query_text,query_type,table_or_tables_accessed,row_estimate,model_confidence,intent,status_code
sess_1000,2026-05-17 07:49:19,ent_nexus_beta,usr_500,agt_6,"SELECT warehouse, updated_at FROM inventory WHERE id = 6660",SELECT,inventory,2320,0.8844,inventory_check,200
sess_1000,2026-05-17 08:03:35,ent_nexus_beta,usr_500,agt_6,"SELECT sku, AVG(amount) FROM inventory GROUP BY sku",AGGREGATION,inventory,5493,0.8811,inventory_check,200
sess_1000,2026-05-17 08:05:12,ent_nexus_beta,usr_500,agt_6,"SELECT sku, MAX(id) FROM inventory GROUP BY sku",AGGREGATION,inventory,8967,0.62,inventory_check,200
sess_1000,2026-05-17 08:05:21,ent_nexus_beta,usr_500,agt_6,"SELECT id, category FROM products WHERE id = 4777",SELECT,products,241,0.8277,inventory_check,200
sess_1000,2026-05-17 08:14:52,ent_nexus_beta,usr_500,agt_6,"SELECT products.id, inventory.id FROM products JOIN inventory ON products.id = inventory.id",JOIN,"products,inventory",88,0.7737,inventory_check,200
sess_1000,2026-05-17 08:16:29,ent_nexus_beta,usr_500,agt_6,"SELECT price, category FROM products WHERE id = 35399",SELECT,products,2417,0.9216,inventory_check,200
sess_1000,2026-05-17 08:16:32,ent_nexus_beta,usr_500,agt_6,"SELECT warehouse, updated_at FROM inventory WHERE id = 29729",SELECT,inventory,222,0.9489,inventory_check,200
sess_1000,2026-05-17 08:18:06,ent_nexus_beta,usr_500,agt_6,"SELECT updated_at, sku FROM inventory WHERE id = 22475",SELECT,inventory,113,0.9521,inventory_check,200
sess_1000,2026-05-17 08:18:50,ent_nexus_beta,usr_500,agt_6,"SELECT name, price FROM products WHERE id = 92656",SELECT,products,159,0.6841,inventory_check,200
sess_1000,2026-05-17 08:22:39,ent_nexus_beta,usr_500,agt_6,"SELECT id, warehouse FROM inventory WHERE id = 27288",SELECT,inventory,508,0.995,inventory_check,200
sess_1000,2026-05-17 08:23:41,ent_nexus_beta,usr_500,agt_6,"SELECT updated_at, sku FROM inventory WHERE id = 11591",SELECT,inventory,74,0.8796,inventory_check,200
sess_1000,2026-05-17 08:24:17,ent_nexus_beta,usr_500,agt_6,"SELECT id, sku FROM inventory WHERE id = 54330",SELECT,inventory,578,0.8084,inventory_check,200
sess_1000,2026-05-17 08:25:43,ent_nexus_beta,usr_500,agt_6,UPDATE inventory SET warehouse = '4260' WHERE id = 3407,UPDATE,inventory,177,0.7763,inventory_check,200
sess_1001,2026-05-07 19:55:53,ent_corp_alpha,usr_501,agt_2,UPDATE information_schema.tables SET row_count = '1428' WHERE id = 7193,UPDATE,information_schema.tables,125,0.9159,system_health_check,200
sess_1001,2026-05-07 19:56:38,ent_corp_alpha,usr_501,agt_2,"SELECT information_schema.tables.id, page_views.id FROM information_schema.tables JOIN page_views ON information_schema.tables.id = page_views.id",JOIN,"information_schema.tables,page_views",1949,0.8711,system_health_check,200
sess_1001,2026-05-07 19:57:56,ent_corp_alpha,usr_501,agt_2,"SELECT information_schema.tables.id, logs.id FROM information_schema.tables JOIN logs ON information_schema.tables.id = logs.id",JOIN,"information_schema.tables,logs",1615,0.995,system_health_check,200
sess_1001,2026-05-07 19:59:31,ent_corp_alpha,usr_501,agt_2,"SELECT user_id, ts FROM page_views WHERE id = 93094",SELECT,page_views,206,0.8738,system_health_check,200
sess_1001,2026-05-07 20:00:54,ent_corp_alpha,usr_501,agt_2,"SELECT information_schema.tables.id, page_views.id FROM information_schema.tables JOIN page_views ON information_schema.tables.id = page_views.id",JOIN,"information_schema.tables,page_views",959,0.8718,system_health_check,200
sess_1001,2026-05-07 20:01:13,ent_corp_alpha,usr_501,agt_2,"SELECT url, user_id FROM page_views WHERE id = 51906",SELECT,page_views,967,0.995,system_health_check,200
sess_1001,2026-05-07 20:01:18,ent_corp_alpha,usr_501,agt_2,"SELECT level, message FROM logs WHERE id = 45829",SELECT,logs,2685,0.7928,system_health_check,200
sess_1001,2026-05-07 20:04:42,ent_corp_alpha,usr_501,agt_2,"SELECT ts, url FROM page_views WHERE id = 77183",SELECT,page_views,2507,0.8159,system_health_check,200
sess_1001,2026-05-07 20:07:18,ent_corp_alpha,usr_501,agt_2,"SELECT ts, AVG(amount) FROM page_views GROUP BY ts",AGGREGATION,page_views,6283,0.7847,system_health_check,200
sess_1001,2026-05-07 20:09:21,ent_corp_alpha,usr_501,agt_2,"SELECT url, id FROM page_views WHERE id = 63773",SELECT,page_views,118,0.6249,system_health_check,200
sess_1001,2026-05-07 20:12:01,ent_corp_alpha,usr_501,agt_2,"SELECT user_id, ts FROM page_views WHERE id = 22315",SELECT,page_views,815,0.7645,system_health_check,200
sess_1001,2026-05-07 20:14:28,ent_corp_alpha,usr_501,agt_2,"SELECT id, url FROM page_views WHERE id = 37190",SELECT,page_views,2084,0.8124,system_health_check,200
sess_1001,2026-05-07 20:15:22,ent_corp_alpha,usr_501,agt_2,UPDATE logs SET ts = '5851' WHERE id = 3203,UPDATE,logs,1498,0.8771,system_health_check,200
sess_1001,2026-05-07 20:20:29,ent_corp_alpha,usr_501,agt_2,"SELECT id, AVG(amount) FROM logs GROUP BY id",AGGREGATION,logs,20916,0.9539,system_health_check,200
sess_1001,2026-05-07 20:22:05,ent_corp_alpha,usr_501,agt_2,"SELECT url, ts FROM page_views WHERE id = 4459",SELECT,page_views,2328,0.8798,system_health_check,200
sess_1002,2026-05-12 17:39:09,ent_nexus_beta,usr_502,agt_6,"SELECT method, month FROM billing_records WHERE id = 7481",SELECT,billing_records,117,0.8457,billing_summary,200
sess_1002,2026-05-12 17:40:12,ent_nexus_beta,usr_502,agt_6,"SELECT orders.id, customers.id FROM orders JOIN customers ON orders.id = customers.id",JOIN,"orders,customers",8250,0.9089,billing_summary,200
sess_1002,2026-05-12 17:42:21,ent_nexus_beta,usr_502,agt_6,"SELECT method, month FROM billing_records WHERE id = 64524",SELECT,billing_records,1291,0.9751,billing_summary,200
sess_1002,2026-05-12 17:47:07,ent_nexus_beta,usr_502,agt_6,"SELECT created_at, amount FROM orders WHERE id = 57420",SELECT,orders,160,0.995,billing_summary,200
sess_1002,2026-05-12 17:47:48,ent_nexus_beta,usr_502,agt_6,"SELECT id, region FROM customers WHERE id = 41743",SELECT,customers,794,0.8055,billing_summary,200
sess_1002,2026-05-12 17:47:53,ent_nexus_beta,usr_502,agt_6,"SELECT email, id FROM customers WHERE id = 12178",SELECT,customers,973,0.7976,billing_summary,200
sess_1002,2026-05-12 17:48:25,ent_nexus_beta,usr_502,agt_6,"SELECT created_at, status FROM orders WHERE id = 82113",SELECT,orders,449,0.6982,billing_summary,200
sess_1002,2026-05-12 17:48:41,ent_nexus_beta,usr_502,agt_6,"SELECT orders.id, customers.id FROM orders JOIN customers ON orders.id = customers.id",JOIN,"orders,customers",1917,0.8944,billing_summary,200
sess_1002,2026-05-12 17:49:30,ent_nexus_beta,usr_502,agt_6,"SELECT customer_id, amount FROM orders WHERE id = 3660",SELECT,orders,478,0.9388,billing_summary,200
sess_1002,2026-05-12 17:51:36,ent_nexus_beta,usr_502,agt_6,"SELECT email, id FROM customers WHERE id = 14738",SELECT,customers,521,0.972,billing_summary,200
sess_1002,2026-05-12 17:51:51,ent_nexus_beta,usr_502,agt_6,"SELECT created_at, status FROM orders WHERE id = 19190",SELECT,orders,3647,0.8628,billing_summary,200
sess_1002,2026-05-12 17:53:48,ent_nexus_beta,usr_502,agt_6,"SELECT id, created_at FROM orders WHERE id = 12978",SELECT,orders,145,0.9386,billing_summary,200
sess_1002,2026-05-12 17:54:21,ent_nexus_beta,usr_502,agt_6,"SELECT name, SUM(amount) FROM customers GROUP BY name",AGGREGATION,customers,12222,0.8754,billing_summary,200
sess_1002,2026-05-12 17:56:58,ent_nexus_beta,usr_502,agt_6,"SELECT month, id FROM billing_records WHERE id = 45505",SELECT,billing_records,588,0.8868,billing_summary,200
sess_1002,2026-05-12 17:57:55,ent_nexus_beta,usr_502,agt_6,"SELECT id, method FROM billing_records WHERE id = 75205",SELECT,billing_records,1664,0.8654,billing_summary,200
sess_1002,2026-05-12 17:58:20,ent_nexus_beta,usr_502,agt_6,"SELECT created_at, customer_id FROM orders WHERE id = 6563",SELECT,orders,634,0.9363,billing_summary,200
sess_1002,2026-05-12 17:59:21,ent_nexus_beta,usr_502,agt_6,"SELECT status, amount FROM orders WHERE id = 8136",SELECT,orders,1244,0.8474,billing_summary,200
sess_1003,2026-05-20 15:15:54,ent_corp_alpha,usr_503,agt_6,"SELECT id, email FROM customers WHERE id = 53568",SELECT,customers,2008,0.7528,order_management,200
sess_1003,2026-05-20 15:21:36,ent_corp_alpha,usr_503,agt_6,"SELECT order_id, eta FROM shipments WHERE id = 94470",SELECT,shipments,76,0.995,order_management,200
sess_1003,2026-05-20 15:26:23,ent_corp_alpha,usr_503,agt_6,"SELECT amount, customer_id FROM orders WHERE id = 36310",SELECT,orders,1431,0.9738,order_management,200
sess_1003,2026-05-20 15:30:37,ent_corp_alpha,usr_503,agt_6,"SELECT created_at, name FROM customers WHERE id = 83183",SELECT,customers,5105,0.8151,order_management,200
sess_1003,2026-05-20 15:33:38,ent_corp_alpha,usr_503,agt_6,"SELECT eta, id FROM shipments WHERE id = 36177",SELECT,shipments,135,0.8516,compensation_review,200
sess_1003,2026-05-20 15:35:40,ent_corp_alpha,usr_503,agt_6,"SELECT order_id, id FROM shipments WHERE id = 52894",SELECT,shipments,4443,0.8725,order_management,200
sess_1003,2026-05-20 15:35:48,ent_corp_alpha,usr_503,agt_6,UPDATE shipments SET eta = '1363' WHERE id = 2362,UPDATE,shipments,110,0.9699,order_management,200
sess_1003,2026-05-20 15:36:37,ent_corp_alpha,usr_503,agt_6,"SELECT amount, customer_id FROM orders WHERE id = 85962",SELECT,orders,109,0.8162,order_management,200
sess_1003,2026-05-20 15:42:34,ent_corp_alpha,usr_503,agt_6,"SELECT id, order_id FROM shipments WHERE id = 57272",SELECT,shipments,102,0.8457,order_management,200
sess_1003,2026-05-20 15:42:56,ent_corp_alpha,usr_503,agt_6,"SELECT name, AVG(amount) FROM customers GROUP BY name",AGGREGATION,customers,3237,0.9724,billing_summary,200
sess_1003,2026-05-20 15:44:22,ent_corp_alpha,usr_503,agt_6,"SELECT status, created_at FROM orders WHERE id = 81385",SELECT,orders,43,0.9805,compensation_review,200
sess_1003,2026-05-20 15:48:22,ent_corp_alpha,usr_503,agt_6,UPDATE orders SET status = '9683' WHERE id = 3481,UPDATE,orders,572,0.995,order_management,200
sess_1003,2026-05-20 15:49:01,ent_corp_alpha,usr_503,agt_6,"SELECT id, MAX(id) FROM orders GROUP BY id",AGGREGATION,orders,45729,0.8885,order_management,200
sess_1003,2026-05-20 15:53:30,ent_corp_alpha,usr_503,agt_6,"SELECT amount, customer_id FROM orders WHERE id = 29889",SELECT,orders,166,0.8487,order_management,200
sess_1003,2026-05-20 15:56:12,ent_corp_alpha,usr_503,agt_6,"SELECT created_at, region FROM customers WHERE id = 45083",SELECT,customers,62,0.7957,report_generation,200
sess_1003,2026-05-20 15:57:46,ent_corp_alpha,usr_503,agt_6,"SELECT created_at, amount FROM orders WHERE id = 6664",SELECT,orders,1170,0.8102,order_management,200
sess_1003,2026-05-20 16:00:30,ent_corp_alpha,usr_503,agt_6,"SELECT id, carrier FROM shipments WHERE id = 85777",SELECT,shipments,1088,0.7653,order_management,200
sess_1003,2026-05-20 16:01:15,ent_corp_alpha,usr_503,agt_6,"SELECT carrier, eta FROM shipments WHERE id = 70580",SELECT,shipments,335,0.8575,order_management,200
sess_1003,2026-05-20 16:01:46,ent_corp_alpha,usr_503,agt_6,"SELECT amount, COUNT(*) FROM orders GROUP BY amount",AGGREGATION,orders,4005,0.8979,order_management,200
sess_1003,2026-05-20 16:01:57,ent_corp_alpha,usr_503,agt_6,"SELECT eta, carrier FROM shipments WHERE id = 5147",SELECT,shipments,382,0.8167,order_management,200
sess_1004,2026-05-19 12:23:26,ent_corp_alpha,usr_504,agt_11,"SELECT email, created_at FROM customers WHERE id = 43360",SELECT,customers,1390,0.995,report_generation,200
sess_1004,2026-05-19 12:27:13,ent_corp_alpha,usr_504,agt_11,UPDATE customers SET name = '9914' WHERE id = 7895,UPDATE,customers,863,0.9323,report_generation,200
sess_1004,2026-05-19 12:30:18,ent_corp_alpha,usr_504,agt_11,"SELECT id, region FROM customers WHERE id = 39800",SELECT,customers,203,0.7362,report_generation,200
sess_1004,2026-05-19 12:33:21,ent_corp_alpha,usr_504,agt_11,"SELECT id, status FROM orders WHERE id = 42390",SELECT,orders,1186,0.6926,report_generation,200
sess_1004,2026-05-19 12:36:54,ent_corp_alpha,usr_504,agt_11,UPDATE orders SET customer_id = '5311' WHERE id = 6778,UPDATE,orders,667,0.8408,report_generation,200
sess_1004,2026-05-19 12:37:05,ent_corp_alpha,usr_504,agt_11,"SELECT id, created_at FROM orders WHERE id = 11120",SELECT,orders,1006,0.8097,report_generation,200
sess_1004,2026-05-19 12:41:10,ent_corp_alpha,usr_504,agt_11,"SELECT region, SUM(amount) FROM customers GROUP BY region",AGGREGATION,customers,1445,0.696,report_generation,200
sess_1004,2026-05-19 12:41:12,ent_corp_alpha,usr_504,agt_11,"SELECT customer_id, month FROM billing_records WHERE id = 5004",SELECT,billing_records,40,0.7804,report_generation,200
sess_1004,2026-05-19 12:43:20,ent_corp_alpha,usr_504,agt_11,UPDATE billing_records SET month = '4469' WHERE id = 9510,UPDATE,billing_records,359,0.8151,report_generation,200
sess_1004,2026-05-19 12:44:20,ent_corp_alpha,usr_504,agt_11,"SELECT method, MAX(id) FROM billing_records GROUP BY method",AGGREGATION,billing_records,2655,0.995,report_generation,200
sess_1004,2026-05-19 12:50:33,ent_corp_alpha,usr_504,agt_11,"SELECT region, id FROM customers WHERE id = 71845",SELECT,customers,2061,0.7589,report_generation,200
sess_1004,2026-05-19 12:50:58,ent_corp_alpha,usr_504,agt_11,"SELECT customers.id, orders.id FROM customers JOIN orders ON customers.id = orders.id",JOIN,"customers,orders",1649,0.995,report_generation,200
sess_1004,2026-05-19 12:52:59,ent_corp_alpha,usr_504,agt_11,"SELECT id, name FROM products WHERE id = 66167",SELECT,products,56,0.9235,report_generation,200
sess_1004,2026-05-19 12:53:01,ent_corp_alpha,usr_504,agt_11,"SELECT products.id, customers.id FROM products JOIN customers ON products.id = customers.id",JOIN,"products,customers",648,0.7611,report_generation,200
sess_1005,2026-05-02 11:28:05,ent_nexus_beta,usr_505,agt_15,"SELECT base_salary, AVG(amount) FROM employee_salaries GROUP BY base_salary",AGGREGATION,employee_salaries,21970,0.9434,compensation_review,200
sess_1005,2026-05-02 11:30:11,ent_nexus_beta,usr_505,agt_15,"SELECT employee_id, grade FROM employee_salaries WHERE id = 6946",SELECT,employee_salaries,36,0.9511,compensation_review,200
sess_1005,2026-05-02 11:30:22,ent_nexus_beta,usr_505,agt_15,"SELECT employee_salaries.id, executive_compensation.id FROM employee_salaries JOIN executive_compensation ON employee_salaries.id = executive_compensation.id",JOIN,"employee_salaries,executive_compensation",1400,0.995,compensation_review,200
sess_1005,2026-05-02 11:32:00,ent_nexus_beta,usr_505,agt_15,"SELECT total_comp, COUNT(*) FROM executive_compensation GROUP BY total_comp",AGGREGATION,executive_compensation,12984,0.8356,compensation_review,200
sess_1005,2026-05-02 11:32:34,ent_nexus_beta,usr_505,agt_15,"SELECT employee_id, grade FROM employee_salaries WHERE id = 20691",SELECT,employee_salaries,60,0.8424,compensation_review,200
sess_1005,2026-05-02 11:34:32,ent_nexus_beta,usr_505,agt_15,"SELECT base_salary, bonus FROM employee_salaries WHERE id = 50072",SELECT,employee_salaries,961,0.547,compensation_review,200
sess_1005,2026-05-02 11:34:38,ent_nexus_beta,usr_505,agt_15,"SELECT total_comp, id FROM executive_compensation WHERE id = 47519",SELECT,executive_compensation,4642,0.9073,compensation_review,200
sess_1005,2026-05-02 11:34:42,ent_nexus_beta,usr_505,agt_15,"SELECT executive_compensation.id, employee_salaries.id FROM executive_compensation JOIN employee_salaries ON executive_compensation.id = employee_salaries.id",JOIN,"executive_compensation,employee_salaries",567,0.912,compensation_review,200
sess_1005,2026-05-02 11:35:50,ent_nexus_beta,usr_505,agt_15,"SELECT bonus, MAX(id) FROM employee_salaries GROUP BY bonus",AGGREGATION,employee_salaries,3970,0.995,compensation_review,200
sess_1005,2026-05-02 11:36:45,ent_nexus_beta,usr_505,agt_15,"SELECT employee_salaries.id, executive_compensation.id FROM employee_salaries JOIN executive_compensation ON employee_salaries.id = executive_compensation.id",JOIN,"employee_salaries,executive_compensation",307,0.995,compensation_review,200
sess_1005,2026-05-02 11:37:42,ent_nexus_beta,usr_505,agt_15,"SELECT base_salary, grade FROM employee_salaries WHERE id = 43600",SELECT,employee_salaries,10,0.8998,compensation_review,200
sess_1006,2026-05-26 02:05:08,ent_nexus_beta,usr_506,agt_1,"SELECT customer_id, amount FROM billing_records WHERE id = 35838",SELECT,billing_records,174,0.9753,sales_performance,200
sess_1006,2026-05-26 02:14:48,ent_nexus_beta,usr_506,agt_1,"SELECT customer_id, amount FROM billing_records WHERE id = 35672",SELECT,billing_records,132,0.8281,sales_performance,200
sess_1006,2026-05-26 02:20:49,ent_nexus_beta,usr_506,agt_1,"SELECT amount, id FROM orders WHERE id = 85173",SELECT,orders,146,0.8956,sales_performance,200
sess_1006,2026-05-26 02:21:09,ent_nexus_beta,usr_506,agt_1,"SELECT price, category FROM products WHERE id = 64129",SELECT,products,124,0.995,sales_performance,200
sess_1006,2026-05-26 02:22:04,ent_nexus_beta,usr_506,agt_1,"SELECT month, id FROM billing_records WHERE id = 39775",SELECT,billing_records,456,0.93,sales_performance,200
sess_1006,2026-05-26 02:22:24,ent_nexus_beta,usr_506,agt_1,"SELECT created_at, status FROM orders WHERE id = 58011",SELECT,orders,85,0.995,sales_performance,200
sess_1006,2026-05-26 02:22:59,ent_nexus_beta,usr_506,agt_1,"SELECT id, name FROM products WHERE id = 43710",SELECT,products,146,0.6591,sales_performance,200
sess_1006,2026-05-26 02:24:10,ent_nexus_beta,usr_506,agt_1,"SELECT status, amount FROM orders WHERE id = 30889",SELECT,orders,39,0.9868,sales_performance,200
sess_1006,2026-05-26 02:24:41,ent_nexus_beta,usr_506,agt_1,"SELECT price, name FROM products WHERE id = 90263",SELECT,products,343,0.9642,sales_performance,200
sess_1006,2026-05-26 02:25:22,ent_nexus_beta,usr_506,agt_1,"SELECT customer_id, created_at FROM orders WHERE id = 17364",SELECT,orders,402,0.9619,sales_performance,200
sess_1006,2026-05-26 02:28:25,ent_nexus_beta,usr_506,agt_1,"SELECT amount, status FROM orders WHERE id = 99743",SELECT,orders,86,0.9577,sales_performance,200
sess_1006,2026-05-26 02:28:45,ent_nexus_beta,usr_506,agt_1,"SELECT customer_id, id FROM billing_records WHERE id = 50209",SELECT,billing_records,77,0.7515,sales_performance,200
sess_1006,2026-05-26 02:29:09,ent_nexus_beta,usr_506,agt_1,"SELECT name, id FROM products WHERE id = 44446",SELECT,products,156,0.6326,order_management,200
sess_1006,2026-05-26 02:31:00,ent_nexus_beta,usr_506,agt_1,"SELECT customer_id, status FROM orders WHERE id = 13499",SELECT,orders,84,0.6794,billing_summary,200
sess_1006,2026-05-26 02:35:11,ent_nexus_beta,usr_506,agt_1,"SELECT bonus, employee_id FROM employee_salaries WHERE id = 53559",SELECT,employee_salaries,40,0.5283,support_triage,200
sess_1006,2026-05-26 02:40:54,ent_nexus_beta,usr_506,agt_1,"SELECT name, id FROM products WHERE id = 6530",SELECT,products,53,0.6796,report_generation,403
sess_1006,2026-05-26 02:44:40,ent_nexus_beta,usr_506,agt_1,"SELECT exec_id, year FROM executive_compensation WHERE id = 41240",SELECT,executive_compensation,72,0.5355,compensation_review,200
sess_1006,2026-05-26 02:50:39,ent_nexus_beta,usr_506,agt_1,"SELECT created_at, id FROM customers WHERE id = 35185",SELECT,customers,39,0.7948,schema_audit,200
sess_1006,2026-05-26 03:00:53,ent_nexus_beta,usr_506,agt_1,"SELECT created_at, customer_id FROM orders WHERE id = 27245",SELECT,orders,229,0.5728,system_health_check,200
sess_1006,2026-05-26 03:02:25,ent_nexus_beta,usr_506,agt_1,"SELECT id, total_comp FROM executive_compensation WHERE id = 296",SELECT,executive_compensation,111,0.561,system_health_check,200
sess_1006,2026-05-26 03:12:13,ent_nexus_beta,usr_506,agt_1,"SELECT region, name FROM customers WHERE id = 61023",SELECT,customers,367,0.8436,sales_performance,200
sess_1006,2026-05-26 03:13:23,ent_nexus_beta,usr_506,agt_1,"SELECT employee_id, base_salary FROM employee_salaries WHERE id = 90718",SELECT,employee_salaries,90,0.7303,compensation_review,200
sess_1006,2026-05-26 03:15:53,ent_nexus_beta,usr_506,agt_1,"SELECT customer_id, created_at FROM orders WHERE id = 60465",SELECT,orders,65,0.7041,report_generation,200
sess_1006,2026-05-26 03:19:06,ent_nexus_beta,usr_506,agt_1,"SELECT year, id FROM executive_compensation WHERE id = 77092",SELECT,executive_compensation,160,0.7621,schema_audit,200
sess_1006,2026-05-26 03:20:58,ent_nexus_beta,usr_506,agt_1,"SELECT total_comp, year FROM executive_compensation WHERE id = 67059",SELECT,executive_compensation,130,0.6907,customer_lookup,200
sess_1006,2026-05-26 03:22:15,ent_nexus_beta,usr_506,agt_1,"SELECT year, equity FROM executive_compensation WHERE id = 31047",SELECT,executive_compensation,133,0.7072,customer_lookup,200
sess_1006,2026-05-26 03:30:12,ent_nexus_beta,usr_506,agt_1,"SELECT year, equity FROM executive_compensation WHERE id = 98296",SELECT,executive_compensation,35,0.6752,inventory_check,200
sess_1006,2026-05-26 03:32:41,ent_nexus_beta,usr_506,agt_1,"SELECT name, category FROM products WHERE id = 6707",SELECT,products,485,0.5929,system_health_check,200
sess_1006,2026-05-26 03:35:28,ent_nexus_beta,usr_506,agt_1,"SELECT amount, month FROM billing_records WHERE id = 634",SELECT,billing_records,251,0.7589,system_health_check,200
sess_1006,2026-05-26 03:38:18,ent_nexus_beta,usr_506,agt_1,"SELECT name, region FROM customers WHERE id = 16255",SELECT,customers,54,0.6974,support_triage,200
sess_1006,2026-05-26 03:39:42,ent_nexus_beta,usr_506,agt_1,"SELECT grade, id FROM employee_salaries WHERE id = 49387",SELECT,employee_salaries,554,0.5265,customer_lookup,200
sess_1006,2026-05-26 03:44:50,ent_nexus_beta,usr_506,agt_1,"SELECT amount, id FROM orders WHERE id = 71526",SELECT,orders,96,0.6714,order_management,200
sess_1006,2026-05-26 03:45:10,ent_nexus_beta,usr_506,agt_1,"SELECT id, name FROM products WHERE id = 27697",SELECT,products,85,0.5804,compensation_review,200
sess_1006,2026-05-26 03:46:38,ent_nexus_beta,usr_506,agt_1,"SELECT year, equity FROM executive_compensation WHERE id = 89670",SELECT,executive_compensation,115,0.4841,sales_performance,200
sess_1006,2026-05-26 03:56:13,ent_nexus_beta,usr_506,agt_1,"SELECT id, created_at FROM customers WHERE id = 7426",SELECT,customers,169,0.5603,report_generation,200
sess_1006,2026-05-26 03:56:33,ent_nexus_beta,usr_506,agt_1,"SELECT id, name FROM customers WHERE id = 61241",SELECT,customers,63,0.7303,compensation_review,403
sess_1006,2026-05-26 04:03:00,ent_nexus_beta,usr_506,agt_1,"SELECT created_at, amount FROM orders WHERE id = 19562",SELECT,orders,120,0.5863,schema_audit,200
sess_1006,2026-05-26 04:07:22,ent_nexus_beta,usr_506,agt_1,"SELECT status, created_at FROM orders WHERE id = 26224",SELECT,orders,57,0.6501,billing_summary,200
sess_1006,2026-05-26 04:15:40,ent_nexus_beta,usr_506,agt_1,"SELECT price, id FROM products WHERE id = 90163",SELECT,products,903,0.419,sales_performance,200
sess_1006,2026-05-26 04:16:52,ent_nexus_beta,usr_506,agt_1,"SELECT employee_id, grade FROM employee_salaries WHERE id = 34716",SELECT,employee_salaries,182,0.641,report_generation,200
sess_1006,2026-05-26 04:18:59,ent_nexus_beta,usr_506,agt_1,"SELECT category, name FROM products WHERE id = 50341",SELECT,products,112,0.6473,payroll_processing,403
sess_1006,2026-05-26 04:24:20,ent_nexus_beta,usr_506,agt_1,"SELECT id, email FROM customers WHERE id = 55986",SELECT,customers,74,0.5886,schema_audit,200
sess_1006,2026-05-26 04:28:53,ent_nexus_beta,usr_506,agt_1,"SELECT status, amount FROM orders WHERE id = 36924",SELECT,orders,466,0.7578,system_health_check,200
sess_1006,2026-05-26 04:36:13,ent_nexus_beta,usr_506,agt_1,"SELECT equity, exec_id FROM executive_compensation WHERE id = 70335",SELECT,executive_compensation,213,0.6246,sales_performance,200
sess_1006,2026-05-26 04:50:33,ent_nexus_beta,usr_506,agt_1,"SELECT status, amount FROM orders WHERE id = 1596",SELECT,orders,106,0.7023,support_triage,200
sess_1007,2026-05-16 22:26:56,ent_corp_alpha,usr_507,agt_8,"SELECT bonus, AVG(amount) FROM employee_salaries GROUP BY bonus",AGGREGATION,employee_salaries,4678,0.7505,compensation_review,200
sess_1007,2026-05-16 22:27:22,ent_corp_alpha,usr_507,agt_8,"SELECT equity, exec_id FROM executive_compensation WHERE id = 9771",SELECT,executive_compensation,82,0.8803,compensation_review,200
sess_1007,2026-05-16 22:27:28,ent_corp_alpha,usr_507,agt_8,"SELECT id, exec_id FROM executive_compensation WHERE id = 92955",SELECT,executive_compensation,200,0.9768,compensation_review,200
sess_1007,2026-05-16 22:28:40,ent_corp_alpha,usr_507,agt_8,"SELECT exec_id, id FROM executive_compensation WHERE id = 67113",SELECT,executive_compensation,455,0.8774,compensation_review,200
sess_1007,2026-05-16 22:28:43,ent_corp_alpha,usr_507,agt_8,"SELECT id, total_comp FROM executive_compensation WHERE id = 72721",SELECT,executive_compensation,210,0.823,compensation_review,200
sess_1007,2026-05-16 22:29:29,ent_corp_alpha,usr_507,agt_8,"SELECT executive_compensation.id, employee_salaries.id FROM executive_compensation JOIN employee_salaries ON executive_compensation.id = employee_salaries.id",JOIN,"executive_compensation,employee_salaries",539,0.8587,compensation_review,200
sess_1007,2026-05-16 22:30:30,ent_corp_alpha,usr_507,agt_8,"SELECT equity, SUM(amount) FROM executive_compensation GROUP BY equity",AGGREGATION,executive_compensation,8927,0.8572,compensation_review,200
sess_1007,2026-05-16 22:31:46,ent_corp_alpha,usr_507,agt_8,"SELECT base_salary, employee_id FROM employee_salaries WHERE id = 85273",SELECT,employee_salaries,1734,0.7933,compensation_review,200
sess_1007,2026-05-16 22:32:46,ent_corp_alpha,usr_507,agt_8,"SELECT employee_id, AVG(amount) FROM employee_salaries GROUP BY employee_id",AGGREGATION,employee_salaries,2569,0.995,compensation_review,200
sess_1007,2026-05-16 22:34:44,ent_corp_alpha,usr_507,agt_8,"SELECT id, grade FROM employee_salaries WHERE id = 93111",SELECT,employee_salaries,488,0.995,compensation_review,200
sess_1007,2026-05-16 22:39:04,ent_corp_alpha,usr_507,agt_8,"SELECT total_comp, AVG(amount) FROM executive_compensation GROUP BY total_comp",AGGREGATION,executive_compensation,7833,0.8468,compensation_review,200
sess_1007,2026-05-16 22:39:42,ent_corp_alpha,usr_507,agt_8,"SELECT employee_salaries.id, executive_compensation.id FROM employee_salaries JOIN executive_compensation ON employee_salaries.id = executive_compensation.id",JOIN,"employee_salaries,executive_compensation",165,0.5837,compensation_review,200
sess_1007,2026-05-16 22:42:37,ent_corp_alpha,usr_507,agt_8,"SELECT total_comp, MAX(id) FROM executive_compensation GROUP BY total_comp",AGGREGATION,executive_compensation,2398,0.8798,compensation_review,500
sess_1007,2026-05-16 22:43:39,ent_corp_alpha,usr_507,agt_8,"SELECT grade, AVG(amount) FROM employee_salaries GROUP BY grade",AGGREGATION,employee_salaries,5296,0.9067,compensation_review,200
sess_1007,2026-05-16 22:46:21,ent_corp_alpha,usr_507,agt_8,"SELECT employee_salaries.id, executive_compensation.id FROM employee_salaries JOIN executive_compensation ON employee_salaries.id = executive_compensation.id",JOIN,"employee_salaries,executive_compensation",213,0.705,compensation_review,200
sess_1007,2026-05-16 22:48:27,ent_corp_alpha,usr_507,agt_8,"SELECT grade, id FROM employee_salaries WHERE id = 32227",SELECT,employee_salaries,2327,0.9165,compensation_review,200
sess_1008,2026-05-26 09:46:00,ent_corp_alpha,usr_508,agt_9,"SELECT region, MAX(id) FROM customers GROUP BY region",AGGREGATION,customers,18806,0.9438,order_management,200
sess_1008,2026-05-26 09:46:19,ent_corp_alpha,usr_508,agt_9,"SELECT id, name FROM customers WHERE id = 36642",SELECT,customers,2108,0.9935,order_management,200
sess_1008,2026-05-26 09:47:15,ent_corp_alpha,usr_508,agt_9,"SELECT carrier, SUM(amount) FROM shipments GROUP BY carrier",AGGREGATION,shipments,3181,0.995,order_management,403
sess_1008,2026-05-26 09:48:12,ent_corp_alpha,usr_508,agt_9,"SELECT eta, order_id FROM shipments WHERE id = 12692",SELECT,shipments,4735,0.8625,order_management,200
sess_1008,2026-05-26 09:50:07,ent_corp_alpha,usr_508,agt_9,"SELECT amount, id FROM orders WHERE id = 2189",SELECT,orders,3600,0.8649,order_management,200
sess_1008,2026-05-26 09:51:37,ent_corp_alpha,usr_508,agt_9,"SELECT region, id FROM customers WHERE id = 63674",SELECT,customers,274,0.9624,order_management,200
sess_1008,2026-05-26 09:51:40,ent_corp_alpha,usr_508,agt_9,UPDATE customers SET email = '3069' WHERE id = 8002,UPDATE,customers,81,0.9855,order_management,200
sess_1008,2026-05-26 09:54:17,ent_corp_alpha,usr_508,agt_9,"SELECT order_id, eta FROM shipments WHERE id = 24388",SELECT,shipments,585,0.8433,order_management,200
sess_1008,2026-05-26 09:59:38,ent_corp_alpha,usr_508,agt_9,"SELECT customer_id, SUM(amount) FROM orders GROUP BY customer_id",AGGREGATION,orders,4654,0.7867,order_management,200
sess_1008,2026-05-26 10:00:56,ent_corp_alpha,usr_508,agt_9,"SELECT created_at, email FROM customers WHERE id = 49273",SELECT,customers,262,0.995,order_management,200
sess_1008,2026-05-26 10:04:32,ent_corp_alpha,usr_508,agt_9,"SELECT carrier, SUM(amount) FROM shipments GROUP BY carrier",AGGREGATION,shipments,9082,0.8419,order_management,200
sess_1008,2026-05-26 10:07:05,ent_corp_alpha,usr_508,agt_9,"SELECT amount, created_at FROM orders WHERE id = 32224",SELECT,orders,943,0.9758,order_management,200
sess_1008,2026-05-26 10:11:26,ent_corp_alpha,usr_508,agt_9,"SELECT region, AVG(amount) FROM customers GROUP BY region",AGGREGATION,customers,53825,0.8973,order_management,200
sess_1009,2026-05-06 12:34:10,ent_apex_gamma,usr_509,agt_10,"SELECT id, SUM(amount) FROM orders GROUP BY id",AGGREGATION,orders,2055,0.995,billing_summary,200
sess_1009,2026-05-06 12:35:25,ent_apex_gamma,usr_509,agt_10,UPDATE customers SET region = '7758' WHERE id = 3262,UPDATE,customers,96,0.7786,billing_summary,200
sess_1009,2026-05-06 12:37:02,ent_apex_gamma,usr_509,agt_10,"SELECT customer_id, SUM(amount) FROM billing_records GROUP BY customer_id",AGGREGATION,billing_records,8437,0.8161,billing_summary,200
sess_1009,2026-05-06 12:38:34,ent_apex_gamma,usr_509,agt_10,"SELECT method, id FROM billing_records WHERE id = 81750",SELECT,billing_records,873,0.832,billing_summary,200
sess_1009,2026-05-06 12:39:16,ent_apex_gamma,usr_509,agt_10,"SELECT name, region FROM customers WHERE id = 89595",SELECT,customers,1377,0.9487,billing_summary,200
sess_1009,2026-05-06 12:39:47,ent_apex_gamma,usr_509,agt_10,"SELECT email, region FROM customers WHERE id = 40535",SELECT,customers,365,0.9601,billing_summary,200
sess_1009,2026-05-06 12:40:16,ent_apex_gamma,usr_509,agt_10,"SELECT customer_id, COUNT(*) FROM billing_records GROUP BY customer_id",AGGREGATION,billing_records,56816,0.8663,billing_summary,200
sess_1009,2026-05-06 12:40:45,ent_apex_gamma,usr_509,agt_10,"SELECT method, MAX(id) FROM billing_records GROUP BY method",AGGREGATION,billing_records,14372,0.8128,billing_summary,200
sess_1009,2026-05-06 12:42:36,ent_apex_gamma,usr_509,agt_10,"SELECT created_at, customer_id FROM orders WHERE id = 49918",SELECT,orders,2772,0.8226,billing_summary,200
sess_1009,2026-05-06 12:43:20,ent_apex_gamma,usr_509,agt_10,"SELECT status, customer_id FROM orders WHERE id = 4431",SELECT,orders,1544,0.995,billing_summary,200
sess_1009,2026-05-06 12:44:32,ent_apex_gamma,usr_509,agt_10,"SELECT month, customer_id FROM billing_records WHERE id = 12959",SELECT,billing_records,90,0.8312,billing_summary,200
sess_1009,2026-05-06 12:47:34,ent_apex_gamma,usr_509,agt_10,"SELECT email, name FROM customers WHERE id = 7277",SELECT,customers,2449,0.9002,billing_summary,200
sess_1009,2026-05-06 12:50:41,ent_apex_gamma,usr_509,agt_10,"SELECT customers.id, orders.id FROM customers JOIN orders ON customers.id = orders.id",JOIN,"customers,orders",4552,0.9104,billing_summary,200
sess_1009,2026-05-06 12:50:52,ent_apex_gamma,usr_509,agt_10,"SELECT name, region FROM customers WHERE id = 65958",SELECT,customers,3485,0.8113,billing_summary,200
sess_1009,2026-05-06 12:51:10,ent_apex_gamma,usr_509,agt_10,"SELECT month, customer_id FROM billing_records WHERE id = 58477",SELECT,billing_records,192,0.8595,billing_summary,200
sess_1010,2026-05-22 12:12:18,ent_nexus_beta,usr_510,agt_3,"SELECT id, SUM(amount) FROM orders GROUP BY id",AGGREGATION,orders,21748,0.995,customer_lookup,200
sess_1010,2026-05-22 12:12:53,ent_nexus_beta,usr_510,agt_3,"SELECT amount, id FROM orders WHERE id = 91659",SELECT,orders,160,0.8002,customer_lookup,200
sess_1010,2026-05-22 12:14:31,ent_nexus_beta,usr_510,agt_3,"SELECT customer_id, id FROM support_tickets WHERE id = 75092",SELECT,support_tickets,282,0.9473,customer_lookup,200
sess_1010,2026-05-22 12:14:53,ent_nexus_beta,usr_510,agt_3,"SELECT id, SUM(amount) FROM customers GROUP BY id",AGGREGATION,customers,2008,0.8372,customer_lookup,200
sess_1010,2026-05-22 12:15:32,ent_nexus_beta,usr_510,agt_3,"SELECT customer_id, subject FROM support_tickets WHERE id = 28990",SELECT,support_tickets,519,0.8599,customer_lookup,500
sess_1010,2026-05-22 12:20:41,ent_nexus_beta,usr_510,agt_3,"SELECT subject, status FROM support_tickets WHERE id = 92606",SELECT,support_tickets,356,0.995,customer_lookup,200
sess_1010,2026-05-22 12:21:04,ent_nexus_beta,usr_510,agt_3,"SELECT email, id FROM customers WHERE id = 13631",SELECT,customers,470,0.8149,customer_lookup,200
sess_1010,2026-05-22 12:23:52,ent_nexus_beta,usr_510,agt_3,"SELECT status, subject FROM support_tickets WHERE id = 49203",SELECT,support_tickets,2219,0.6024,customer_lookup,200
sess_1010,2026-05-22 12:25:47,ent_nexus_beta,usr_510,agt_3,"SELECT created_at, region FROM customers WHERE id = 85371",SELECT,customers,175,0.9731,customer_lookup,200
sess_1010,2026-05-22 12:26:22,ent_nexus_beta,usr_510,agt_3,"SELECT created_at, amount FROM orders WHERE id = 48481",SELECT,orders,269,0.995,customer_lookup,200
sess_1010,2026-05-22 12:26:24,ent_nexus_beta,usr_510,agt_3,"SELECT status, subject FROM support_tickets WHERE id = 45311",SELECT,support_tickets,491,0.8086,customer_lookup,200
sess_1010,2026-05-22 12:27:27,ent_nexus_beta,usr_510,agt_3,"SELECT customer_id, priority FROM support_tickets WHERE id = 72228",SELECT,support_tickets,1197,0.9382,customer_lookup,200
sess_1010,2026-05-22 12:27:50,ent_nexus_beta,usr_510,agt_3,"SELECT created_at, id FROM customers WHERE id = 26745",SELECT,customers,93,0.9098,customer_lookup,200
sess_1010,2026-05-22 12:29:21,ent_nexus_beta,usr_510,agt_3,"SELECT id, created_at FROM customers WHERE id = 89084",SELECT,customers,1812,0.6448,customer_lookup,200
sess_1011,2026-05-07 12:15:00,ent_corp_alpha,usr_511,agt_10,"SELECT priority, status FROM support_tickets WHERE id = 31825",SELECT,support_tickets,705,0.995,support_triage,200
sess_1011,2026-05-07 12:16:02,ent_corp_alpha,usr_511,agt_10,"SELECT customer_id, priority FROM support_tickets WHERE id = 79535",SELECT,support_tickets,95,0.9534,support_triage,200
sess_1011,2026-05-07 12:16:25,ent_corp_alpha,usr_511,agt_10,"SELECT id, subject FROM support_tickets WHERE id = 29875",SELECT,support_tickets,491,0.9027,support_triage,200
sess_1011,2026-05-07 12:18:48,ent_corp_alpha,usr_511,agt_10,"SELECT customers.id, support_tickets.id FROM customers JOIN support_tickets ON customers.id = support_tickets.id",JOIN,"customers,support_tickets",492,0.8164,support_triage,200
sess_1011,2026-05-07 12:19:04,ent_corp_alpha,usr_511,agt_10,"SELECT id, created_at FROM orders WHERE id = 53860",SELECT,orders,303,0.995,support_triage,200
sess_1011,2026-05-07 12:19:45,ent_corp_alpha,usr_511,agt_10,"SELECT support_tickets.id, orders.id FROM support_tickets JOIN orders ON support_tickets.id = orders.id",JOIN,"support_tickets,orders",799,0.995,support_triage,200
sess_1011,2026-05-07 12:21:44,ent_corp_alpha,usr_511,agt_10,"SELECT amount, id FROM orders WHERE id = 9329",SELECT,orders,521,0.6701,support_triage,200
sess_1012,2026-05-10 13:35:24,ent_apex_gamma,usr_512,agt_7,"SELECT email, id FROM customers WHERE id = 37073",SELECT,customers,1817,0.8604,order_management,200
sess_1012,2026-05-10 13:38:28,ent_apex_gamma,usr_512,agt_7,"SELECT customer_id, COUNT(*) FROM orders GROUP BY customer_id",AGGREGATION,orders,4052,0.8493,order_management,200
sess_1012,2026-05-10 13:40:12,ent_apex_gamma,usr_512,agt_7,"SELECT amount, status FROM orders WHERE id = 78916",SELECT,orders,2649,0.9001,order_management,200
sess_1012,2026-05-10 13:41:07,ent_apex_gamma,usr_512,agt_7,"SELECT amount, status FROM orders WHERE id = 41523",SELECT,orders,1319,0.7953,order_management,200
sess_1012,2026-05-10 13:45:10,ent_apex_gamma,usr_512,agt_7,UPDATE shipments SET carrier = '1398' WHERE id = 8924,UPDATE,shipments,323,0.971,order_management,200
sess_1012,2026-05-10 13:46:16,ent_apex_gamma,usr_512,agt_7,"SELECT amount, SUM(amount) FROM orders GROUP BY amount",AGGREGATION,orders,4455,0.958,order_management,200
sess_1012,2026-05-10 13:48:41,ent_apex_gamma,usr_512,agt_7,"SELECT created_at, email FROM customers WHERE id = 60558",SELECT,customers,232,0.7151,order_management,200
sess_1012,2026-05-10 13:48:48,ent_apex_gamma,usr_512,agt_7,"SELECT status, created_at FROM orders WHERE id = 5433",SELECT,orders,372,0.8631,order_management,200
sess_1012,2026-05-10 13:49:07,ent_apex_gamma,usr_512,agt_7,"SELECT id, order_id FROM shipments WHERE id = 12373",SELECT,shipments,656,0.9281,order_management,200
sess_1012,2026-05-10 13:49:33,ent_apex_gamma,usr_512,agt_7,"SELECT eta, id FROM shipments WHERE id = 7856",SELECT,shipments,232,0.8487,order_management,200
sess_1012,2026-05-10 13:51:48,ent_apex_gamma,usr_512,agt_7,UPDATE shipments SET carrier = '5584' WHERE id = 7393,UPDATE,shipments,77,0.8571,order_management,200
sess_1012,2026-05-10 13:53:29,ent_apex_gamma,usr_512,agt_7,"SELECT customer_id, COUNT(*) FROM orders GROUP BY customer_id",AGGREGATION,orders,7772,0.915,order_management,200
sess_1012,2026-05-10 13:54:51,ent_apex_gamma,usr_512,agt_7,UPDATE customers SET created_at = '3728' WHERE id = 5132,UPDATE,customers,381,0.8693,order_management,200
sess_1012,2026-05-10 13:55:17,ent_apex_gamma,usr_512,agt_7,"SELECT id, email FROM customers WHERE id = 29343",SELECT,customers,97,0.956,order_management,200
sess_1012,2026-05-10 13:56:20,ent_apex_gamma,usr_512,agt_7,"SELECT order_id, COUNT(*) FROM shipments GROUP BY order_id",AGGREGATION,shipments,12327,0.9143,order_management,200
sess_1012,2026-05-10 13:58:35,ent_apex_gamma,usr_512,agt_7,"SELECT region, id FROM customers WHERE id = 60515",SELECT,customers,265,0.9207,order_management,200
sess_1013,2026-05-26 07:01:28,ent_apex_gamma,usr_513,agt_10,"SELECT customer_id, COUNT(*) FROM support_tickets GROUP BY customer_id",AGGREGATION,support_tickets,14046,0.995,customer_lookup,200
sess_1013,2026-05-26 07:03:01,ent_apex_gamma,usr_513,agt_10,UPDATE orders SET id = '7027' WHERE id = 2751,UPDATE,orders,3840,0.856,customer_lookup,200
sess_1013,2026-05-26 07:03:30,ent_apex_gamma,usr_513,agt_10,"SELECT subject, priority FROM support_tickets WHERE id = 28783",SELECT,support_tickets,1412,0.8464,customer_lookup,200
sess_1013,2026-05-26 07:04:01,ent_apex_gamma,usr_513,agt_10,"SELECT email, SUM(amount) FROM customers GROUP BY email",AGGREGATION,customers,2430,0.6709,customer_lookup,200
sess_1013,2026-05-26 07:06:35,ent_apex_gamma,usr_513,agt_10,"SELECT priority, subject FROM support_tickets WHERE id = 99485",SELECT,support_tickets,534,0.8491,customer_lookup,200
sess_1013,2026-05-26 07:07:28,ent_apex_gamma,usr_513,agt_10,"SELECT created_at, region FROM customers WHERE id = 85463",SELECT,customers,145,0.6985,customer_lookup,200
sess_1013,2026-05-26 07:09:17,ent_apex_gamma,usr_513,agt_10,"SELECT id, status FROM orders WHERE id = 96444",SELECT,orders,1572,0.9116,customer_lookup,200
sess_1014,2026-05-05 07:22:17,ent_corp_alpha,usr_514,agt_4,"SELECT id, category FROM products WHERE id = 18581",SELECT,products,226,0.9742,report_generation,200
sess_1014,2026-05-05 07:22:58,ent_corp_alpha,usr_514,agt_4,"SELECT customers.id, billing_records.id FROM customers JOIN billing_records ON customers.id = billing_records.id",JOIN,"customers,billing_records",459,0.8315,report_generation,200
sess_1014,2026-05-05 07:23:07,ent_corp_alpha,usr_514,agt_4,"SELECT region, id FROM customers WHERE id = 46990",SELECT,customers,420,0.995,report_generation,200
sess_1014,2026-05-05 07:31:45,ent_corp_alpha,usr_514,agt_4,"SELECT id, name FROM products WHERE id = 45503",SELECT,products,1266,0.6915,sales_performance,200
sess_1014,2026-05-05 07:35:42,ent_corp_alpha,usr_514,agt_4,"SELECT month, customer_id FROM billing_records WHERE id = 43149",SELECT,billing_records,1529,0.8793,report_generation,200
sess_1014,2026-05-05 07:35:51,ent_corp_alpha,usr_514,agt_4,"SELECT created_at, id FROM customers WHERE id = 74627",SELECT,customers,245,0.995,report_generation,200
sess_1014,2026-05-05 07:36:23,ent_corp_alpha,usr_514,agt_4,"SELECT id, employee_id FROM employee_salaries WHERE id = 60641",SELECT,employee_salaries,39,0.8496,compensation_review,200
sess_1014,2026-05-05 07:36:50,ent_corp_alpha,usr_514,agt_4,"SELECT customers.id, billing_records.id FROM customers JOIN billing_records ON customers.id = billing_records.id",JOIN,"customers,billing_records",446,0.677,report_generation,200
sess_1014,2026-05-05 07:37:13,ent_corp_alpha,usr_514,agt_4,"SELECT grade, base_salary FROM employee_salaries WHERE id = 67304",SELECT,employee_salaries,1365,0.8477,payroll_processing,200
sess_1014,2026-05-05 07:41:39,ent_corp_alpha,usr_514,agt_4,"SELECT status, id FROM orders WHERE id = 16693",SELECT,orders,6537,0.7726,report_generation,200
sess_1014,2026-05-05 07:43:57,ent_corp_alpha,usr_514,agt_4,"SELECT customers.id, products.id FROM customers JOIN products ON customers.id = products.id",JOIN,"customers,products",1447,0.9397,report_generation,200
sess_1014,2026-05-05 07:45:21,ent_corp_alpha,usr_514,agt_4,"SELECT name, id FROM products WHERE id = 58730",SELECT,products,9969,0.9333,report_generation,200
sess_1014,2026-05-05 07:47:18,ent_corp_alpha,usr_514,agt_4,"SELECT month, method FROM billing_records WHERE id = 98685",SELECT,billing_records,651,0.928,report_generation,200
sess_1014,2026-05-05 07:47:33,ent_corp_alpha,usr_514,agt_4,"SELECT orders.id, customers.id FROM orders JOIN customers ON orders.id = customers.id",JOIN,"orders,customers",4618,0.9018,report_generation,200
sess_1014,2026-05-05 07:48:26,ent_corp_alpha,usr_514,agt_4,"SELECT created_at, customer_id FROM orders WHERE id = 24690",SELECT,orders,894,0.7589,report_generation,200
sess_1015,2026-05-03 11:16:54,ent_nexus_beta,usr_515,agt_14,"SELECT information_schema.columns.id, inventory.id FROM information_schema.columns JOIN inventory ON information_schema.columns.id = inventory.id",JOIN,"information_schema.columns,inventory",46,0.62,payroll_processing,200
sess_1015,2026-05-03 11:16:56,ent_nexus_beta,usr_515,agt_14,"SELECT carrier, AVG(amount) FROM shipments GROUP BY carrier",AGGREGATION,shipments,4135,0.5973,system_health_check,200
sess_1015,2026-05-03 11:19:18,ent_nexus_beta,usr_515,agt_14,CREATE INDEX idx_45 ON audit_log (id),DDL,audit_log,51,0.4255,order_management,200
sess_1015,2026-05-03 11:19:59,ent_nexus_beta,usr_515,agt_14,UPDATE audit_log SET id = '4651' WHERE id = 2317,UPDATE,audit_log,2560,0.5856,order_management,200
sess_1015,2026-05-03 11:20:02,ent_nexus_beta,usr_515,agt_14,"SELECT data_type, MAX(id) FROM information_schema.columns GROUP BY data_type",AGGREGATION,information_schema.columns,2125,0.6122,report_generation,200
sess_1015,2026-05-03 11:20:08,ent_nexus_beta,usr_515,agt_14,"SELECT priority, AVG(amount) FROM support_tickets GROUP BY priority",AGGREGATION,support_tickets,3110,0.5103,support_triage,200
sess_1015,2026-05-03 11:20:11,ent_nexus_beta,usr_515,agt_14,"SELECT page_views.id, customer_pii.id FROM page_views JOIN customer_pii ON page_views.id = customer_pii.id",JOIN,"page_views,customer_pii",62,0.5161,order_management,200
sess_1015,2026-05-03 11:21:23,ent_nexus_beta,usr_515,agt_14,"SELECT created_at, AVG(amount) FROM customers GROUP BY created_at",AGGREGATION,customers,6627,0.4994,compensation_review,200
sess_1015,2026-05-03 11:21:28,ent_nexus_beta,usr_515,agt_14,"SELECT actor, MAX(id) FROM audit_log GROUP BY actor",AGGREGATION,audit_log,1213,0.8028,system_health_check,200
sess_1015,2026-05-03 11:23:15,ent_nexus_beta,usr_515,agt_14,"SELECT secret_hash, rotated_at FROM system_credentials WHERE id = 51698",SELECT,system_credentials,75,0.5043,sales_performance,200
sess_1015,2026-05-03 11:24:04,ent_nexus_beta,usr_515,agt_14,ALTER TABLE page_views ADD COLUMN flag_30 BOOLEAN,DDL,page_views,851,0.6707,sales_performance,200
sess_1015,2026-05-03 11:25:50,ent_nexus_beta,usr_515,agt_14,"SELECT shipments.id, page_views.id FROM shipments JOIN page_views ON shipments.id = page_views.id",JOIN,"shipments,page_views",3695,0.6602,system_health_check,500
sess_1015,2026-05-03 11:25:58,ent_nexus_beta,usr_515,agt_14,UPDATE inventory SET stock = '1812' WHERE id = 2447,UPDATE,inventory,445,0.6098,customer_lookup,200
sess_1015,2026-05-03 11:26:36,ent_nexus_beta,usr_515,agt_14,ALTER TABLE page_views ADD COLUMN flag_77 BOOLEAN,DDL,page_views,89,0.6676,payroll_processing,200
sess_1015,2026-05-03 11:27:14,ent_nexus_beta,usr_515,agt_14,ALTER TABLE information_schema.columns ADD COLUMN flag_75 BOOLEAN,DDL,information_schema.columns,2115,0.43,support_triage,200
sess_1015,2026-05-03 11:30:11,ent_nexus_beta,usr_515,agt_14,"SELECT ts, target FROM audit_log WHERE id = 74276",SELECT,audit_log,17076,0.5861,billing_summary,200
sess_1015,2026-05-03 11:31:07,ent_nexus_beta,usr_515,agt_14,"SELECT order_id, COUNT(*) FROM shipments GROUP BY order_id",AGGREGATION,shipments,1536,0.4699,inventory_check,200
sess_1015,2026-05-03 11:31:09,ent_nexus_beta,usr_515,agt_14,UPDATE information_schema.columns SET data_type = '1209' WHERE id = 9144,UPDATE,information_schema.columns,10802,0.4575,sales_performance,200
sess_1016,2026-04-28 15:08:57,ent_corp_alpha,usr_516,agt_2,"SELECT created_at, COUNT(*) FROM customers GROUP BY created_at",AGGREGATION,customers,11575,0.995,order_management,200
sess_1016,2026-04-28 15:11:51,ent_corp_alpha,usr_516,agt_2,"SELECT id, status FROM orders WHERE id = 50442",SELECT,orders,296,0.9087,order_management,200
sess_1016,2026-04-28 15:13:58,ent_corp_alpha,usr_516,agt_2,"SELECT eta, order_id FROM shipments WHERE id = 25290",SELECT,shipments,71,0.8919,order_management,200
sess_1016,2026-04-28 15:14:09,ent_corp_alpha,usr_516,agt_2,"SELECT created_at, id FROM customers WHERE id = 32846",SELECT,customers,321,0.7351,order_management,200
sess_1016,2026-04-28 15:16:13,ent_corp_alpha,usr_516,agt_2,"SELECT shipments.id, orders.id FROM shipments JOIN orders ON shipments.id = orders.id",JOIN,"shipments,orders",452,0.8211,order_management,200
sess_1016,2026-04-28 15:17:27,ent_corp_alpha,usr_516,agt_2,UPDATE orders SET id = '5613' WHERE id = 2018,UPDATE,orders,111,0.995,order_management,200
sess_1016,2026-04-28 15:18:25,ent_corp_alpha,usr_516,agt_2,"SELECT id, name FROM customers WHERE id = 71256",SELECT,customers,197,0.9097,order_management,200
sess_1016,2026-04-28 15:19:26,ent_corp_alpha,usr_516,agt_2,"SELECT customer_id, created_at FROM orders WHERE id = 1470",SELECT,orders,693,0.995,order_management,200
sess_1016,2026-04-28 15:22:18,ent_corp_alpha,usr_516,agt_2,"SELECT id, carrier FROM shipments WHERE id = 45514",SELECT,shipments,2123,0.7942,order_management,200
sess_1016,2026-04-28 15:23:02,ent_corp_alpha,usr_516,agt_2,"SELECT region, id FROM customers WHERE id = 62574",SELECT,customers,1423,0.8077,order_management,200
sess_1016,2026-04-28 15:25:21,ent_corp_alpha,usr_516,agt_2,"SELECT shipments.id, customers.id FROM shipments JOIN customers ON shipments.id = customers.id",JOIN,"shipments,customers",1331,0.8936,order_management,200
sess_1016,2026-04-28 15:26:37,ent_corp_alpha,usr_516,agt_2,"SELECT shipments.id, orders.id FROM shipments JOIN orders ON shipments.id = orders.id",JOIN,"shipments,orders",816,0.9256,order_management,200
sess_1016,2026-04-28 15:26:48,ent_corp_alpha,usr_516,agt_2,"SELECT name, COUNT(*) FROM customers GROUP BY name",AGGREGATION,customers,1073,0.8358,order_management,200
sess_1016,2026-04-28 15:27:09,ent_corp_alpha,usr_516,agt_2,UPDATE shipments SET eta = '7257' WHERE id = 3445,UPDATE,shipments,118,0.8157,order_management,200
sess_1016,2026-04-28 15:29:34,ent_corp_alpha,usr_516,agt_2,"SELECT id, status FROM orders WHERE id = 16490",SELECT,orders,1433,0.9104,order_management,200
sess_1016,2026-04-28 15:29:36,ent_corp_alpha,usr_516,agt_2,UPDATE orders SET id = '1231' WHERE id = 9708,UPDATE,orders,319,0.7516,order_management,200
sess_1016,2026-04-28 15:29:48,ent_corp_alpha,usr_516,agt_2,"SELECT id, created_at FROM orders WHERE id = 55470",SELECT,orders,1481,0.7472,order_management,200
sess_1016,2026-04-28 15:32:39,ent_corp_alpha,usr_516,agt_2,UPDATE customers SET id = '6630' WHERE id = 3934,UPDATE,customers,283,0.763,order_management,200
sess_1016,2026-04-28 15:34:37,ent_corp_alpha,usr_516,agt_2,"SELECT region, id FROM customers WHERE id = 74031",SELECT,customers,389,0.8657,order_management,200
sess_1017,2026-05-25 23:25:29,ent_nexus_beta,usr_517,agt_10,"SELECT orders.id, shipments.id FROM orders JOIN shipments ON orders.id = shipments.id",JOIN,"orders,shipments",2281,0.84,order_management,200
sess_1017,2026-05-25 23:27:05,ent_nexus_beta,usr_517,agt_10,"SELECT id, amount FROM orders WHERE id = 54060",SELECT,orders,244,0.9502,order_management,200
sess_1017,2026-05-25 23:29:10,ent_nexus_beta,usr_517,agt_10,"SELECT id, MAX(id) FROM orders GROUP BY id",AGGREGATION,orders,4152,0.995,order_management,200
sess_1017,2026-05-25 23:30:30,ent_nexus_beta,usr_517,agt_10,"SELECT carrier, SUM(amount) FROM shipments GROUP BY carrier",AGGREGATION,shipments,4767,0.8692,order_management,200
sess_1017,2026-05-25 23:31:22,ent_nexus_beta,usr_517,agt_10,"SELECT region, id FROM customers WHERE id = 22495",SELECT,customers,330,0.995,order_management,200
sess_1017,2026-05-25 23:34:43,ent_nexus_beta,usr_517,agt_10,UPDATE shipments SET carrier = '7972' WHERE id = 4065,UPDATE,shipments,16,0.9578,order_management,200
sess_1017,2026-05-25 23:35:06,ent_nexus_beta,usr_517,agt_10,"SELECT id, COUNT(*) FROM shipments GROUP BY id",AGGREGATION,shipments,886,0.8841,order_management,200
sess_1017,2026-05-25 23:36:10,ent_nexus_beta,usr_517,agt_10,"SELECT customers.id, orders.id FROM customers JOIN orders ON customers.id = orders.id",JOIN,"customers,orders",242,0.7465,order_management,200
sess_1017,2026-05-25 23:40:22,ent_nexus_beta,usr_517,agt_10,"SELECT status, customer_id FROM orders WHERE id = 35342",SELECT,orders,340,0.9675,order_management,200
sess_1017,2026-05-25 23:40:35,ent_nexus_beta,usr_517,agt_10,"SELECT email, region FROM customers WHERE id = 32891",SELECT,customers,1117,0.8338,order_management,200
sess_1017,2026-05-25 23:42:00,ent_nexus_beta,usr_517,agt_10,"SELECT id, AVG(amount) FROM orders GROUP BY id",AGGREGATION,orders,3291,0.995,order_management,200
sess_1018,2026-05-10 14:03:16,ent_nexus_beta,usr_518,agt_14,"SELECT created_at, status FROM orders WHERE id = 36182",SELECT,orders,201,0.9337,report_generation,200
sess_1018,2026-05-10 14:09:59,ent_nexus_beta,usr_518,agt_14,"SELECT created_at, id FROM orders WHERE id = 31284",SELECT,orders,197,0.66,report_generation,200
sess_1018,2026-05-10 14:21:16,ent_nexus_beta,usr_518,agt_14,"SELECT region, created_at FROM customers WHERE id = 2594",SELECT,customers,294,0.995,report_generation,200
sess_1018,2026-05-10 14:22:57,ent_nexus_beta,usr_518,agt_14,"SELECT created_at, id FROM orders WHERE id = 21299",SELECT,orders,317,0.8358,report_generation,200
sess_1018,2026-05-10 14:25:30,ent_nexus_beta,usr_518,agt_14,"SELECT customer_id, id FROM orders WHERE id = 99226",SELECT,orders,928,0.748,report_generation,200
sess_1018,2026-05-10 14:25:50,ent_nexus_beta,usr_518,agt_14,"SELECT region, name FROM customers WHERE id = 81463",SELECT,customers,804,0.6753,report_generation,200
sess_1018,2026-05-10 14:31:41,ent_nexus_beta,usr_518,agt_14,"SELECT id, customer_id FROM orders WHERE id = 61125",SELECT,orders,113,0.9087,report_generation,200
sess_1018,2026-05-10 14:32:01,ent_nexus_beta,usr_518,agt_14,"SELECT email, id FROM customers WHERE id = 4320",SELECT,customers,312,0.8186,report_generation,200
sess_1018,2026-05-10 14:32:21,ent_nexus_beta,usr_518,agt_14,"SELECT customer_id, id FROM billing_records WHERE id = 11099",SELECT,billing_records,202,0.9386,report_generation,200
sess_1018,2026-05-10 14:35:20,ent_nexus_beta,usr_518,agt_14,"SELECT amount, id FROM billing_records WHERE id = 85883",SELECT,billing_records,44,0.8926,report_generation,200
sess_1018,2026-05-10 14:40:39,ent_nexus_beta,usr_518,agt_14,"SELECT amount, created_at FROM orders WHERE id = 53330",SELECT,orders,192,0.9863,report_generation,200
sess_1018,2026-05-10 14:42:24,ent_nexus_beta,usr_518,agt_14,"SELECT id, role FROM users WHERE id = 80246",SELECT,users,42,0.5657,sales_performance,200
sess_1018,2026-05-10 14:47:58,ent_nexus_beta,usr_518,agt_14,"SELECT role, last_login FROM users WHERE id = 61396",SELECT,users,141,0.4876,payroll_processing,200
sess_1018,2026-05-10 14:48:48,ent_nexus_beta,usr_518,agt_14,"SELECT method, id FROM billing_records WHERE id = 29252",SELECT,billing_records,172,0.4473,order_management,200
sess_1018,2026-05-10 15:00:01,ent_nexus_beta,usr_518,agt_14,"SELECT row_count, table_name FROM information_schema.tables WHERE id = 74162",SELECT,information_schema.tables,89,0.5075,customer_lookup,200
sess_1018,2026-05-10 15:05:35,ent_nexus_beta,usr_518,agt_14,"SELECT table_schema, row_count FROM information_schema.tables WHERE id = 61111",SELECT,information_schema.tables,234,0.6666,billing_summary,200
sess_1018,2026-05-10 15:07:37,ent_nexus_beta,usr_518,agt_14,"SELECT name, email FROM customers WHERE id = 47202",SELECT,customers,136,0.5726,customer_lookup,200
sess_1018,2026-05-10 15:07:57,ent_nexus_beta,usr_518,agt_14,"SELECT equity, year FROM executive_compensation WHERE id = 21875",SELECT,executive_compensation,243,0.6706,billing_summary,200
sess_1018,2026-05-10 15:11:56,ent_nexus_beta,usr_518,agt_14,"SELECT table_name, data_type FROM information_schema.columns WHERE id = 36153",SELECT,information_schema.columns,124,0.5555,billing_summary,200
sess_1018,2026-05-10 15:12:16,ent_nexus_beta,usr_518,agt_14,"SELECT table_name, column_name FROM information_schema.columns WHERE id = 66113",SELECT,information_schema.columns,107,0.6642,report_generation,200
sess_1018,2026-05-10 15:16:19,ent_nexus_beta,usr_518,agt_14,"SELECT id, name FROM products WHERE id = 32098",SELECT,products,87,0.3817,sales_performance,200
sess_1018,2026-05-10 15:21:19,ent_nexus_beta,usr_518,agt_14,"SELECT secret_hash, id FROM system_credentials WHERE id = 77347",SELECT,system_credentials,120,0.4807,order_management,200
sess_1018,2026-05-10 15:22:20,ent_nexus_beta,usr_518,agt_14,"SELECT id, eta FROM shipments WHERE id = 5498",SELECT,shipments,205,0.6237,customer_lookup,200
sess_1018,2026-05-10 15:24:52,ent_nexus_beta,usr_518,agt_14,"SELECT customer_id, month FROM billing_records WHERE id = 3823",SELECT,billing_records,112,0.8267,compensation_review,200
sess_1018,2026-05-10 15:32:27,ent_nexus_beta,usr_518,agt_14,"SELECT dob, ssn FROM customer_pii WHERE id = 58544",SELECT,customer_pii,151,0.5269,payroll_processing,200
sess_1018,2026-05-10 15:50:20,ent_nexus_beta,usr_518,agt_14,"SELECT created_at, amount FROM orders WHERE id = 30703",SELECT,orders,328,0.3713,payroll_processing,200
sess_1018,2026-05-10 16:03:04,ent_nexus_beta,usr_518,agt_14,"SELECT name, id FROM products WHERE id = 19358",SELECT,products,295,0.4974,report_generation,200
sess_1018,2026-05-10 16:05:45,ent_nexus_beta,usr_518,agt_14,"SELECT id, equity FROM executive_compensation WHERE id = 85493",SELECT,executive_compensation,85,0.5892,order_management,200
sess_1018,2026-05-10 16:06:58,ent_nexus_beta,usr_518,agt_14,"SELECT secret_hash, id FROM system_credentials WHERE id = 36289",SELECT,system_credentials,360,0.6237,inventory_check,200
sess_1018,2026-05-10 16:08:18,ent_nexus_beta,usr_518,agt_14,"SELECT rotated_at, service FROM system_credentials WHERE id = 61273",SELECT,system_credentials,115,0.6216,compensation_review,200
sess_1018,2026-05-10 16:08:38,ent_nexus_beta,usr_518,agt_14,"SELECT dob, id FROM customer_pii WHERE id = 39634",SELECT,customer_pii,76,0.705,payroll_processing,500
sess_1018,2026-05-10 16:08:58,ent_nexus_beta,usr_518,agt_14,"SELECT warehouse, id FROM inventory WHERE id = 97927",SELECT,inventory,160,0.7009,schema_audit,500
sess_1018,2026-05-10 16:09:18,ent_nexus_beta,usr_518,agt_14,"SELECT table_name, table_schema FROM information_schema.tables WHERE id = 46810",SELECT,information_schema.tables,333,0.5294,sales_performance,200
sess_1018,2026-05-10 16:10:32,ent_nexus_beta,usr_518,agt_14,"SELECT equity, total_comp FROM executive_compensation WHERE id = 90036",SELECT,executive_compensation,271,0.6462,payroll_processing,200
sess_1018,2026-05-10 16:13:34,ent_nexus_beta,usr_518,agt_14,"SELECT category, id FROM products WHERE id = 36809",SELECT,products,41,0.63,billing_summary,200
sess_1018,2026-05-10 16:15:41,ent_nexus_beta,usr_518,agt_14,"SELECT name, id FROM products WHERE id = 28614",SELECT,products,138,0.5852,order_management,200
sess_1018,2026-05-10 16:17:54,ent_nexus_beta,usr_518,agt_14,"SELECT action, ts FROM audit_log WHERE id = 22739",SELECT,audit_log,55,0.4893,order_management,200
sess_1018,2026-05-10 16:18:14,ent_nexus_beta,usr_518,agt_14,"SELECT ssn, dob FROM customer_pii WHERE id = 33805",SELECT,customer_pii,77,0.5698,schema_audit,200
sess_1018,2026-05-10 16:18:41,ent_nexus_beta,usr_518,agt_14,"SELECT id, role FROM users WHERE id = 27535",SELECT,users,303,0.6728,schema_audit,200
sess_1018,2026-05-10 16:29:11,ent_nexus_beta,usr_518,agt_14,"SELECT service, rotated_at FROM system_credentials WHERE id = 72626",SELECT,system_credentials,58,0.478,payroll_processing,500
sess_1018,2026-05-10 16:30:58,ent_nexus_beta,usr_518,agt_14,"SELECT amount, month FROM billing_records WHERE id = 41629",SELECT,billing_records,118,0.6165,order_management,200
sess_1018,2026-05-10 16:31:23,ent_nexus_beta,usr_518,agt_14,"SELECT customer_id, id FROM support_tickets WHERE id = 64410",SELECT,support_tickets,285,0.6956,payroll_processing,200
sess_1019,2026-05-14 02:19:33,ent_nexus_beta,usr_519,agt_2,"SELECT month, amount FROM billing_records WHERE id = 9947",SELECT,billing_records,112,0.9753,report_generation,200
sess_1019,2026-05-14 02:24:02,ent_nexus_beta,usr_519,agt_2,"SELECT name, id FROM products WHERE id = 82553",SELECT,products,368,0.8356,report_generation,200
sess_1019,2026-05-14 02:25:28,ent_nexus_beta,usr_519,agt_2,"SELECT billing_records.id, orders.id FROM billing_records JOIN orders ON billing_records.id = orders.id",JOIN,"billing_records,orders",1732,0.995,report_generation,200
sess_1019,2026-05-14 02:27:21,ent_nexus_beta,usr_519,agt_2,"SELECT status, id FROM orders WHERE id = 37171",SELECT,orders,262,0.9385,report_generation,200
sess_1019,2026-05-14 02:28:28,ent_nexus_beta,usr_519,agt_2,"SELECT id, ts FROM page_views WHERE id = 66099",SELECT,page_views,8354,0.7449,system_health_check,200
sess_1019,2026-05-14 02:32:00,ent_nexus_beta,usr_519,agt_2,"SELECT id, name FROM products WHERE id = 17676",SELECT,products,554,0.8537,report_generation,200
sess_1019,2026-05-14 02:33:23,ent_nexus_beta,usr_519,agt_2,UPDATE customers SET region = '2971' WHERE id = 3677,UPDATE,customers,277,0.9931,report_generation,200
sess_1019,2026-05-14 02:33:58,ent_nexus_beta,usr_519,agt_2,"SELECT created_at, region FROM customers WHERE id = 8262",SELECT,customers,2324,0.8339,report_generation,200
sess_1019,2026-05-14 02:34:08,ent_nexus_beta,usr_519,agt_2,"SELECT created_at, name FROM customers WHERE id = 32733",SELECT,customers,213,0.9043,report_generation,200
sess_1019,2026-05-14 02:35:03,ent_nexus_beta,usr_519,agt_2,"SELECT status, created_at FROM orders WHERE id = 66395",SELECT,orders,600,0.7868,report_generation,200
sess_1019,2026-05-14 02:35:39,ent_nexus_beta,usr_519,agt_2,"SELECT customer_id, amount FROM orders WHERE id = 85304",SELECT,orders,5108,0.6859,report_generation,200
sess_1019,2026-05-14 02:39:49,ent_nexus_beta,usr_519,agt_2,"SELECT id, amount FROM orders WHERE id = 11507",SELECT,orders,499,0.8397,report_generation,200
sess_1019,2026-05-14 02:43:14,ent_nexus_beta,usr_519,agt_2,"SELECT customer_id, AVG(amount) FROM billing_records GROUP BY customer_id",AGGREGATION,billing_records,2252,0.896,report_generation,200
sess_1020,2026-04-28 09:23:20,ent_corp_alpha,usr_520,agt_3,"SELECT price, category FROM products WHERE id = 50001",SELECT,products,49,0.995,sales_performance,200
sess_1020,2026-04-28 09:23:22,ent_corp_alpha,usr_520,agt_3,"SELECT price, name FROM products WHERE id = 90893",SELECT,products,175,0.8826,sales_performance,200
sess_1020,2026-04-28 09:25:24,ent_corp_alpha,usr_520,agt_3,"SELECT customer_id, MAX(id) FROM billing_records GROUP BY customer_id",AGGREGATION,billing_records,4438,0.9856,sales_performance,200
sess_1020,2026-04-28 09:25:30,ent_corp_alpha,usr_520,agt_3,"SELECT customer_id, COUNT(*) FROM orders GROUP BY customer_id",AGGREGATION,orders,4070,0.91,sales_performance,200
sess_1020,2026-04-28 09:25:48,ent_corp_alpha,usr_520,agt_3,"SELECT billing_records.id, products.id FROM billing_records JOIN products ON billing_records.id = products.id",JOIN,"billing_records,products",4275,0.6801,sales_performance,200
sess_1020,2026-04-28 09:28:12,ent_corp_alpha,usr_520,agt_3,"SELECT customer_id, month FROM billing_records WHERE id = 60716",SELECT,billing_records,3581,0.9511,sales_performance,200
sess_1020,2026-04-28 09:31:59,ent_corp_alpha,usr_520,agt_3,"SELECT id, amount FROM orders WHERE id = 86518",SELECT,orders,37,0.7784,sales_performance,200
sess_1020,2026-04-28 09:32:42,ent_corp_alpha,usr_520,agt_3,"SELECT id, category FROM products WHERE id = 56780",SELECT,products,696,0.8029,sales_performance,200
sess_1020,2026-04-28 09:32:48,ent_corp_alpha,usr_520,agt_3,"SELECT category, name FROM products WHERE id = 77758",SELECT,products,208,0.897,sales_performance,200
sess_1020,2026-04-28 09:36:34,ent_corp_alpha,usr_520,agt_3,UPDATE products SET category = '7465' WHERE id = 2179,UPDATE,products,49,0.9337,sales_performance,200
sess_1021,2026-05-18 13:47:24,ent_corp_alpha,usr_521,agt_3,"SELECT orders.id, shipments.id FROM orders JOIN shipments ON orders.id = shipments.id",JOIN,"orders,shipments",466,0.8568,support_triage,200
sess_1021,2026-05-18 13:47:52,ent_corp_alpha,usr_521,agt_3,"SELECT created_at, region FROM customers WHERE id = 14901",SELECT,customers,956,0.7991,support_triage,200
sess_1021,2026-05-18 13:48:26,ent_corp_alpha,usr_521,agt_3,"SELECT customer_id, id FROM support_tickets WHERE id = 23987",SELECT,support_tickets,1802,0.995,support_triage,500
sess_1021,2026-05-18 13:52:25,ent_corp_alpha,usr_521,agt_3,"SELECT order_id, eta FROM shipments WHERE id = 59549",SELECT,shipments,852,0.6658,order_management,200
sess_1021,2026-05-18 13:54:02,ent_corp_alpha,usr_521,agt_3,"SELECT amount, created_at FROM orders WHERE id = 77422",SELECT,orders,204,0.9142,order_management,200
sess_1021,2026-05-18 13:55:02,ent_corp_alpha,usr_521,agt_3,"SELECT id, eta FROM shipments WHERE id = 27115",SELECT,shipments,867,0.8449,order_management,200
sess_1021,2026-05-18 13:57:36,ent_corp_alpha,usr_521,agt_3,"SELECT order_id, eta FROM shipments WHERE id = 5205",SELECT,shipments,818,0.9286,order_management,200
sess_1021,2026-05-18 13:59:31,ent_corp_alpha,usr_521,agt_3,"SELECT carrier, id FROM shipments WHERE id = 71016",SELECT,shipments,5712,0.995,order_management,200
sess_1022,2026-05-06 23:22:24,ent_corp_alpha,usr_522,agt_1,"SELECT id, carrier FROM shipments WHERE id = 5442",SELECT,shipments,1074,0.883,order_management,200
sess_1022,2026-05-06 23:26:10,ent_corp_alpha,usr_522,agt_1,"SELECT id, order_id FROM shipments WHERE id = 4858",SELECT,shipments,3644,0.7648,payroll_processing,200
sess_1022,2026-05-06 23:26:41,ent_corp_alpha,usr_522,agt_1,"SELECT name, created_at FROM customers WHERE id = 85281",SELECT,customers,138,0.9628,order_management,200
sess_1022,2026-05-06 23:29:54,ent_corp_alpha,usr_522,agt_1,"SELECT order_id, id FROM shipments WHERE id = 51488",SELECT,shipments,276,0.8919,order_management,200
sess_1022,2026-05-06 23:31:11,ent_corp_alpha,usr_522,agt_1,"SELECT email, created_at FROM customers WHERE id = 47296",SELECT,customers,684,0.995,order_management,200
sess_1022,2026-05-06 23:36:46,ent_corp_alpha,usr_522,agt_1,"SELECT status, id FROM orders WHERE id = 22133",SELECT,orders,755,0.995,order_management,200
sess_1022,2026-05-06 23:39:10,ent_corp_alpha,usr_522,agt_1,"SELECT customers.id, shipments.id FROM customers JOIN shipments ON customers.id = shipments.id",JOIN,"customers,shipments",1401,0.7378,order_management,200
sess_1022,2026-05-06 23:39:49,ent_corp_alpha,usr_522,agt_1,"SELECT created_at, region FROM customers WHERE id = 9703",SELECT,customers,277,0.9154,order_management,200
sess_1022,2026-05-06 23:39:51,ent_corp_alpha,usr_522,agt_1,"SELECT customer_id, amount FROM orders WHERE id = 25424",SELECT,orders,1127,0.995,order_management,200
sess_1022,2026-05-06 23:40:38,ent_corp_alpha,usr_522,agt_1,"SELECT id, eta FROM shipments WHERE id = 58322",SELECT,shipments,45,0.9401,compensation_review,200
sess_1022,2026-05-06 23:42:29,ent_corp_alpha,usr_522,agt_1,"SELECT order_id, id FROM shipments WHERE id = 30577",SELECT,shipments,240,0.6458,order_management,200
sess_1022,2026-05-06 23:43:55,ent_corp_alpha,usr_522,agt_1,"SELECT shipments.id, orders.id FROM shipments JOIN orders ON shipments.id = orders.id",JOIN,"shipments,orders",1772,0.995,order_management,200
sess_1022,2026-05-06 23:51:00,ent_corp_alpha,usr_522,agt_1,"SELECT status, AVG(amount) FROM orders GROUP BY status",AGGREGATION,orders,2600,0.8762,customer_lookup,200
sess_1022,2026-05-06 23:52:44,ent_corp_alpha,usr_522,agt_1,"SELECT id, region FROM customers WHERE id = 7437",SELECT,customers,160,0.8695,order_management,200
sess_1023,2026-05-05 13:08:36,ent_nexus_beta,usr_523,agt_3,"SELECT last_login, role FROM users WHERE id = 87594",SELECT,users,206,0.911,payroll_processing,200
sess_1023,2026-05-05 13:11:51,ent_nexus_beta,usr_523,agt_3,"SELECT id, last_login FROM users WHERE id = 99673",SELECT,users,16,0.6305,payroll_processing,200
sess_1023,2026-05-05 13:14:15,ent_nexus_beta,usr_523,agt_3,"SELECT users.id, employee_salaries.id FROM users JOIN employee_salaries ON users.id = employee_salaries.id",JOIN,"users,employee_salaries",2531,0.9721,payroll_processing,200
sess_1023,2026-05-05 13:15:27,ent_nexus_beta,usr_523,agt_3,"SELECT id, employee_id FROM employee_salaries WHERE id = 38250",SELECT,employee_salaries,111,0.995,payroll_processing,200
sess_1023,2026-05-05 13:16:09,ent_nexus_beta,usr_523,agt_3,"SELECT bonus, grade FROM employee_salaries WHERE id = 38667",SELECT,employee_salaries,1148,0.879,payroll_processing,200
sess_1023,2026-05-05 13:17:26,ent_nexus_beta,usr_523,agt_3,"SELECT last_login, username FROM users WHERE id = 16854",SELECT,users,2449,0.995,payroll_processing,200
sess_1023,2026-05-05 13:21:11,ent_nexus_beta,usr_523,agt_3,"SELECT base_salary, grade FROM employee_salaries WHERE id = 68257",SELECT,employee_salaries,877,0.9857,payroll_processing,200
sess_1023,2026-05-05 13:22:14,ent_nexus_beta,usr_523,agt_3,"SELECT username, role FROM users WHERE id = 32115",SELECT,users,65,0.978,payroll_processing,200
sess_1023,2026-05-05 13:23:06,ent_nexus_beta,usr_523,agt_3,"SELECT id, grade FROM employee_salaries WHERE id = 33612",SELECT,employee_salaries,1751,0.8762,payroll_processing,200
sess_1023,2026-05-05 13:23:08,ent_nexus_beta,usr_523,agt_3,"SELECT bonus, employee_id FROM employee_salaries WHERE id = 24326",SELECT,employee_salaries,1397,0.9052,payroll_processing,200
sess_1024,2026-05-08 14:22:11,ent_nexus_beta,usr_524,agt_10,"SELECT method, amount FROM billing_records WHERE id = 3599",SELECT,billing_records,1523,0.9334,sales_performance,200
sess_1024,2026-05-08 14:25:29,ent_nexus_beta,usr_524,agt_10,"SELECT billing_records.id, products.id FROM billing_records JOIN products ON billing_records.id = products.id",JOIN,"billing_records,products",366,0.9593,sales_performance,200
sess_1024,2026-05-08 14:30:51,ent_nexus_beta,usr_524,agt_10,UPDATE products SET id = '9681' WHERE id = 6705,UPDATE,products,173,0.7255,sales_performance,200
sess_1024,2026-05-08 14:31:37,ent_nexus_beta,usr_524,agt_10,"SELECT amount, SUM(amount) FROM orders GROUP BY amount",AGGREGATION,orders,11378,0.9603,sales_performance,200
sess_1024,2026-05-08 14:32:49,ent_nexus_beta,usr_524,agt_10,"SELECT method, customer_id FROM billing_records WHERE id = 36221",SELECT,billing_records,38,0.995,sales_performance,200
sess_1024,2026-05-08 14:39:30,ent_nexus_beta,usr_524,agt_10,"SELECT id, month FROM billing_records WHERE id = 45601",SELECT,billing_records,132,0.973,sales_performance,200
sess_1024,2026-05-08 14:41:46,ent_nexus_beta,usr_524,agt_10,"SELECT month, id FROM billing_records WHERE id = 20596",SELECT,billing_records,669,0.6228,sales_performance,200
sess_1024,2026-05-08 14:41:59,ent_nexus_beta,usr_524,agt_10,"SELECT id, SUM(amount) FROM products GROUP BY id",AGGREGATION,products,11561,0.889,sales_performance,200
sess_1024,2026-05-08 14:42:48,ent_nexus_beta,usr_524,agt_10,"SELECT price, name FROM products WHERE id = 67317",SELECT,products,2695,0.9694,sales_performance,200
sess_1024,2026-05-08 14:45:10,ent_nexus_beta,usr_524,agt_10,"SELECT billing_records.id, products.id FROM billing_records JOIN products ON billing_records.id = products.id",JOIN,"billing_records,products",459,0.8146,sales_performance,200
sess_1024,2026-05-08 14:46:36,ent_nexus_beta,usr_524,agt_10,"SELECT name, category FROM products WHERE id = 71232",SELECT,products,4563,0.995,sales_performance,200
sess_1024,2026-05-08 14:47:50,ent_nexus_beta,usr_524,agt_10,"SELECT customer_id, created_at FROM orders WHERE id = 94049",SELECT,orders,257,0.9882,sales_performance,200
sess_1024,2026-05-08 14:48:59,ent_nexus_beta,usr_524,agt_10,"SELECT amount, customer_id FROM billing_records WHERE id = 35741",SELECT,billing_records,509,0.7978,sales_performance,200
sess_1025,2026-05-03 12:24:17,ent_apex_gamma,usr_525,agt_9,"SELECT id, created_at FROM customers WHERE id = 70846",SELECT,customers,1293,0.995,support_triage,200
sess_1025,2026-05-03 12:28:10,ent_apex_gamma,usr_525,agt_9,"SELECT subject, status FROM support_tickets WHERE id = 57558",SELECT,support_tickets,1037,0.9422,support_triage,200
sess_1025,2026-05-03 12:33:57,ent_apex_gamma,usr_525,agt_9,"SELECT created_at, COUNT(*) FROM customers GROUP BY created_at",AGGREGATION,customers,7409,0.7494,support_triage,200
sess_1025,2026-05-03 12:34:00,ent_apex_gamma,usr_525,agt_9,"SELECT support_tickets.id, orders.id FROM support_tickets JOIN orders ON support_tickets.id = orders.id",JOIN,"support_tickets,orders",501,0.9323,support_triage,200
sess_1025,2026-05-03 12:34:10,ent_apex_gamma,usr_525,agt_9,"SELECT status, id FROM orders WHERE id = 5883",SELECT,orders,50,0.7453,support_triage,200
sess_1025,2026-05-03 12:37:05,ent_apex_gamma,usr_525,agt_9,UPDATE support_tickets SET priority = '7742' WHERE id = 1218,UPDATE,support_tickets,131,0.6869,support_triage,200
sess_1025,2026-05-03 12:37:34,ent_apex_gamma,usr_525,agt_9,"SELECT orders.id, support_tickets.id FROM orders JOIN support_tickets ON orders.id = support_tickets.id",JOIN,"orders,support_tickets",228,0.9015,support_triage,200
sess_1025,2026-05-03 12:37:59,ent_apex_gamma,usr_525,agt_9,"SELECT orders.id, support_tickets.id FROM orders JOIN support_tickets ON orders.id = support_tickets.id",JOIN,"orders,support_tickets",886,0.912,support_triage,200
sess_1026,2026-05-21 17:18:10,ent_nexus_beta,usr_526,agt_11,"SELECT priority, id FROM support_tickets WHERE id = 40583",SELECT,support_tickets,629,0.83,support_triage,200
sess_1026,2026-05-21 17:19:43,ent_nexus_beta,usr_526,agt_11,"SELECT email, MAX(id) FROM customers GROUP BY email",AGGREGATION,customers,15985,0.9589,support_triage,200
sess_1026,2026-05-21 17:23:45,ent_nexus_beta,usr_526,agt_11,"SELECT amount, id FROM orders WHERE id = 40376",SELECT,orders,369,0.6592,support_triage,200
sess_1026,2026-05-21 17:24:53,ent_nexus_beta,usr_526,agt_11,"SELECT status, COUNT(*) FROM orders GROUP BY status",AGGREGATION,orders,3109,0.9162,support_triage,200
sess_1026,2026-05-21 17:31:36,ent_nexus_beta,usr_526,agt_11,"SELECT region, created_at FROM customers WHERE id = 19778",SELECT,customers,1016,0.995,support_triage,200
sess_1026,2026-05-21 17:33:22,ent_nexus_beta,usr_526,agt_11,"SELECT name, region FROM customers WHERE id = 21843",SELECT,customers,392,0.9901,support_triage,200
sess_1026,2026-05-21 17:34:20,ent_nexus_beta,usr_526,agt_11,"SELECT priority, SUM(amount) FROM support_tickets GROUP BY priority",AGGREGATION,support_tickets,8817,0.995,support_triage,200
sess_1026,2026-05-21 17:35:47,ent_nexus_beta,usr_526,agt_11,"SELECT customer_id, amount FROM orders WHERE id = 91949",SELECT,orders,1308,0.8398,support_triage,200
sess_1026,2026-05-21 17:37:37,ent_nexus_beta,usr_526,agt_11,"SELECT support_tickets.id, customers.id FROM support_tickets JOIN customers ON support_tickets.id = customers.id",JOIN,"support_tickets,customers",198,0.6816,support_triage,200
sess_1026,2026-05-21 17:41:57,ent_nexus_beta,usr_526,agt_11,"SELECT customer_id, created_at FROM orders WHERE id = 34422",SELECT,orders,86,0.8153,support_triage,200
sess_1026,2026-05-21 17:42:15,ent_nexus_beta,usr_526,agt_11,"SELECT priority, customer_id FROM support_tickets WHERE id = 70995",SELECT,support_tickets,521,0.985,support_triage,200
sess_1026,2026-05-21 17:45:15,ent_nexus_beta,usr_526,agt_11,"SELECT id, amount FROM orders WHERE id = 83355",SELECT,orders,461,0.9313,support_triage,200
sess_1026,2026-05-21 17:46:07,ent_nexus_beta,usr_526,agt_11,"SELECT subject, AVG(amount) FROM support_tickets GROUP BY subject",AGGREGATION,support_tickets,1432,0.8667,support_triage,200
sess_1026,2026-05-21 17:48:55,ent_nexus_beta,usr_526,agt_11,"SELECT priority, SUM(amount) FROM support_tickets GROUP BY priority",AGGREGATION,support_tickets,1758,0.995,support_triage,200
sess_1026,2026-05-21 17:50:24,ent_nexus_beta,usr_526,agt_11,"SELECT name, created_at FROM customers WHERE id = 18031",SELECT,customers,283,0.9436,support_triage,200
sess_1026,2026-05-21 17:52:00,ent_nexus_beta,usr_526,agt_11,"SELECT orders.id, customers.id FROM orders JOIN customers ON orders.id = customers.id",JOIN,"orders,customers",513,0.6496,support_triage,200
sess_1026,2026-05-21 17:52:25,ent_nexus_beta,usr_526,agt_11,UPDATE customers SET region = '712' WHERE id = 3096,UPDATE,customers,1201,0.728,support_triage,200
sess_1026,2026-05-21 17:52:57,ent_nexus_beta,usr_526,agt_11,"SELECT customer_id, priority FROM support_tickets WHERE id = 65311",SELECT,support_tickets,399,0.995,support_triage,200
sess_1027,2026-05-06 12:12:47,ent_nexus_beta,usr_527,agt_9,"SELECT name, region FROM customers WHERE id = 31638",SELECT,customers,368,0.7932,order_management,200
sess_1027,2026-05-06 12:12:54,ent_nexus_beta,usr_527,agt_9,"SELECT orders.id, customers.id FROM orders JOIN customers ON orders.id = customers.id",JOIN,"orders,customers",3342,0.8504,order_management,200
sess_1027,2026-05-06 12:16:33,ent_nexus_beta,usr_527,agt_9,"SELECT id, order_id FROM shipments WHERE id = 27200",SELECT,shipments,335,0.995,order_management,200
sess_1027,2026-05-06 12:16:46,ent_nexus_beta,usr_527,agt_9,"SELECT id, name FROM customers WHERE id = 56877",SELECT,customers,1650,0.8533,order_management,200
sess_1027,2026-05-06 12:21:52,ent_nexus_beta,usr_527,agt_9,"SELECT order_id, carrier FROM shipments WHERE id = 57940",SELECT,shipments,90,0.7446,order_management,200
sess_1027,2026-05-06 12:24:18,ent_nexus_beta,usr_527,agt_9,"SELECT name, created_at FROM customers WHERE id = 27178",SELECT,customers,47,0.913,order_management,200
sess_1027,2026-05-06 12:25:26,ent_nexus_beta,usr_527,agt_9,"SELECT id, email FROM customers WHERE id = 55097",SELECT,customers,285,0.9397,order_management,200
sess_1027,2026-05-06 12:29:53,ent_nexus_beta,usr_527,agt_9,"SELECT shipments.id, customers.id FROM shipments JOIN customers ON shipments.id = customers.id",JOIN,"shipments,customers",645,0.8999,order_management,200
sess_1027,2026-05-06 12:32:41,ent_nexus_beta,usr_527,agt_9,"SELECT id, customer_id FROM orders WHERE id = 35848",SELECT,orders,331,0.9206,order_management,200
sess_1027,2026-05-06 12:35:36,ent_nexus_beta,usr_527,agt_9,UPDATE shipments SET order_id = '478' WHERE id = 6214,UPDATE,shipments,946,0.995,order_management,200
sess_1027,2026-05-06 12:35:51,ent_nexus_beta,usr_527,agt_9,"SELECT amount, id FROM orders WHERE id = 45716",SELECT,orders,693,0.8838,order_management,200
sess_1028,2026-05-08 10:18:47,ent_nexus_beta,usr_528,agt_5,"SELECT shipments.id, orders.id FROM shipments JOIN orders ON shipments.id = orders.id",JOIN,"shipments,orders",238,0.8616,order_management,200
sess_1028,2026-05-08 10:19:39,ent_nexus_beta,usr_528,agt_5,UPDATE shipments SET carrier = '1338' WHERE id = 8367,UPDATE,shipments,134,0.995,order_management,200
sess_1028,2026-05-08 10:20:20,ent_nexus_beta,usr_528,agt_5,"SELECT status, id FROM orders WHERE id = 47297",SELECT,orders,536,0.9374,order_management,200
sess_1028,2026-05-08 10:21:12,ent_nexus_beta,usr_528,agt_5,"SELECT customer_id, amount FROM orders WHERE id = 56919",SELECT,orders,257,0.9171,order_management,200
sess_1028,2026-05-08 10:22:38,ent_nexus_beta,usr_528,agt_5,"SELECT carrier, eta FROM shipments WHERE id = 11254",SELECT,shipments,6448,0.8426,order_management,200
sess_1028,2026-05-08 10:31:24,ent_nexus_beta,usr_528,agt_5,"SELECT orders.id, customers.id FROM orders JOIN customers ON orders.id = customers.id",JOIN,"orders,customers",463,0.9733,order_management,200
sess_1028,2026-05-08 10:32:43,ent_nexus_beta,usr_528,agt_5,"SELECT status, id FROM orders WHERE id = 85303",SELECT,orders,26,0.7668,order_management,200
sess_1028,2026-05-08 10:35:55,ent_nexus_beta,usr_528,agt_5,"SELECT amount, customer_id FROM orders WHERE id = 43185",SELECT,orders,90,0.995,order_management,200
sess_1028,2026-05-08 10:36:59,ent_nexus_beta,usr_528,agt_5,"SELECT id, email FROM customers WHERE id = 54108",SELECT,customers,235,0.8974,order_management,200
sess_1028,2026-05-08 10:37:15,ent_nexus_beta,usr_528,agt_5,UPDATE customers SET created_at = '592' WHERE id = 3635,UPDATE,customers,753,0.8794,order_management,500
sess_1028,2026-05-08 10:40:41,ent_nexus_beta,usr_528,agt_5,"SELECT id, AVG(amount) FROM customers GROUP BY id",AGGREGATION,customers,903,0.8567,order_management,200
sess_1029,2026-05-13 16:39:51,ent_apex_gamma,usr_529,agt_4,"SELECT status, customer_id FROM support_tickets WHERE id = 24984",SELECT,support_tickets,52,0.8191,support_triage,200
sess_1029,2026-05-13 16:44:31,ent_apex_gamma,usr_529,agt_4,"SELECT customer_id, amount FROM orders WHERE id = 9162",SELECT,orders,63,0.694,system_health_check,200
sess_1029,2026-05-13 16:45:02,ent_apex_gamma,usr_529,agt_4,UPDATE orders SET created_at = '4357' WHERE id = 7431,UPDATE,orders,190,0.7434,support_triage,200
sess_1029,2026-05-13 16:45:11,ent_apex_gamma,usr_529,agt_4,"SELECT name, email FROM customers WHERE id = 49659",SELECT,customers,9863,0.995,compensation_review,200
sess_1029,2026-05-13 16:48:30,ent_apex_gamma,usr_529,agt_4,"SELECT id, customer_id FROM support_tickets WHERE id = 13984",SELECT,support_tickets,104,0.995,support_triage,200
sess_1029,2026-05-13 16:48:47,ent_apex_gamma,usr_529,agt_4,"SELECT created_at, amount FROM orders WHERE id = 39342",SELECT,orders,837,0.8996,system_health_check,200
sess_1029,2026-05-13 16:49:25,ent_apex_gamma,usr_529,agt_4,"SELECT region, name FROM customers WHERE id = 70698",SELECT,customers,54,0.9643,support_triage,200
sess_1029,2026-05-13 16:53:32,ent_apex_gamma,usr_529,agt_4,"SELECT status, subject FROM support_tickets WHERE id = 59645",SELECT,support_tickets,2986,0.9407,customer_lookup,200
sess_1029,2026-05-13 16:54:08,ent_apex_gamma,usr_529,agt_4,UPDATE orders SET customer_id = '3670' WHERE id = 3265,UPDATE,orders,348,0.762,support_triage,200
sess_1029,2026-05-13 16:54:11,ent_apex_gamma,usr_529,agt_4,"SELECT id, COUNT(*) FROM customers GROUP BY id",AGGREGATION,customers,1109,0.9085,support_triage,200
sess_1029,2026-05-13 16:55:13,ent_apex_gamma,usr_529,agt_4,"SELECT subject, customer_id FROM support_tickets WHERE id = 48754",SELECT,support_tickets,797,0.8072,support_triage,200
sess_1029,2026-05-13 16:57:26,ent_apex_gamma,usr_529,agt_4,"SELECT created_at, COUNT(*) FROM customers GROUP BY created_at",AGGREGATION,customers,5300,0.9677,support_triage,200
sess_1029,2026-05-13 16:57:50,ent_apex_gamma,usr_529,agt_4,"SELECT customer_id, status FROM orders WHERE id = 81189",SELECT,orders,2796,0.995,support_triage,200
sess_1029,2026-05-13 17:01:47,ent_apex_gamma,usr_529,agt_4,"SELECT orders.id, customers.id FROM orders JOIN customers ON orders.id = customers.id",JOIN,"orders,customers",1690,0.7923,support_triage,200
sess_1029,2026-05-13 17:02:39,ent_apex_gamma,usr_529,agt_4,"SELECT id, SUM(amount) FROM customers GROUP BY id",AGGREGATION,customers,58475,0.6629,support_triage,200
sess_1030,2026-05-20 13:05:01,ent_nexus_beta,usr_530,agt_2,"SELECT created_at, region FROM customers WHERE id = 3315",SELECT,customers,1487,0.9498,report_generation,200
sess_1030,2026-05-20 13:07:22,ent_nexus_beta,usr_530,agt_2,UPDATE products SET category = '1859' WHERE id = 8837,UPDATE,products,76,0.995,report_generation,200
sess_1030,2026-05-20 13:14:02,ent_nexus_beta,usr_530,agt_2,"SELECT created_at, amount FROM orders WHERE id = 80249",SELECT,orders,2695,0.865,report_generation,200
sess_1030,2026-05-20 13:15:16,ent_nexus_beta,usr_530,agt_2,"SELECT created_at, region FROM customers WHERE id = 62557",SELECT,customers,82,0.8078,report_generation,200
sess_1030,2026-05-20 13:15:42,ent_nexus_beta,usr_530,agt_2,"SELECT price, name FROM products WHERE id = 50362",SELECT,products,84,0.8456,report_generation,200
sess_1030,2026-05-20 13:18:51,ent_nexus_beta,usr_530,agt_2,"SELECT customer_id, COUNT(*) FROM billing_records GROUP BY customer_id",AGGREGATION,billing_records,21126,0.7223,report_generation,200
sess_1030,2026-05-20 13:18:53,ent_nexus_beta,usr_530,agt_2,"SELECT id, SUM(amount) FROM billing_records GROUP BY id",AGGREGATION,billing_records,1008,0.7105,report_generation,200
sess_1030,2026-05-20 13:19:53,ent_nexus_beta,usr_530,agt_2,"SELECT price, id FROM products WHERE id = 70279",SELECT,products,3126,0.9234,report_generation,200
sess_1030,2026-05-20 13:21:28,ent_nexus_beta,usr_530,agt_2,"SELECT method, amount FROM billing_records WHERE id = 71288",SELECT,billing_records,217,0.995,report_generation,200
sess_1030,2026-05-20 13:22:07,ent_nexus_beta,usr_530,agt_2,"SELECT id, price FROM products WHERE id = 76951",SELECT,products,180,0.754,report_generation,200
sess_1030,2026-05-20 13:22:18,ent_nexus_beta,usr_530,agt_2,"SELECT created_at, status FROM orders WHERE id = 55961",SELECT,orders,328,0.995,report_generation,200
sess_1030,2026-05-20 13:25:21,ent_nexus_beta,usr_530,agt_2,"SELECT id, customer_id FROM billing_records WHERE id = 33350",SELECT,billing_records,1873,0.9626,report_generation,200
sess_1030,2026-05-20 13:28:26,ent_nexus_beta,usr_530,agt_2,"SELECT orders.id, products.id FROM orders JOIN products ON orders.id = products.id",JOIN,"orders,products",478,0.9496,report_generation,200
sess_1030,2026-05-20 13:28:29,ent_nexus_beta,usr_530,agt_2,"SELECT email, created_at FROM customers WHERE id = 26618",SELECT,customers,1817,0.9337,report_generation,200
sess_1030,2026-05-20 13:28:47,ent_nexus_beta,usr_530,agt_2,"SELECT category, id FROM products WHERE id = 62240",SELECT,products,91,0.8197,report_generation,200
sess_1030,2026-05-20 13:30:20,ent_nexus_beta,usr_530,agt_2,UPDATE billing_records SET amount = '424' WHERE id = 2012,UPDATE,billing_records,2207,0.8444,report_generation,200
sess_1030,2026-05-20 13:31:52,ent_nexus_beta,usr_530,agt_2,"SELECT amount, customer_id FROM billing_records WHERE id = 30507",SELECT,billing_records,244,0.995,report_generation,200
sess_1031,2026-05-19 14:24:29,ent_nexus_beta,usr_531,agt_9,"SELECT amount, id FROM orders WHERE id = 66495",SELECT,orders,847,0.8911,billing_summary,200
sess_1031,2026-05-19 14:26:22,ent_nexus_beta,usr_531,agt_9,"SELECT customer_id, COUNT(*) FROM orders GROUP BY customer_id",AGGREGATION,orders,1812,0.7006,billing_summary,200
sess_1031,2026-05-19 14:29:01,ent_nexus_beta,usr_531,agt_9,GRANT SELECT ON information_schema.tables TO admin,AUTH,information_schema.tables,724,0.626,billing_summary,200
sess_1031,2026-05-19 14:34:37,ent_nexus_beta,usr_531,agt_9,"SELECT id, COUNT(*) FROM billing_records GROUP BY id",AGGREGATION,billing_records,454,0.6153,billing_summary,200
sess_1031,2026-05-19 14:39:14,ent_nexus_beta,usr_531,agt_9,UPDATE audit_log SET action = '2875' WHERE id = 6053,UPDATE,audit_log,183,0.6426,billing_summary,403
sess_1031,2026-05-19 14:39:51,ent_nexus_beta,usr_531,agt_9,UPDATE information_schema.tables SET row_count = '8773' WHERE id = 4372,UPDATE,information_schema.tables,56,0.6689,billing_summary,200
sess_1031,2026-05-19 14:39:58,ent_nexus_beta,usr_531,agt_9,"SELECT employee_id, base_salary FROM employee_salaries WHERE id = 92769",SELECT,employee_salaries,78,0.7268,billing_summary,200
sess_1031,2026-05-19 14:42:00,ent_nexus_beta,usr_531,agt_9,"SELECT region, MAX(id) FROM customers GROUP BY region",AGGREGATION,customers,1228,0.8308,billing_summary,200
sess_1031,2026-05-19 14:42:32,ent_nexus_beta,usr_531,agt_9,"SELECT amount, COUNT(*) FROM billing_records GROUP BY amount",AGGREGATION,billing_records,451,0.9029,billing_summary,200
sess_1032,2026-05-25 14:52:28,ent_corp_alpha,usr_532,agt_8,"SELECT eta, carrier FROM shipments WHERE id = 40853",SELECT,shipments,97,0.7004,order_management,200
sess_1032,2026-05-25 14:57:04,ent_corp_alpha,usr_532,agt_8,"SELECT id, name FROM customers WHERE id = 40485",SELECT,customers,197,0.7938,order_management,200
sess_1032,2026-05-25 14:59:32,ent_corp_alpha,usr_532,agt_8,"SELECT email, region FROM customers WHERE id = 80840",SELECT,customers,21,0.8635,order_management,200
sess_1032,2026-05-25 14:59:34,ent_corp_alpha,usr_532,agt_8,"SELECT status, customer_id FROM orders WHERE id = 84596",SELECT,orders,264,0.995,order_management,200
sess_1032,2026-05-25 15:00:29,ent_corp_alpha,usr_532,agt_8,"SELECT amount, id FROM orders WHERE id = 11630",SELECT,orders,103,0.9874,order_management,200
sess_1032,2026-05-25 15:02:29,ent_corp_alpha,usr_532,agt_8,"SELECT customer_id, SUM(amount) FROM orders GROUP BY customer_id",AGGREGATION,orders,9236,0.9694,order_management,200
sess_1032,2026-05-25 15:04:06,ent_corp_alpha,usr_532,agt_8,"SELECT email, region FROM customers WHERE id = 61135",SELECT,customers,443,0.7957,order_management,200
sess_1032,2026-05-25 15:05:39,ent_corp_alpha,usr_532,agt_8,UPDATE orders SET id = '3648' WHERE id = 5547,UPDATE,orders,44,0.6843,order_management,200
sess_1032,2026-05-25 15:07:36,ent_corp_alpha,usr_532,agt_8,"SELECT amount, status FROM orders WHERE id = 31067",SELECT,orders,2228,0.7755,order_management,200
sess_1032,2026-05-25 15:08:54,ent_corp_alpha,usr_532,agt_8,"SELECT customer_id, status FROM orders WHERE id = 47562",SELECT,orders,161,0.8903,order_management,200
sess_1032,2026-05-25 15:10:03,ent_corp_alpha,usr_532,agt_8,"SELECT eta, id FROM shipments WHERE id = 94362",SELECT,shipments,513,0.9347,order_management,200
sess_1032,2026-05-25 15:10:39,ent_corp_alpha,usr_532,agt_8,"SELECT email, name FROM customers WHERE id = 36849",SELECT,customers,784,0.8486,order_management,200
sess_1032,2026-05-25 15:10:45,ent_corp_alpha,usr_532,agt_8,"SELECT id, eta FROM shipments WHERE id = 30255",SELECT,shipments,114,0.8956,order_management,200
sess_1032,2026-05-25 15:11:33,ent_corp_alpha,usr_532,agt_8,"SELECT order_id, eta FROM shipments WHERE id = 54183",SELECT,shipments,2401,0.995,order_management,200
sess_1032,2026-05-25 15:12:00,ent_corp_alpha,usr_532,agt_8,"SELECT region, email FROM customers WHERE id = 32291",SELECT,customers,42,0.9203,order_management,200
sess_1032,2026-05-25 15:13:46,ent_corp_alpha,usr_532,agt_8,"SELECT email, name FROM customers WHERE id = 67697",SELECT,customers,162,0.7786,order_management,200
sess_1033,2026-05-08 02:18:12,ent_nexus_beta,usr_533,agt_14,"SELECT id, name FROM products WHERE id = 91414",SELECT,products,2077,0.9633,report_generation,200
sess_1033,2026-05-08 02:19:30,ent_nexus_beta,usr_533,agt_14,"SELECT products.id, customers.id FROM products JOIN customers ON products.id = customers.id",JOIN,"products,customers",174,0.7136,report_generation,200
sess_1033,2026-05-08 02:20:26,ent_nexus_beta,usr_533,agt_14,"SELECT created_at, email FROM customers WHERE id = 99608",SELECT,customers,2832,0.8316,report_generation,200
sess_1033,2026-05-08 02:25:45,ent_nexus_beta,usr_533,agt_14,"SELECT id, created_at FROM customers WHERE id = 65847",SELECT,customers,167,0.8247,report_generation,200
sess_1033,2026-05-08 02:26:11,ent_nexus_beta,usr_533,agt_14,UPDATE orders SET customer_id = '3954' WHERE id = 1184,UPDATE,orders,41,0.9294,report_generation,200
sess_1033,2026-05-08 02:26:46,ent_nexus_beta,usr_533,agt_14,"SELECT id, email FROM customers WHERE id = 31390",SELECT,customers,1365,0.8212,report_generation,200
sess_1033,2026-05-08 02:30:59,ent_nexus_beta,usr_533,agt_14,"SELECT email, name FROM customers WHERE id = 40336",SELECT,customers,58,0.9183,report_generation,200
sess_1033,2026-05-08 02:35:00,ent_nexus_beta,usr_533,agt_14,"SELECT id, AVG(amount) FROM customers GROUP BY id",AGGREGATION,customers,2743,0.6573,report_generation,200
sess_1033,2026-05-08 02:39:38,ent_nexus_beta,usr_533,agt_14,"SELECT customers.id, orders.id FROM customers JOIN orders ON customers.id = orders.id",JOIN,"customers,orders",233,0.9341,report_generation,200
sess_1033,2026-05-08 02:47:17,ent_nexus_beta,usr_533,agt_14,UPDATE billing_records SET amount = '7478' WHERE id = 1286,UPDATE,billing_records,110,0.8197,report_generation,200
sess_1033,2026-05-08 02:53:52,ent_nexus_beta,usr_533,agt_14,"SELECT status, created_at FROM orders WHERE id = 58061",SELECT,orders,3655,0.8255,report_generation,200
sess_1033,2026-05-08 02:57:11,ent_nexus_beta,usr_533,agt_14,"SELECT id, price FROM products WHERE id = 5607",SELECT,products,136,0.7437,report_generation,200
sess_1034,2026-05-23 15:16:57,ent_apex_gamma,usr_534,agt_12,"SELECT category, name FROM products WHERE id = 24118",SELECT,products,336,0.9342,sales_performance,200
sess_1034,2026-05-23 15:18:48,ent_apex_gamma,usr_534,agt_12,"SELECT month, id FROM billing_records WHERE id = 66589",SELECT,billing_records,240,0.8401,sales_performance,200
sess_1034,2026-05-23 15:19:03,ent_apex_gamma,usr_534,agt_12,"SELECT category, price FROM products WHERE id = 73381",SELECT,products,81,0.9314,sales_performance,200
sess_1034,2026-05-23 15:19:49,ent_apex_gamma,usr_534,agt_12,"SELECT base_salary, employee_id FROM employee_salaries WHERE id = 94653",SELECT,employee_salaries,225,0.9647,payroll_processing,200
sess_1034,2026-05-23 15:21:06,ent_apex_gamma,usr_534,agt_12,"SELECT amount, id FROM orders WHERE id = 53656",SELECT,orders,72,0.9782,sales_performance,200
sess_1034,2026-05-23 15:25:39,ent_apex_gamma,usr_534,agt_12,"SELECT price, COUNT(*) FROM products GROUP BY price",AGGREGATION,products,5563,0.995,sales_performance,200
sess_1034,2026-05-23 15:30:18,ent_apex_gamma,usr_534,agt_12,"SELECT created_at, AVG(amount) FROM orders GROUP BY created_at",AGGREGATION,orders,3969,0.8784,sales_performance,403
sess_1034,2026-05-23 15:32:00,ent_apex_gamma,usr_534,agt_12,"SELECT id, month FROM billing_records WHERE id = 4859",SELECT,billing_records,133,0.991,sales_performance,500
sess_1034,2026-05-23 15:32:14,ent_apex_gamma,usr_534,agt_12,"SELECT amount, MAX(id) FROM billing_records GROUP BY amount",AGGREGATION,billing_records,1948,0.901,sales_performance,200
sess_1034,2026-05-23 15:33:44,ent_apex_gamma,usr_534,agt_12,"SELECT id, AVG(amount) FROM billing_records GROUP BY id",AGGREGATION,billing_records,3460,0.995,sales_performance,200
sess_1034,2026-05-23 15:34:18,ent_apex_gamma,usr_534,agt_12,"SELECT id, status FROM orders WHERE id = 91914",SELECT,orders,56,0.887,sales_performance,200
sess_1034,2026-05-23 15:35:12,ent_apex_gamma,usr_534,agt_12,"SELECT price, MAX(id) FROM products GROUP BY price",AGGREGATION,products,4505,0.8385,schema_audit,200
sess_1034,2026-05-23 15:35:53,ent_apex_gamma,usr_534,agt_12,"SELECT price, category FROM products WHERE id = 90963",SELECT,products,253,0.8917,sales_performance,200
sess_1034,2026-05-23 15:35:56,ent_apex_gamma,usr_534,agt_12,"SELECT amount, MAX(id) FROM orders GROUP BY amount",AGGREGATION,orders,12453,0.995,sales_performance,200
sess_1035,2026-05-02 14:20:13,ent_nexus_beta,usr_535,agt_3,"SELECT employee_id, grade FROM employee_salaries WHERE id = 44270",SELECT,employee_salaries,454,0.929,payroll_processing,200
sess_1035,2026-05-02 14:24:09,ent_nexus_beta,usr_535,agt_3,"SELECT employee_id, AVG(amount) FROM employee_salaries GROUP BY employee_id",AGGREGATION,employee_salaries,7082,0.9163,payroll_processing,200
sess_1035,2026-05-02 14:28:52,ent_nexus_beta,usr_535,agt_3,"SELECT username, id FROM users WHERE id = 94034",SELECT,users,5464,0.8171,payroll_processing,200
sess_1035,2026-05-02 14:29:39,ent_nexus_beta,usr_535,agt_3,"SELECT role, username FROM users WHERE id = 9812",SELECT,users,1271,0.8097,payroll_processing,200
sess_1035,2026-05-02 14:30:52,ent_nexus_beta,usr_535,agt_3,"SELECT role, last_login FROM users WHERE id = 69245",SELECT,users,404,0.8393,payroll_processing,200
sess_1035,2026-05-02 14:32:42,ent_nexus_beta,usr_535,agt_3,"SELECT id, AVG(amount) FROM billing_records GROUP BY id",AGGREGATION,billing_records,16874,0.8669,billing_summary,200
sess_1035,2026-05-02 14:33:06,ent_nexus_beta,usr_535,agt_3,"SELECT role, MAX(id) FROM users GROUP BY role",AGGREGATION,users,9904,0.8784,payroll_processing,200
sess_1035,2026-05-02 14:35:43,ent_nexus_beta,usr_535,agt_3,"SELECT employee_id, id FROM employee_salaries WHERE id = 83289",SELECT,employee_salaries,100,0.7028,payroll_processing,200
sess_1035,2026-05-02 14:37:01,ent_nexus_beta,usr_535,agt_3,"SELECT id, category FROM products WHERE id = 84251",SELECT,products,140,0.9391,sales_performance,200
sess_1035,2026-05-02 14:41:18,ent_nexus_beta,usr_535,agt_3,"SELECT grade, base_salary FROM employee_salaries WHERE id = 78406",SELECT,employee_salaries,3728,0.9364,payroll_processing,200
sess_1035,2026-05-02 14:43:01,ent_nexus_beta,usr_535,agt_3,"SELECT category, MAX(id) FROM products GROUP BY category",AGGREGATION,products,22967,0.8586,inventory_check,200
sess_1035,2026-05-02 14:44:30,ent_nexus_beta,usr_535,agt_3,"SELECT id, MAX(id) FROM users GROUP BY id",AGGREGATION,users,777,0.848,payroll_processing,200
sess_1036,2026-05-03 01:29:06,ent_nexus_beta,usr_536,agt_12,"SELECT id, month FROM billing_records WHERE id = 43652",SELECT,billing_records,253,0.8818,billing_summary,200
sess_1036,2026-05-03 01:31:02,ent_nexus_beta,usr_536,agt_12,"SELECT month, SUM(amount) FROM billing_records GROUP BY month",AGGREGATION,billing_records,17003,0.995,billing_summary,500
sess_1036,2026-05-03 01:32:09,ent_nexus_beta,usr_536,agt_12,"SELECT amount, id FROM orders WHERE id = 80494",SELECT,orders,135,0.9201,billing_summary,200
sess_1036,2026-05-03 01:33:16,ent_nexus_beta,usr_536,agt_12,"SELECT amount, method FROM billing_records WHERE id = 46867",SELECT,billing_records,611,0.809,billing_summary,200
sess_1036,2026-05-03 01:34:11,ent_nexus_beta,usr_536,agt_12,"SELECT status, amount FROM orders WHERE id = 30845",SELECT,orders,7997,0.7969,billing_summary,200
sess_1036,2026-05-03 01:36:00,ent_nexus_beta,usr_536,agt_12,"SELECT amount, customer_id FROM billing_records WHERE id = 18549",SELECT,billing_records,898,0.887,billing_summary,200
sess_1036,2026-05-03 01:37:26,ent_nexus_beta,usr_536,agt_12,UPDATE orders SET customer_id = '903' WHERE id = 4179,UPDATE,orders,155,0.8057,billing_summary,200
sess_1036,2026-05-03 01:38:39,ent_nexus_beta,usr_536,agt_12,"SELECT customer_id, month FROM billing_records WHERE id = 75153",SELECT,billing_records,52,0.995,billing_summary,200
sess_1036,2026-05-03 01:39:02,ent_nexus_beta,usr_536,agt_12,"SELECT email, region FROM customers WHERE id = 22316",SELECT,customers,966,0.995,billing_summary,200
sess_1036,2026-05-03 01:42:09,ent_nexus_beta,usr_536,agt_12,"SELECT status, id FROM orders WHERE id = 83015",SELECT,orders,917,0.8407,billing_summary,500
sess_1036,2026-05-03 01:42:58,ent_nexus_beta,usr_536,agt_12,"SELECT method, customer_id FROM billing_records WHERE id = 82963",SELECT,billing_records,2813,0.7508,billing_summary,200
sess_1036,2026-05-03 01:44:32,ent_nexus_beta,usr_536,agt_12,"SELECT status, id FROM orders WHERE id = 15717",SELECT,orders,108,0.9281,billing_summary,200
sess_1036,2026-05-03 01:44:41,ent_nexus_beta,usr_536,agt_12,"SELECT amount, month FROM billing_records WHERE id = 46252",SELECT,billing_records,205,0.8253,billing_summary,200
sess_1036,2026-05-03 01:46:11,ent_nexus_beta,usr_536,agt_12,"SELECT customer_id, method FROM billing_records WHERE id = 34815",SELECT,billing_records,342,0.995,billing_summary,200
sess_1036,2026-05-03 01:48:02,ent_nexus_beta,usr_536,agt_12,"SELECT created_at, region FROM customers WHERE id = 12743",SELECT,customers,3088,0.805,billing_summary,200
sess_1036,2026-05-03 01:50:01,ent_nexus_beta,usr_536,agt_12,"SELECT created_at, id FROM orders WHERE id = 70405",SELECT,orders,226,0.8708,billing_summary,403
sess_1037,2026-05-07 14:18:05,ent_corp_alpha,usr_537,agt_10,"SELECT id, subject FROM support_tickets WHERE id = 44098",SELECT,support_tickets,115,0.8439,customer_lookup,500
sess_1037,2026-05-07 14:21:42,ent_corp_alpha,usr_537,agt_10,"SELECT created_at, AVG(amount) FROM customers GROUP BY created_at",AGGREGATION,customers,7244,0.8999,customer_lookup,200
sess_1037,2026-05-07 14:24:38,ent_corp_alpha,usr_537,agt_10,"SELECT amount, created_at FROM orders WHERE id = 67882",SELECT,orders,204,0.8169,customer_lookup,200
sess_1037,2026-05-07 14:27:10,ent_corp_alpha,usr_537,agt_10,"SELECT customers.id, orders.id FROM customers JOIN orders ON customers.id = orders.id",JOIN,"customers,orders",1736,0.804,customer_lookup,200
sess_1037,2026-05-07 14:28:32,ent_corp_alpha,usr_537,agt_10,"SELECT customer_id, id FROM orders WHERE id = 53443",SELECT,orders,292,0.7491,customer_lookup,200
sess_1037,2026-05-07 14:30:25,ent_corp_alpha,usr_537,agt_10,"SELECT customer_id, AVG(amount) FROM orders GROUP BY customer_id",AGGREGATION,orders,12679,0.7824,customer_lookup,200
sess_1037,2026-05-07 14:33:28,ent_corp_alpha,usr_537,agt_10,"SELECT status, id FROM support_tickets WHERE id = 40569",SELECT,support_tickets,1865,0.7746,customer_lookup,200
sess_1037,2026-05-07 14:36:43,ent_corp_alpha,usr_537,agt_10,"SELECT customer_id, status FROM support_tickets WHERE id = 71007",SELECT,support_tickets,114,0.9549,customer_lookup,200
sess_1037,2026-05-07 14:40:48,ent_corp_alpha,usr_537,agt_10,"SELECT created_at, email FROM customers WHERE id = 34718",SELECT,customers,2956,0.8355,customer_lookup,200
sess_1037,2026-05-07 14:43:02,ent_corp_alpha,usr_537,agt_10,"SELECT region, id FROM customers WHERE id = 40252",SELECT,customers,58,0.7121,customer_lookup,200
sess_1037,2026-05-07 14:43:48,ent_corp_alpha,usr_537,agt_10,UPDATE customers SET created_at = '9329' WHERE id = 5710,UPDATE,customers,93,0.8705,customer_lookup,200
sess_1037,2026-05-07 14:45:29,ent_corp_alpha,usr_537,agt_10,"SELECT support_tickets.id, orders.id FROM support_tickets JOIN orders ON support_tickets.id = orders.id",JOIN,"support_tickets,orders",2040,0.9555,customer_lookup,200
sess_1038,2026-05-22 14:24:17,ent_corp_alpha,usr_538,agt_6,"SELECT amount, customer_id FROM billing_records WHERE id = 47618",SELECT,billing_records,50,0.8626,report_generation,200
sess_1038,2026-05-22 14:28:23,ent_corp_alpha,usr_538,agt_6,"SELECT month, amount FROM billing_records WHERE id = 55684",SELECT,billing_records,713,0.995,report_generation,200
sess_1038,2026-05-22 14:30:51,ent_corp_alpha,usr_538,agt_6,"SELECT amount, id FROM billing_records WHERE id = 74983",SELECT,billing_records,766,0.8269,report_generation,200
sess_1038,2026-05-22 14:31:16,ent_corp_alpha,usr_538,agt_6,"SELECT id, email FROM customers WHERE id = 15760",SELECT,customers,76,0.7814,report_generation,200
sess_1038,2026-05-22 14:34:06,ent_corp_alpha,usr_538,agt_6,"SELECT customer_id, COUNT(*) FROM billing_records GROUP BY customer_id",AGGREGATION,billing_records,8227,0.995,report_generation,200
sess_1038,2026-05-22 14:34:38,ent_corp_alpha,usr_538,agt_6,"SELECT name, SUM(amount) FROM customers GROUP BY name",AGGREGATION,customers,1604,0.7074,report_generation,200
sess_1038,2026-05-22 14:35:59,ent_corp_alpha,usr_538,agt_6,UPDATE orders SET customer_id = '5676' WHERE id = 3405,UPDATE,orders,25565,0.995,report_generation,200
sess_1038,2026-05-22 14:37:11,ent_corp_alpha,usr_538,agt_6,"SELECT id, amount FROM orders WHERE id = 22038",SELECT,orders,167,0.6266,report_generation,200
sess_1038,2026-05-22 14:40:41,ent_corp_alpha,usr_538,agt_6,"SELECT customer_id, COUNT(*) FROM billing_records GROUP BY customer_id",AGGREGATION,billing_records,5699,0.8248,report_generation,200
sess_1038,2026-05-22 14:42:38,ent_corp_alpha,usr_538,agt_6,"SELECT name, COUNT(*) FROM customers GROUP BY name",AGGREGATION,customers,8453,0.8879,report_generation,200
sess_1038,2026-05-22 14:44:05,ent_corp_alpha,usr_538,agt_6,UPDATE orders SET created_at = '3126' WHERE id = 4991,UPDATE,orders,694,0.995,report_generation,200
sess_1038,2026-05-22 14:45:27,ent_corp_alpha,usr_538,agt_6,"SELECT id, COUNT(*) FROM products GROUP BY id",AGGREGATION,products,5014,0.7536,report_generation,200
sess_1038,2026-05-22 14:45:38,ent_corp_alpha,usr_538,agt_6,"SELECT customer_id, COUNT(*) FROM orders GROUP BY customer_id",AGGREGATION,orders,1587,0.9635,report_generation,200
sess_1038,2026-05-22 14:47:52,ent_corp_alpha,usr_538,agt_6,"SELECT id, amount FROM orders WHERE id = 47421",SELECT,orders,77,0.8268,report_generation,200
sess_1038,2026-05-22 14:48:43,ent_corp_alpha,usr_538,agt_6,UPDATE orders SET status = '3866' WHERE id = 7551,UPDATE,orders,404,0.9429,report_generation,200
sess_1038,2026-05-22 14:50:21,ent_corp_alpha,usr_538,agt_6,"SELECT name, region FROM customers WHERE id = 63771",SELECT,customers,138,0.9287,report_generation,200
sess_1038,2026-05-22 14:53:43,ent_corp_alpha,usr_538,agt_6,"SELECT products.id, customers.id FROM products JOIN customers ON products.id = customers.id",JOIN,"products,customers",5548,0.7375,report_generation,200
sess_1039,2026-05-22 04:46:23,ent_apex_gamma,usr_539,agt_8,"SELECT amount, status FROM orders WHERE id = 35901",SELECT,orders,4935,0.8627,billing_summary,200
sess_1039,2026-05-22 04:47:14,ent_apex_gamma,usr_539,agt_8,"SELECT id, month FROM billing_records WHERE id = 38681",SELECT,billing_records,131,0.8417,billing_summary,200
sess_1039,2026-05-22 04:47:42,ent_apex_gamma,usr_539,agt_8,"SELECT month, amount FROM billing_records WHERE id = 71055",SELECT,billing_records,95,0.7745,billing_summary,200
sess_1039,2026-05-22 04:52:30,ent_apex_gamma,usr_539,agt_8,"SELECT email, SUM(amount) FROM customers GROUP BY email",AGGREGATION,customers,670,0.7665,billing_summary,200
sess_1039,2026-05-22 04:55:57,ent_apex_gamma,usr_539,agt_8,"SELECT created_at, amount FROM orders WHERE id = 50185",SELECT,orders,63,0.8955,billing_summary,200
sess_1039,2026-05-22 04:56:43,ent_apex_gamma,usr_539,agt_8,"SELECT customer_id, method FROM billing_records WHERE id = 47244",SELECT,billing_records,941,0.8748,billing_summary,500
sess_1039,2026-05-22 04:57:23,ent_apex_gamma,usr_539,agt_8,"SELECT name, SUM(amount) FROM customers GROUP BY name",AGGREGATION,customers,330,0.8055,billing_summary,200
sess_1039,2026-05-22 04:58:14,ent_apex_gamma,usr_539,agt_8,"SELECT month, id FROM billing_records WHERE id = 12365",SELECT,billing_records,103,0.9422,billing_summary,200
sess_1039,2026-05-22 04:58:24,ent_apex_gamma,usr_539,agt_8,"SELECT amount, customer_id FROM billing_records WHERE id = 35068",SELECT,billing_records,961,0.8105,billing_summary,200
sess_1039,2026-05-22 04:58:49,ent_apex_gamma,usr_539,agt_8,"SELECT id, created_at FROM customers WHERE id = 22502",SELECT,customers,1266,0.9299,billing_summary,200
sess_1039,2026-05-22 05:02:38,ent_apex_gamma,usr_539,agt_8,"SELECT created_at, SUM(amount) FROM orders GROUP BY created_at",AGGREGATION,orders,4879,0.8573,billing_summary,200
sess_1039,2026-05-22 05:02:57,ent_apex_gamma,usr_539,agt_8,"SELECT id, created_at FROM orders WHERE id = 46285",SELECT,orders,1175,0.8924,billing_summary,200
sess_1040,2026-05-24 15:43:34,ent_apex_gamma,usr_540,agt_8,UPDATE billing_records SET amount = '4010' WHERE id = 3807,UPDATE,billing_records,113,0.9198,sales_performance,200
sess_1040,2026-05-24 15:44:24,ent_apex_gamma,usr_540,agt_8,"SELECT id, price FROM products WHERE id = 66966",SELECT,products,607,0.8781,sales_performance,200
sess_1040,2026-05-24 15:46:07,ent_apex_gamma,usr_540,agt_8,"SELECT name, category FROM products WHERE id = 18713",SELECT,products,857,0.9574,sales_performance,200
sess_1040,2026-05-24 15:47:07,ent_apex_gamma,usr_540,agt_8,"SELECT category, name FROM products WHERE id = 36572",SELECT,products,108,0.8001,sales_performance,200
sess_1040,2026-05-24 15:48:06,ent_apex_gamma,usr_540,agt_8,"SELECT method, id FROM billing_records WHERE id = 83572",SELECT,billing_records,403,0.9473,sales_performance,200
sess_1040,2026-05-24 15:53:21,ent_apex_gamma,usr_540,agt_8,"SELECT price, category FROM products WHERE id = 64676",SELECT,products,204,0.8524,sales_performance,200
sess_1040,2026-05-24 15:53:38,ent_apex_gamma,usr_540,agt_8,"SELECT id, customer_id FROM orders WHERE id = 35273",SELECT,orders,573,0.9084,sales_performance,200
sess_1040,2026-05-24 15:55:48,ent_apex_gamma,usr_540,agt_8,"SELECT category, name FROM products WHERE id = 19788",SELECT,products,230,0.7734,sales_performance,200
sess_1040,2026-05-24 15:55:59,ent_apex_gamma,usr_540,agt_8,"SELECT customer_id, amount FROM orders WHERE id = 84849",SELECT,orders,511,0.8752,sales_performance,200
sess_1040,2026-05-24 15:56:35,ent_apex_gamma,usr_540,agt_8,"SELECT id, amount FROM billing_records WHERE id = 36328",SELECT,billing_records,1132,0.7897,sales_performance,200
sess_1040,2026-05-24 16:02:20,ent_apex_gamma,usr_540,agt_8,"SELECT products.id, billing_records.id FROM products JOIN billing_records ON products.id = billing_records.id",JOIN,"products,billing_records",206,0.9247,sales_performance,200
sess_1040,2026-05-24 16:03:45,ent_apex_gamma,usr_540,agt_8,"SELECT category, name FROM products WHERE id = 17919",SELECT,products,176,0.8949,sales_performance,200
sess_1041,2026-05-24 11:37:48,ent_nexus_beta,usr_541,agt_11,"SELECT amount, customer_id FROM orders WHERE id = 37561",SELECT,orders,572,0.9586,sales_performance,200
sess_1041,2026-05-24 11:39:13,ent_nexus_beta,usr_541,agt_11,"SELECT status, created_at FROM orders WHERE id = 55229",SELECT,orders,106,0.8107,sales_performance,200
sess_1041,2026-05-24 11:39:16,ent_nexus_beta,usr_541,agt_11,"SELECT products.id, billing_records.id FROM products JOIN billing_records ON products.id = billing_records.id",JOIN,"products,billing_records",1489,0.8445,sales_performance,200
sess_1041,2026-05-24 11:41:26,ent_nexus_beta,usr_541,agt_11,"SELECT customer_id, amount FROM billing_records WHERE id = 44372",SELECT,billing_records,2521,0.7591,sales_performance,200
sess_1041,2026-05-24 11:43:42,ent_nexus_beta,usr_541,agt_11,"SELECT customer_id, amount FROM billing_records WHERE id = 75198",SELECT,billing_records,175,0.986,sales_performance,200
sess_1041,2026-05-24 11:44:58,ent_nexus_beta,usr_541,agt_11,"SELECT name, COUNT(*) FROM products GROUP BY name",AGGREGATION,products,3721,0.9394,sales_performance,200
sess_1041,2026-05-24 11:46:52,ent_nexus_beta,usr_541,agt_11,"SELECT amount, id FROM orders WHERE id = 7676",SELECT,orders,155,0.8044,sales_performance,200
sess_1041,2026-05-24 11:47:24,ent_nexus_beta,usr_541,agt_11,"SELECT status, COUNT(*) FROM orders GROUP BY status",AGGREGATION,orders,11476,0.7714,sales_performance,200
sess_1041,2026-05-24 11:47:40,ent_nexus_beta,usr_541,agt_11,"SELECT method, id FROM billing_records WHERE id = 12395",SELECT,billing_records,158,0.9577,sales_performance,200
sess_1041,2026-05-24 11:48:15,ent_nexus_beta,usr_541,agt_11,"SELECT price, id FROM products WHERE id = 47671",SELECT,products,3114,0.7494,sales_performance,200
sess_1041,2026-05-24 11:51:27,ent_nexus_beta,usr_541,agt_11,"SELECT customer_id, amount FROM orders WHERE id = 38586",SELECT,orders,321,0.8705,sales_performance,200
sess_1041,2026-05-24 11:52:30,ent_nexus_beta,usr_541,agt_11,"SELECT id, MAX(id) FROM billing_records GROUP BY id",AGGREGATION,billing_records,7827,0.835,sales_performance,200
sess_1041,2026-05-24 11:53:22,ent_nexus_beta,usr_541,agt_11,"SELECT amount, method FROM billing_records WHERE id = 33093",SELECT,billing_records,69,0.927,sales_performance,200
sess_1041,2026-05-24 11:58:33,ent_nexus_beta,usr_541,agt_11,"SELECT amount, AVG(amount) FROM billing_records GROUP BY amount",AGGREGATION,billing_records,9188,0.9452,sales_performance,500
sess_1042,2026-05-04 23:20:47,ent_corp_alpha,usr_542,agt_1,"SELECT role, last_login FROM users WHERE id = 50940",SELECT,users,445,0.995,payroll_processing,200
sess_1042,2026-05-04 23:22:20,ent_corp_alpha,usr_542,agt_1,"SELECT role, last_login FROM users WHERE id = 91081",SELECT,users,56,0.995,payroll_processing,200
sess_1042,2026-05-04 23:26:06,ent_corp_alpha,usr_542,agt_1,"SELECT role, username FROM users WHERE id = 82838",SELECT,users,107,0.8933,payroll_processing,200
sess_1042,2026-05-04 23:26:26,ent_corp_alpha,usr_542,agt_1,"SELECT employee_id, bonus FROM employee_salaries WHERE id = 74000",SELECT,employee_salaries,83,0.8209,payroll_processing,200
sess_1042,2026-05-04 23:32:09,ent_corp_alpha,usr_542,agt_1,"SELECT employee_id, base_salary FROM employee_salaries WHERE id = 71868",SELECT,employee_salaries,174,0.7617,payroll_processing,200
sess_1042,2026-05-04 23:33:28,ent_corp_alpha,usr_542,agt_1,"SELECT id, employee_id FROM employee_salaries WHERE id = 97153",SELECT,employee_salaries,109,0.7743,payroll_processing,200
sess_1042,2026-05-04 23:41:46,ent_corp_alpha,usr_542,agt_1,"SELECT username, id FROM users WHERE id = 6952",SELECT,users,68,0.9512,payroll_processing,200
sess_1042,2026-05-04 23:44:29,ent_corp_alpha,usr_542,agt_1,"SELECT bonus, base_salary FROM employee_salaries WHERE id = 55058",SELECT,employee_salaries,241,0.7517,payroll_processing,200
sess_1042,2026-05-04 23:45:25,ent_corp_alpha,usr_542,agt_1,"SELECT equity, exec_id FROM executive_compensation WHERE id = 64038",SELECT,executive_compensation,91,0.5593,sales_performance,200
sess_1042,2026-05-04 23:54:11,ent_corp_alpha,usr_542,agt_1,"SELECT ts, message FROM logs WHERE id = 61750",SELECT,logs,144,0.6342,sales_performance,200
sess_1042,2026-05-04 23:58:12,ent_corp_alpha,usr_542,agt_1,"SELECT id, role FROM users WHERE id = 28527",SELECT,users,204,0.5932,schema_audit,200
sess_1042,2026-05-04 23:58:58,ent_corp_alpha,usr_542,agt_1,"SELECT address, phone FROM customer_pii WHERE id = 56006",SELECT,customer_pii,219,0.7802,payroll_processing,200
sess_1042,2026-05-05 00:06:23,ent_corp_alpha,usr_542,agt_1,"SELECT username, role FROM users WHERE id = 5588",SELECT,users,154,0.5096,billing_summary,200
sess_1042,2026-05-05 00:27:59,ent_corp_alpha,usr_542,agt_1,"SELECT customer_id, amount FROM billing_records WHERE id = 26690",SELECT,billing_records,59,0.5618,report_generation,200
sess_1042,2026-05-05 00:33:40,ent_corp_alpha,usr_542,agt_1,"SELECT id, secret_hash FROM system_credentials WHERE id = 13284",SELECT,system_credentials,118,0.6313,support_triage,200
sess_1042,2026-05-05 00:39:14,ent_corp_alpha,usr_542,agt_1,"SELECT exec_id, year FROM executive_compensation WHERE id = 2085",SELECT,executive_compensation,66,0.6552,report_generation,200
sess_1042,2026-05-05 00:42:47,ent_corp_alpha,usr_542,agt_1,"SELECT id, ts FROM logs WHERE id = 95466",SELECT,logs,316,0.7573,inventory_check,403
sess_1042,2026-05-05 00:47:50,ent_corp_alpha,usr_542,agt_1,"SELECT grade, bonus FROM employee_salaries WHERE id = 67965",SELECT,employee_salaries,79,0.7653,inventory_check,200
sess_1042,2026-05-05 00:50:25,ent_corp_alpha,usr_542,agt_1,"SELECT id, last_login FROM users WHERE id = 13715",SELECT,users,138,0.7104,system_health_check,200
sess_1042,2026-05-05 00:56:08,ent_corp_alpha,usr_542,agt_1,"SELECT id, user_id FROM page_views WHERE id = 33129",SELECT,page_views,192,0.518,billing_summary,200
sess_1042,2026-05-05 00:59:32,ent_corp_alpha,usr_542,agt_1,"SELECT dob, phone FROM customer_pii WHERE id = 8972",SELECT,customer_pii,266,0.9044,schema_audit,200
sess_1042,2026-05-05 01:09:37,ent_corp_alpha,usr_542,agt_1,"SELECT id, ts FROM page_views WHERE id = 99794",SELECT,page_views,346,0.689,billing_summary,200
sess_1042,2026-05-05 01:12:56,ent_corp_alpha,usr_542,agt_1,"SELECT exec_id, year FROM executive_compensation WHERE id = 11908",SELECT,executive_compensation,146,0.5801,support_triage,200
sess_1042,2026-05-05 01:14:27,ent_corp_alpha,usr_542,agt_1,"SELECT exec_id, id FROM executive_compensation WHERE id = 75095",SELECT,executive_compensation,102,0.5737,compensation_review,200
sess_1042,2026-05-05 01:15:11,ent_corp_alpha,usr_542,agt_1,"SELECT price, name FROM products WHERE id = 58897",SELECT,products,35,0.5079,payroll_processing,200
sess_1042,2026-05-05 01:17:58,ent_corp_alpha,usr_542,agt_1,"SELECT subject, priority FROM support_tickets WHERE id = 93275",SELECT,support_tickets,118,0.5842,order_management,200
sess_1042,2026-05-05 01:21:24,ent_corp_alpha,usr_542,agt_1,"SELECT table_name, column_name FROM information_schema.columns WHERE id = 69669",SELECT,information_schema.columns,66,0.6855,support_triage,200
sess_1042,2026-05-05 01:22:45,ent_corp_alpha,usr_542,agt_1,"SELECT table_schema, row_count FROM information_schema.tables WHERE id = 66544",SELECT,information_schema.tables,169,0.684,customer_lookup,200
sess_1042,2026-05-05 01:28:12,ent_corp_alpha,usr_542,agt_1,"SELECT id, customer_id FROM billing_records WHERE id = 51459",SELECT,billing_records,39,0.6571,system_health_check,200
sess_1042,2026-05-05 01:29:44,ent_corp_alpha,usr_542,agt_1,"SELECT table_name, column_name FROM information_schema.columns WHERE id = 31079",SELECT,information_schema.columns,829,0.5423,sales_performance,200
sess_1042,2026-05-05 01:33:51,ent_corp_alpha,usr_542,agt_1,"SELECT exec_id, id FROM executive_compensation WHERE id = 8223",SELECT,executive_compensation,437,0.6033,report_generation,200
sess_1042,2026-05-05 01:35:47,ent_corp_alpha,usr_542,agt_1,"SELECT base_salary, employee_id FROM employee_salaries WHERE id = 95830",SELECT,employee_salaries,50,0.5749,compensation_review,200
sess_1043,2026-05-27 19:53:21,ent_apex_gamma,usr_543,agt_1,"SELECT name, MAX(id) FROM customers GROUP BY name",AGGREGATION,customers,3920,0.9694,customer_lookup,200
sess_1043,2026-05-27 19:55:36,ent_apex_gamma,usr_543,agt_1,"SELECT priority, customer_id FROM support_tickets WHERE id = 5667",SELECT,support_tickets,1698,0.9266,customer_lookup,200
sess_1043,2026-05-27 19:59:49,ent_apex_gamma,usr_543,agt_1,"SELECT id, status FROM support_tickets WHERE id = 91328",SELECT,support_tickets,4772,0.8403,customer_lookup,200
sess_1043,2026-05-27 20:01:23,ent_apex_gamma,usr_543,agt_1,UPDATE orders SET status = '5300' WHERE id = 4209,UPDATE,orders,116,0.9118,customer_lookup,200
sess_1043,2026-05-27 20:03:05,ent_apex_gamma,usr_543,agt_1,"SELECT customer_id, status FROM support_tickets WHERE id = 87574",SELECT,support_tickets,57,0.9538,customer_lookup,200
sess_1043,2026-05-27 20:05:33,ent_apex_gamma,usr_543,agt_1,"SELECT customer_id, SUM(amount) FROM support_tickets GROUP BY customer_id",AGGREGATION,support_tickets,1416,0.8529,customer_lookup,200
sess_1043,2026-05-27 20:05:53,ent_apex_gamma,usr_543,agt_1,"SELECT subject, AVG(amount) FROM support_tickets GROUP BY subject",AGGREGATION,support_tickets,3501,0.8647,customer_lookup,200
sess_1043,2026-05-27 20:10:25,ent_apex_gamma,usr_543,agt_1,"SELECT subject, MAX(id) FROM support_tickets GROUP BY subject",AGGREGATION,support_tickets,1459,0.9633,customer_lookup,200
sess_1043,2026-05-27 20:14:44,ent_apex_gamma,usr_543,agt_1,"SELECT customer_id, priority FROM support_tickets WHERE id = 39793",SELECT,support_tickets,531,0.9849,customer_lookup,200
sess_1043,2026-05-27 20:16:12,ent_apex_gamma,usr_543,agt_1,"SELECT status, amount FROM orders WHERE id = 53153",SELECT,orders,108,0.9332,customer_lookup,200
sess_1043,2026-05-27 20:16:27,ent_apex_gamma,usr_543,agt_1,"SELECT id, created_at FROM customers WHERE id = 99011",SELECT,customers,205,0.995,customer_lookup,200
sess_1043,2026-05-27 20:17:09,ent_apex_gamma,usr_543,agt_1,UPDATE customers SET created_at = '2881' WHERE id = 4640,UPDATE,customers,41,0.8765,customer_lookup,200
sess_1043,2026-05-27 20:17:34,ent_apex_gamma,usr_543,agt_1,"SELECT id, created_at FROM customers WHERE id = 97593",SELECT,customers,666,0.8585,customer_lookup,200
sess_1044,2026-05-02 18:33:42,ent_corp_alpha,usr_544,agt_6,UPDATE executive_compensation SET total_comp = '9575' WHERE id = 6335,UPDATE,executive_compensation,96,0.7476,compensation_review,200
sess_1044,2026-05-02 18:34:01,ent_corp_alpha,usr_544,agt_6,"SELECT bonus, employee_id FROM employee_salaries WHERE id = 68735",SELECT,employee_salaries,209,0.7871,compensation_review,200
sess_1044,2026-05-02 18:35:03,ent_corp_alpha,usr_544,agt_6,"SELECT year, SUM(amount) FROM executive_compensation GROUP BY year",AGGREGATION,executive_compensation,4182,0.8902,compensation_review,200
sess_1044,2026-05-02 18:37:03,ent_corp_alpha,usr_544,agt_6,"SELECT id, year FROM executive_compensation WHERE id = 83673",SELECT,executive_compensation,18,0.8815,compensation_review,200
sess_1044,2026-05-02 18:37:05,ent_corp_alpha,usr_544,agt_6,"SELECT equity, MAX(id) FROM executive_compensation GROUP BY equity",AGGREGATION,executive_compensation,60000,0.7731,compensation_review,403
sess_1044,2026-05-02 18:39:30,ent_corp_alpha,usr_544,agt_6,UPDATE executive_compensation SET total_comp = '3733' WHERE id = 2894,UPDATE,executive_compensation,544,0.7628,compensation_review,403
sess_1044,2026-05-02 18:43:01,ent_corp_alpha,usr_544,agt_6,"SELECT id, grade FROM employee_salaries WHERE id = 22242",SELECT,employee_salaries,136,0.796,compensation_review,200
sess_1044,2026-05-02 18:45:45,ent_corp_alpha,usr_544,agt_6,"SELECT id, base_salary FROM employee_salaries WHERE id = 96258",SELECT,employee_salaries,419,0.9492,compensation_review,200
sess_1044,2026-05-02 18:46:54,ent_corp_alpha,usr_544,agt_6,"SELECT year, exec_id FROM executive_compensation WHERE id = 47161",SELECT,executive_compensation,135,0.8448,compensation_review,200
sess_1044,2026-05-02 18:48:20,ent_corp_alpha,usr_544,agt_6,"SELECT equity, year FROM executive_compensation WHERE id = 142",SELECT,executive_compensation,67,0.8701,compensation_review,200
sess_1044,2026-05-02 18:54:02,ent_corp_alpha,usr_544,agt_6,"SELECT id, base_salary FROM employee_salaries WHERE id = 55926",SELECT,employee_salaries,2507,0.6851,compensation_review,200
sess_1044,2026-05-02 18:54:13,ent_corp_alpha,usr_544,agt_6,"SELECT exec_id, id FROM executive_compensation WHERE id = 74561",SELECT,executive_compensation,32,0.866,compensation_review,200
sess_1044,2026-05-02 18:55:41,ent_corp_alpha,usr_544,agt_6,"SELECT equity, exec_id FROM executive_compensation WHERE id = 70917",SELECT,executive_compensation,1264,0.8487,compensation_review,200
sess_1045,2026-04-29 00:43:24,ent_apex_gamma,usr_545,agt_9,"SELECT row_count, MAX(id) FROM information_schema.tables GROUP BY row_count",AGGREGATION,information_schema.tables,12733,0.8057,schema_audit,200
sess_1045,2026-04-29 00:43:41,ent_apex_gamma,usr_545,agt_9,SELECT * FROM audit_log,SELECT,audit_log,128386,0.9192,schema_audit,500
sess_1045,2026-04-29 00:50:38,ent_apex_gamma,usr_545,agt_9,"SELECT row_count, AVG(amount) FROM information_schema.tables GROUP BY row_count",AGGREGATION,information_schema.tables,7834,0.9398,schema_audit,200
sess_1045,2026-04-29 00:51:36,ent_apex_gamma,usr_545,agt_9,"SELECT table_schema, table_name FROM information_schema.tables WHERE id = 90232",SELECT,information_schema.tables,2039,0.7471,schema_audit,200
sess_1045,2026-04-29 00:53:19,ent_apex_gamma,usr_545,agt_9,"SELECT column_name, data_type FROM information_schema.columns WHERE id = 43375",SELECT,information_schema.columns,5779,0.8696,schema_audit,200
sess_1045,2026-04-29 00:54:40,ent_apex_gamma,usr_545,agt_9,"SELECT column_name, data_type FROM information_schema.columns WHERE id = 90691",SELECT,information_schema.columns,1175,0.9457,schema_audit,200
sess_1045,2026-04-29 00:55:35,ent_apex_gamma,usr_545,agt_9,"SELECT column_name, data_type FROM information_schema.columns WHERE id = 1669",SELECT,information_schema.columns,1013,0.8663,schema_audit,200
sess_1045,2026-04-29 00:56:25,ent_apex_gamma,usr_545,agt_9,"SELECT table_schema, row_count FROM information_schema.tables WHERE id = 90655",SELECT,information_schema.tables,1524,0.7515,schema_audit,200
sess_1045,2026-04-29 00:59:58,ent_apex_gamma,usr_545,agt_9,"SELECT data_type, COUNT(*) FROM information_schema.columns GROUP BY data_type",AGGREGATION,information_schema.columns,4642,0.6853,schema_audit,200
sess_1045,2026-04-29 01:00:36,ent_apex_gamma,usr_545,agt_9,"SELECT data_type, table_name FROM information_schema.columns WHERE id = 45076",SELECT,information_schema.columns,170,0.9072,schema_audit,200
sess_1045,2026-04-29 01:01:16,ent_apex_gamma,usr_545,agt_9,"SELECT table_name, MAX(id) FROM information_schema.tables GROUP BY table_name",AGGREGATION,information_schema.tables,6966,0.8318,schema_audit,200
sess_1045,2026-04-29 01:02:04,ent_apex_gamma,usr_545,agt_9,"SELECT target, actor FROM audit_log WHERE id = 57646",SELECT,audit_log,5379,0.9552,schema_audit,200
sess_1045,2026-04-29 01:02:50,ent_apex_gamma,usr_545,agt_9,"SELECT table_name, column_name FROM information_schema.columns WHERE id = 63205",SELECT,information_schema.columns,1440,0.8538,schema_audit,200
sess_1046,2026-04-30 12:57:30,ent_nexus_beta,usr_546,agt_5,UPDATE logs SET id = '5075' WHERE id = 8106,UPDATE,logs,219,0.9108,system_health_check,200
sess_1046,2026-04-30 12:57:57,ent_nexus_beta,usr_546,agt_5,"SELECT information_schema.tables.id, logs.id FROM information_schema.tables JOIN logs ON information_schema.tables.id = logs.id",JOIN,"information_schema.tables,logs",9003,0.8373,system_health_check,200
sess_1046,2026-04-30 12:58:43,ent_nexus_beta,usr_546,agt_5,"SELECT table_name, AVG(amount) FROM information_schema.tables GROUP BY table_name",AGGREGATION,information_schema.tables,4149,0.995,system_health_check,200
sess_1046,2026-04-30 12:59:06,ent_nexus_beta,usr_546,agt_5,"SELECT row_count, SUM(amount) FROM information_schema.tables GROUP BY row_count",AGGREGATION,information_schema.tables,12817,0.8692,system_health_check,200
sess_1046,2026-04-30 12:59:42,ent_nexus_beta,usr_546,agt_5,"SELECT ts, url FROM page_views WHERE id = 61115",SELECT,page_views,99,0.7684,system_health_check,200
sess_1046,2026-04-30 13:00:49,ent_nexus_beta,usr_546,agt_5,"SELECT table_schema, table_name FROM information_schema.tables WHERE id = 13846",SELECT,information_schema.tables,3115,0.7657,system_health_check,200
sess_1046,2026-04-30 13:01:38,ent_nexus_beta,usr_546,agt_5,"SELECT user_id, url FROM page_views WHERE id = 53229",SELECT,page_views,154,0.6933,system_health_check,403
sess_1046,2026-04-30 13:03:57,ent_nexus_beta,usr_546,agt_5,"SELECT message, id FROM logs WHERE id = 83350",SELECT,logs,658,0.9594,system_health_check,200
sess_1046,2026-04-30 13:04:35,ent_nexus_beta,usr_546,agt_5,"SELECT user_id, SUM(amount) FROM page_views GROUP BY user_id",AGGREGATION,page_views,8174,0.9903,system_health_check,200
sess_1046,2026-04-30 13:08:10,ent_nexus_beta,usr_546,agt_5,"SELECT table_schema, table_name FROM information_schema.tables WHERE id = 17639",SELECT,information_schema.tables,1211,0.986,system_health_check,200
sess_1047,2026-05-25 10:02:26,ent_apex_gamma,usr_547,agt_5,"SELECT id, name FROM products WHERE id = 61576",SELECT,products,5779,0.8776,inventory_check,200
sess_1047,2026-05-25 10:02:40,ent_apex_gamma,usr_547,agt_5,"SELECT eta, order_id FROM shipments WHERE id = 33145",SELECT,shipments,5613,0.9618,inventory_check,200
sess_1047,2026-05-25 10:03:44,ent_apex_gamma,usr_547,agt_5,"SELECT price, name FROM products WHERE id = 52665",SELECT,products,799,0.7774,inventory_check,200
sess_1047,2026-05-25 10:06:33,ent_apex_gamma,usr_547,agt_5,"SELECT sku, id FROM inventory WHERE id = 69559",SELECT,inventory,653,0.6941,inventory_check,200
sess_1047,2026-05-25 10:08:32,ent_apex_gamma,usr_547,agt_5,"SELECT eta, order_id FROM shipments WHERE id = 99566",SELECT,shipments,112,0.99,inventory_check,200
sess_1047,2026-05-25 10:09:16,ent_apex_gamma,usr_547,agt_5,"SELECT id, stock FROM inventory WHERE id = 60074",SELECT,inventory,125,0.9732,inventory_check,200
sess_1047,2026-05-25 10:10:37,ent_apex_gamma,usr_547,agt_5,"SELECT sku, warehouse FROM inventory WHERE id = 50057",SELECT,inventory,210,0.742,inventory_check,200
sess_1047,2026-05-25 10:11:38,ent_apex_gamma,usr_547,agt_5,"SELECT price, name FROM products WHERE id = 63770",SELECT,products,282,0.659,inventory_check,200
sess_1047,2026-05-25 10:13:56,ent_apex_gamma,usr_547,agt_5,"SELECT inventory.id, shipments.id FROM inventory JOIN shipments ON inventory.id = shipments.id",JOIN,"inventory,shipments",435,0.9779,inventory_check,200
sess_1047,2026-05-25 10:17:13,ent_apex_gamma,usr_547,agt_5,UPDATE products SET id = '2013' WHERE id = 626,UPDATE,products,1596,0.9637,inventory_check,200
sess_1048,2026-05-26 15:30:17,ent_apex_gamma,usr_548,agt_7,"SELECT id, url FROM page_views WHERE id = 6333",SELECT,page_views,1683,0.8848,system_health_check,200
sess_1048,2026-05-26 15:31:12,ent_apex_gamma,usr_548,agt_7,"SELECT table_schema, row_count FROM information_schema.tables WHERE id = 52886",SELECT,information_schema.tables,113,0.7547,system_health_check,200
sess_1048,2026-05-26 15:31:35,ent_apex_gamma,usr_548,agt_7,"SELECT row_count, table_name FROM information_schema.tables WHERE id = 87297",SELECT,information_schema.tables,247,0.9461,system_health_check,200
sess_1048,2026-05-26 15:34:10,ent_apex_gamma,usr_548,agt_7,"SELECT url, ts FROM page_views WHERE id = 29494",SELECT,page_views,3864,0.9169,system_health_check,200
sess_1048,2026-05-26 15:34:27,ent_apex_gamma,usr_548,agt_7,"SELECT ts, message FROM logs WHERE id = 69403",SELECT,logs,239,0.5763,system_health_check,200
sess_1048,2026-05-26 15:35:06,ent_apex_gamma,usr_548,agt_7,"SELECT ts, MAX(id) FROM logs GROUP BY ts",AGGREGATION,logs,8179,0.89,system_health_check,200
sess_1048,2026-05-26 15:36:35,ent_apex_gamma,usr_548,agt_7,UPDATE logs SET level = '9401' WHERE id = 8300,UPDATE,logs,652,0.9407,system_health_check,200
sess_1048,2026-05-26 15:37:00,ent_apex_gamma,usr_548,agt_7,"SELECT row_count, AVG(amount) FROM information_schema.tables GROUP BY row_count",AGGREGATION,information_schema.tables,25259,0.8058,system_health_check,200
sess_1048,2026-05-26 15:43:32,ent_apex_gamma,usr_548,agt_7,"SELECT row_count, table_name FROM information_schema.tables WHERE id = 3169",SELECT,information_schema.tables,828,0.995,system_health_check,200
sess_1048,2026-05-26 15:48:34,ent_apex_gamma,usr_548,agt_7,UPDATE information_schema.tables SET table_name = '3184' WHERE id = 2110,UPDATE,information_schema.tables,5742,0.995,system_health_check,200
sess_1048,2026-05-26 15:48:37,ent_apex_gamma,usr_548,agt_7,"SELECT message, MAX(id) FROM logs GROUP BY message",AGGREGATION,logs,7791,0.8464,system_health_check,200
sess_1048,2026-05-26 15:50:56,ent_apex_gamma,usr_548,agt_7,"SELECT id, AVG(amount) FROM logs GROUP BY id",AGGREGATION,logs,7404,0.7363,system_health_check,200
sess_1048,2026-05-26 15:50:58,ent_apex_gamma,usr_548,agt_7,"SELECT table_name, row_count FROM information_schema.tables WHERE id = 62560",SELECT,information_schema.tables,7363,0.995,system_health_check,200
sess_1049,2026-05-11 08:43:48,ent_corp_alpha,usr_549,agt_12,"SELECT status, SUM(amount) FROM orders GROUP BY status",AGGREGATION,orders,1774,0.7478,sales_performance,200
sess_1049,2026-05-11 08:44:19,ent_corp_alpha,usr_549,agt_12,"SELECT amount, customer_id FROM billing_records WHERE id = 92800",SELECT,billing_records,83,0.7598,sales_performance,200
sess_1049,2026-05-11 08:46:06,ent_corp_alpha,usr_549,agt_12,"SELECT customer_id, SUM(amount) FROM billing_records GROUP BY customer_id",AGGREGATION,billing_records,514,0.8564,sales_performance,200
sess_1049,2026-05-11 08:46:13,ent_corp_alpha,usr_549,agt_12,"SELECT month, id FROM billing_records WHERE id = 40226",SELECT,billing_records,599,0.7943,sales_performance,200
sess_1049,2026-05-11 08:46:34,ent_corp_alpha,usr_549,agt_12,"SELECT id, ts FROM audit_log WHERE id = 26690",SELECT,audit_log,30,0.7151,sales_performance,200
sess_1049,2026-05-11 08:48:46,ent_corp_alpha,usr_549,agt_12,"SELECT created_at, customer_id FROM orders WHERE id = 53823",SELECT,orders,486,0.995,sales_performance,200
sess_1049,2026-05-11 08:49:07,ent_corp_alpha,usr_549,agt_12,"SELECT category, AVG(amount) FROM products GROUP BY category",AGGREGATION,products,684,0.995,sales_performance,200
sess_1049,2026-05-11 08:49:50,ent_corp_alpha,usr_549,agt_12,"SELECT id, price FROM products WHERE id = 74558",SELECT,products,369,0.9365,sales_performance,403
sess_1049,2026-05-11 08:50:44,ent_corp_alpha,usr_549,agt_12,"SELECT amount, created_at FROM orders WHERE id = 23516",SELECT,orders,843,0.7531,sales_performance,200
sess_1049,2026-05-11 08:52:45,ent_corp_alpha,usr_549,agt_12,"SELECT created_at, customer_id FROM orders WHERE id = 2656",SELECT,orders,2199,0.8936,sales_performance,200
sess_1050,2026-05-01 17:07:57,ent_apex_gamma,usr_550,agt_6,"SELECT url, ts FROM page_views WHERE id = 92344",SELECT,page_views,1205,0.8271,system_health_check,200
sess_1050,2026-05-01 17:11:00,ent_apex_gamma,usr_550,agt_6,"SELECT row_count, MAX(id) FROM information_schema.tables GROUP BY row_count",AGGREGATION,information_schema.tables,24935,0.9014,system_health_check,200
sess_1050,2026-05-01 17:11:09,ent_apex_gamma,usr_550,agt_6,"SELECT url, id FROM page_views WHERE id = 6357",SELECT,page_views,139,0.8741,system_health_check,200
sess_1050,2026-05-01 17:12:00,ent_apex_gamma,usr_550,agt_6,"SELECT ts, url FROM page_views WHERE id = 46615",SELECT,page_views,450,0.6673,system_health_check,200
sess_1050,2026-05-01 17:12:02,ent_apex_gamma,usr_550,agt_6,"SELECT table_schema, MAX(id) FROM information_schema.tables GROUP BY table_schema",AGGREGATION,information_schema.tables,2460,0.8295,system_health_check,200
sess_1050,2026-05-01 17:13:10,ent_apex_gamma,usr_550,agt_6,"SELECT logs.id, information_schema.tables.id FROM logs JOIN information_schema.tables ON logs.id = information_schema.tables.id",JOIN,"logs,information_schema.tables",1611,0.886,system_health_check,200
sess_1050,2026-05-01 17:16:18,ent_apex_gamma,usr_550,agt_6,"SELECT page_views.id, information_schema.tables.id FROM page_views JOIN information_schema.tables ON page_views.id = information_schema.tables.id",JOIN,"page_views,information_schema.tables",2518,0.995,system_health_check,200
sess_1050,2026-05-01 17:18:49,ent_apex_gamma,usr_550,agt_6,"SELECT page_views.id, information_schema.tables.id FROM page_views JOIN information_schema.tables ON page_views.id = information_schema.tables.id",JOIN,"page_views,information_schema.tables",1108,0.7617,system_health_check,200
sess_1050,2026-05-01 17:20:53,ent_apex_gamma,usr_550,agt_6,"SELECT table_schema, table_name FROM information_schema.tables WHERE id = 19381",SELECT,information_schema.tables,42,0.937,system_health_check,200
sess_1050,2026-05-01 17:23:09,ent_apex_gamma,usr_550,agt_6,"SELECT ts, id FROM logs WHERE id = 47195",SELECT,logs,152,0.9478,system_health_check,200
sess_1051,2026-05-06 02:12:29,ent_corp_alpha,usr_551,agt_11,"SELECT created_at, id FROM customers WHERE id = 41514",SELECT,customers,71,0.8498,customer_lookup,200
sess_1051,2026-05-06 02:16:18,ent_corp_alpha,usr_551,agt_11,"SELECT created_at, name FROM customers WHERE id = 20937",SELECT,customers,1917,0.8781,customer_lookup,200
sess_1051,2026-05-06 02:20:21,ent_corp_alpha,usr_551,agt_11,"SELECT subject, status FROM support_tickets WHERE id = 95073",SELECT,support_tickets,43,0.9851,customer_lookup,200
sess_1051,2026-05-06 02:27:56,ent_corp_alpha,usr_551,agt_11,"SELECT customer_id, priority FROM support_tickets WHERE id = 84814",SELECT,support_tickets,915,0.9145,customer_lookup,200
sess_1051,2026-05-06 02:28:37,ent_corp_alpha,usr_551,agt_11,UPDATE orders SET created_at = '9959' WHERE id = 4941,UPDATE,orders,1933,0.7821,customer_lookup,200
sess_1051,2026-05-06 02:29:46,ent_corp_alpha,usr_551,agt_11,"SELECT id, name FROM customers WHERE id = 11019",SELECT,customers,838,0.9947,customer_lookup,200
sess_1051,2026-05-06 02:30:24,ent_corp_alpha,usr_551,agt_11,"SELECT customer_id, status FROM support_tickets WHERE id = 85321",SELECT,support_tickets,195,0.995,customer_lookup,200
sess_1051,2026-05-06 02:31:39,ent_corp_alpha,usr_551,agt_11,"SELECT id, SUM(amount) FROM support_tickets GROUP BY id",AGGREGATION,support_tickets,26310,0.9713,customer_lookup,200
sess_1051,2026-05-06 02:33:16,ent_corp_alpha,usr_551,agt_11,"SELECT subject, id FROM support_tickets WHERE id = 85743",SELECT,support_tickets,736,0.8608,customer_lookup,200
sess_1051,2026-05-06 02:33:37,ent_corp_alpha,usr_551,agt_11,"SELECT customer_id, id FROM support_tickets WHERE id = 78090",SELECT,support_tickets,493,0.9308,customer_lookup,200
sess_1051,2026-05-06 02:33:55,ent_corp_alpha,usr_551,agt_11,"SELECT created_at, region FROM customers WHERE id = 35114",SELECT,customers,195,0.9674,customer_lookup,200
sess_1051,2026-05-06 02:34:24,ent_corp_alpha,usr_551,agt_11,"SELECT created_at, AVG(amount) FROM customers GROUP BY created_at",AGGREGATION,customers,24787,0.9452,customer_lookup,200
sess_1052,2026-05-01 01:35:29,ent_apex_gamma,usr_552,agt_1,"SELECT method, SUM(amount) FROM billing_records GROUP BY method",AGGREGATION,billing_records,2678,0.8853,billing_summary,200
sess_1052,2026-05-01 01:38:15,ent_apex_gamma,usr_552,agt_1,"SELECT created_at, id FROM orders WHERE id = 95465",SELECT,orders,1415,0.8254,billing_summary,200
sess_1052,2026-05-01 01:39:09,ent_apex_gamma,usr_552,agt_1,"SELECT id, AVG(amount) FROM orders GROUP BY id",AGGREGATION,orders,818,0.995,billing_summary,200
sess_1052,2026-05-01 01:40:37,ent_apex_gamma,usr_552,agt_1,"SELECT customer_id, SUM(amount) FROM orders GROUP BY customer_id",AGGREGATION,orders,1935,0.7779,billing_summary,200
sess_1052,2026-05-01 01:40:40,ent_apex_gamma,usr_552,agt_1,"SELECT name, SUM(amount) FROM customers GROUP BY name",AGGREGATION,customers,1831,0.8264,billing_summary,200
sess_1052,2026-05-01 01:41:22,ent_apex_gamma,usr_552,agt_1,"SELECT id, status FROM orders WHERE id = 17478",SELECT,orders,812,0.8149,billing_summary,200
sess_1052,2026-05-01 01:42:32,ent_apex_gamma,usr_552,agt_1,"SELECT amount, AVG(amount) FROM billing_records GROUP BY amount",AGGREGATION,billing_records,1231,0.8532,billing_summary,500
sess_1052,2026-05-01 01:43:30,ent_apex_gamma,usr_552,agt_1,"SELECT row_count, table_schema FROM information_schema.tables WHERE id = 46533",SELECT,information_schema.tables,139,0.5116,billing_summary,200
sess_1052,2026-05-01 01:43:34,ent_apex_gamma,usr_552,agt_1,"SELECT region, id FROM customers WHERE id = 6674",SELECT,customers,2788,0.8772,billing_summary,200
sess_1052,2026-05-01 01:43:40,ent_apex_gamma,usr_552,agt_1,"SELECT customer_id, SUM(amount) FROM orders GROUP BY customer_id",AGGREGATION,orders,763,0.995,billing_summary,200
sess_1052,2026-05-01 01:44:16,ent_apex_gamma,usr_552,agt_1,"SELECT month, SUM(amount) FROM billing_records GROUP BY month",AGGREGATION,billing_records,144,0.7993,billing_summary,200
sess_1052,2026-05-01 01:45:05,ent_apex_gamma,usr_552,agt_1,"SELECT email, MAX(id) FROM customers GROUP BY email",AGGREGATION,customers,2458,0.9153,billing_summary,200
sess_1052,2026-05-01 01:46:38,ent_apex_gamma,usr_552,agt_1,"SELECT customer_id, SUM(amount) FROM orders GROUP BY customer_id",AGGREGATION,orders,2116,0.957,billing_summary,200
sess_1053,2026-05-11 15:48:12,ent_apex_gamma,usr_553,agt_8,"SELECT id, stock FROM inventory WHERE id = 54681",SELECT,inventory,137,0.8713,inventory_check,200
sess_1053,2026-05-11 15:48:44,ent_apex_gamma,usr_553,agt_8,"SELECT category, COUNT(*) FROM products GROUP BY category",AGGREGATION,products,5911,0.9612,inventory_check,200
sess_1053,2026-05-11 15:50:28,ent_apex_gamma,usr_553,agt_8,"SELECT price, MAX(id) FROM products GROUP BY price",AGGREGATION,products,11683,0.8248,inventory_check,200
sess_1053,2026-05-11 15:57:51,ent_apex_gamma,usr_553,agt_8,"SELECT stock, sku FROM inventory WHERE id = 49719",SELECT,inventory,56,0.7482,inventory_check,200
sess_1053,2026-05-11 15:57:53,ent_apex_gamma,usr_553,agt_8,UPDATE products SET id = '8978' WHERE id = 2144,UPDATE,products,54,0.8249,inventory_check,200
sess_1053,2026-05-11 15:58:11,ent_apex_gamma,usr_553,agt_8,"SELECT stock, COUNT(*) FROM inventory GROUP BY stock",AGGREGATION,inventory,1524,0.995,inventory_check,200
sess_1053,2026-05-11 16:02:22,ent_apex_gamma,usr_553,agt_8,"SELECT sku, warehouse FROM inventory WHERE id = 27200",SELECT,inventory,152,0.8806,inventory_check,200
sess_1053,2026-05-11 16:06:47,ent_apex_gamma,usr_553,agt_8,"SELECT products.id, inventory.id FROM products JOIN inventory ON products.id = inventory.id",JOIN,"products,inventory",693,0.8586,inventory_check,200
sess_1053,2026-05-11 16:09:00,ent_apex_gamma,usr_553,agt_8,"SELECT price, AVG(amount) FROM products GROUP BY price",AGGREGATION,products,47901,0.995,inventory_check,200
sess_1054,2026-04-28 11:40:26,ent_nexus_beta,usr_554,agt_5,"SELECT eta, carrier FROM shipments WHERE id = 77261",SELECT,shipments,346,0.8634,inventory_check,200
sess_1054,2026-04-28 11:41:03,ent_nexus_beta,usr_554,agt_5,"SELECT products.id, support_tickets.id FROM products JOIN support_tickets ON products.id = support_tickets.id",JOIN,"products,support_tickets",1925,0.9562,inventory_check,200
sess_1054,2026-04-28 11:41:45,ent_nexus_beta,usr_554,agt_5,"SELECT warehouse, id FROM inventory WHERE id = 89853",SELECT,inventory,2069,0.7413,inventory_check,200
sess_1054,2026-04-28 11:43:18,ent_nexus_beta,usr_554,agt_5,"SELECT updated_at, id FROM inventory WHERE id = 53293",SELECT,inventory,624,0.9741,inventory_check,200
sess_1054,2026-04-28 11:45:43,ent_nexus_beta,usr_554,agt_5,"SELECT sku, warehouse FROM inventory WHERE id = 45731",SELECT,inventory,1943,0.6351,inventory_check,200
sess_1054,2026-04-28 11:54:13,ent_nexus_beta,usr_554,agt_5,"SELECT carrier, order_id FROM shipments WHERE id = 62159",SELECT,shipments,913,0.995,inventory_check,200
sess_1054,2026-04-28 11:55:24,ent_nexus_beta,usr_554,agt_5,"SELECT price, id FROM products WHERE id = 54826",SELECT,products,542,0.995,inventory_check,200
sess_1054,2026-04-28 11:56:09,ent_nexus_beta,usr_554,agt_5,"SELECT customers.id, customers.id FROM customers JOIN customers ON customers.id = customers.id",JOIN,"customers,customers",669,0.8211,support_triage,200
sess_1054,2026-04-28 11:56:12,ent_nexus_beta,usr_554,agt_5,"SELECT created_at, SUM(amount) FROM customers GROUP BY created_at",AGGREGATION,customers,4111,0.7692,support_triage,200
sess_1054,2026-04-28 11:57:38,ent_nexus_beta,usr_554,agt_5,"SELECT subject, AVG(amount) FROM support_tickets GROUP BY subject",AGGREGATION,support_tickets,549,0.8569,support_triage,200
sess_1054,2026-04-28 11:58:38,ent_nexus_beta,usr_554,agt_5,"SELECT region, name FROM customers WHERE id = 15157",SELECT,customers,136,0.8608,support_triage,200
sess_1054,2026-04-28 12:00:44,ent_nexus_beta,usr_554,agt_5,"SELECT orders.id, products.id FROM orders JOIN products ON orders.id = products.id",JOIN,"orders,products",259,0.9378,support_triage,200
sess_1054,2026-04-28 12:00:56,ent_nexus_beta,usr_554,agt_5,"SELECT email, region FROM customers WHERE id = 40601",SELECT,customers,1224,0.995,support_triage,200
sess_1054,2026-04-28 12:03:46,ent_nexus_beta,usr_554,agt_5,"SELECT status, created_at FROM orders WHERE id = 65521",SELECT,orders,4934,0.995,support_triage,200
sess_1055,2026-05-24 18:36:10,ent_corp_alpha,usr_555,agt_3,"SELECT id, region FROM customers WHERE id = 71850",SELECT,customers,222,0.9272,billing_summary,200
sess_1055,2026-05-24 18:39:35,ent_corp_alpha,usr_555,agt_3,"SELECT orders.id, billing_records.id FROM orders JOIN billing_records ON orders.id = billing_records.id",JOIN,"orders,billing_records",2442,0.871,billing_summary,200
sess_1055,2026-05-24 18:39:45,ent_corp_alpha,usr_555,agt_3,"SELECT id, region FROM customers WHERE id = 79553",SELECT,customers,78,0.8178,billing_summary,200
sess_1055,2026-05-24 18:44:19,ent_corp_alpha,usr_555,agt_3,"SELECT month, amount FROM billing_records WHERE id = 69127",SELECT,billing_records,141,0.9399,billing_summary,200
sess_1055,2026-05-24 18:45:30,ent_corp_alpha,usr_555,agt_3,"SELECT id, region FROM customers WHERE id = 52120",SELECT,customers,63,0.7637,billing_summary,200
sess_1055,2026-05-24 18:45:53,ent_corp_alpha,usr_555,agt_3,"SELECT amount, id FROM orders WHERE id = 47278",SELECT,orders,514,0.8356,billing_summary,200
sess_1055,2026-05-24 18:46:47,ent_corp_alpha,usr_555,agt_3,"SELECT orders.id, billing_records.id FROM orders JOIN billing_records ON orders.id = billing_records.id",JOIN,"orders,billing_records",844,0.7953,billing_summary,200
sess_1055,2026-05-24 18:47:29,ent_corp_alpha,usr_555,agt_3,"SELECT customer_id, method FROM billing_records WHERE id = 98582",SELECT,billing_records,775,0.9525,billing_summary,200
sess_1055,2026-05-24 18:50:06,ent_corp_alpha,usr_555,agt_3,"SELECT method, month FROM billing_records WHERE id = 27765",SELECT,billing_records,279,0.7689,billing_summary,200
sess_1055,2026-05-24 18:50:43,ent_corp_alpha,usr_555,agt_3,"SELECT orders.id, customers.id FROM orders JOIN customers ON orders.id = customers.id",JOIN,"orders,customers",1245,0.995,billing_summary,200
sess_1055,2026-05-24 18:50:51,ent_corp_alpha,usr_555,agt_3,"SELECT email, AVG(amount) FROM customers GROUP BY email",AGGREGATION,customers,10638,0.9548,billing_summary,200
sess_1055,2026-05-24 18:50:53,ent_corp_alpha,usr_555,agt_3,"SELECT email, id FROM customers WHERE id = 74960",SELECT,customers,635,0.898,billing_summary,200
sess_1055,2026-05-24 18:51:12,ent_corp_alpha,usr_555,agt_3,"SELECT name, email FROM customers WHERE id = 35046",SELECT,customers,335,0.995,billing_summary,200
sess_1055,2026-05-24 18:51:52,ent_corp_alpha,usr_555,agt_3,"SELECT orders.id, billing_records.id FROM orders JOIN billing_records ON orders.id = billing_records.id",JOIN,"orders,billing_records",1654,0.9788,billing_summary,200
sess_1056,2026-05-18 04:13:47,ent_nexus_beta,usr_556,agt_7,"SELECT month, SUM(amount) FROM billing_records GROUP BY month",AGGREGATION,billing_records,2496,0.9298,report_generation,200
sess_1056,2026-05-18 04:15:38,ent_nexus_beta,usr_556,agt_7,"SELECT email, AVG(amount) FROM customers GROUP BY email",AGGREGATION,customers,2178,0.9754,report_generation,200
sess_1056,2026-05-18 04:16:51,ent_nexus_beta,usr_556,agt_7,"SELECT category, price FROM products WHERE id = 87533",SELECT,products,2027,0.7983,report_generation,200
sess_1056,2026-05-18 04:17:54,ent_nexus_beta,usr_556,agt_7,"SELECT name, id FROM products WHERE id = 50994",SELECT,products,236,0.9775,report_generation,200
sess_1056,2026-05-18 04:18:14,ent_nexus_beta,usr_556,agt_7,UPDATE products SET price = '9528' WHERE id = 291,UPDATE,products,143,0.9443,report_generation,200
sess_1056,2026-05-18 04:18:19,ent_nexus_beta,usr_556,agt_7,"SELECT email, id FROM customers WHERE id = 83673",SELECT,customers,30,0.7196,report_generation,200
sess_1056,2026-05-18 04:19:07,ent_nexus_beta,usr_556,agt_7,"SELECT month, customer_id FROM billing_records WHERE id = 95375",SELECT,billing_records,742,0.8314,report_generation,200
sess_1056,2026-05-18 04:23:12,ent_nexus_beta,usr_556,agt_7,"SELECT email, SUM(amount) FROM customers GROUP BY email",AGGREGATION,customers,3564,0.846,report_generation,200
sess_1056,2026-05-18 04:23:29,ent_nexus_beta,usr_556,agt_7,"SELECT amount, id FROM billing_records WHERE id = 75032",SELECT,billing_records,198,0.8788,billing_summary,200
sess_1056,2026-05-18 04:31:21,ent_nexus_beta,usr_556,agt_7,"SELECT price, id FROM products WHERE id = 13809",SELECT,products,3064,0.7643,report_generation,200
sess_1056,2026-05-18 04:31:58,ent_nexus_beta,usr_556,agt_7,"SELECT created_at, customer_id FROM orders WHERE id = 23562",SELECT,orders,237,0.932,report_generation,200
sess_1056,2026-05-18 04:32:30,ent_nexus_beta,usr_556,agt_7,"SELECT id, SUM(amount) FROM orders GROUP BY id",AGGREGATION,orders,9304,0.8697,report_generation,200
sess_1056,2026-05-18 04:36:04,ent_nexus_beta,usr_556,agt_7,"SELECT id, amount FROM billing_records WHERE id = 8233",SELECT,billing_records,71,0.902,report_generation,403
sess_1056,2026-05-18 04:36:13,ent_nexus_beta,usr_556,agt_7,"SELECT customers.id, billing_records.id FROM customers JOIN billing_records ON customers.id = billing_records.id",JOIN,"customers,billing_records",1009,0.8349,report_generation,200
sess_1056,2026-05-18 04:40:55,ent_nexus_beta,usr_556,agt_7,"SELECT id, price FROM products WHERE id = 30047",SELECT,products,146,0.89,report_generation,200
sess_1056,2026-05-18 04:41:34,ent_nexus_beta,usr_556,agt_7,"SELECT month, method FROM billing_records WHERE id = 7925",SELECT,billing_records,266,0.9431,report_generation,500
sess_1056,2026-05-18 04:48:33,ent_nexus_beta,usr_556,agt_7,"SELECT information_schema.columns.id, orders.id FROM information_schema.columns JOIN orders ON information_schema.columns.id = orders.id",JOIN,"information_schema.columns,orders",743,0.995,schema_audit,200
sess_1056,2026-05-18 04:48:35,ent_nexus_beta,usr_556,agt_7,UPDATE orders SET amount = '9116' WHERE id = 3127,UPDATE,orders,59,0.7248,report_generation,200
sess_1057,2026-05-04 12:13:30,ent_apex_gamma,usr_557,agt_0,"SELECT id, subject FROM support_tickets WHERE id = 92875",SELECT,support_tickets,3646,0.9643,customer_lookup,200
sess_1057,2026-05-04 12:13:32,ent_apex_gamma,usr_557,agt_0,UPDATE support_tickets SET status = '7883' WHERE id = 9326,UPDATE,support_tickets,64,0.8371,customer_lookup,200
sess_1057,2026-05-04 12:13:41,ent_apex_gamma,usr_557,agt_0,"SELECT name, email FROM customers WHERE id = 89932",SELECT,customers,645,0.9774,customer_lookup,200
sess_1057,2026-05-04 12:14:14,ent_apex_gamma,usr_557,agt_0,"SELECT customer_id, COUNT(*) FROM support_tickets GROUP BY customer_id",AGGREGATION,support_tickets,35880,0.8222,customer_lookup,200
sess_1057,2026-05-04 12:15:16,ent_apex_gamma,usr_557,agt_0,UPDATE customers SET region = '7412' WHERE id = 454,UPDATE,customers,191,0.9058,customer_lookup,200
sess_1057,2026-05-04 12:15:20,ent_apex_gamma,usr_557,agt_0,"SELECT email, id FROM customers WHERE id = 31901",SELECT,customers,4209,0.9337,customer_lookup,200
sess_1057,2026-05-04 12:17:35,ent_apex_gamma,usr_557,agt_0,"SELECT id, region FROM customers WHERE id = 99668",SELECT,customers,39,0.9913,customer_lookup,200
sess_1057,2026-05-04 12:19:29,ent_apex_gamma,usr_557,agt_0,"SELECT id, SUM(amount) FROM orders GROUP BY id",AGGREGATION,orders,4275,0.8969,customer_lookup,200
sess_1057,2026-05-04 12:21:31,ent_apex_gamma,usr_557,agt_0,"SELECT region, created_at FROM customers WHERE id = 14799",SELECT,customers,238,0.995,customer_lookup,200
sess_1057,2026-05-04 12:22:19,ent_apex_gamma,usr_557,agt_0,"SELECT customer_id, id FROM support_tickets WHERE id = 68627",SELECT,support_tickets,193,0.8603,customer_lookup,200
sess_1057,2026-05-04 12:22:31,ent_apex_gamma,usr_557,agt_0,"SELECT status, subject FROM support_tickets WHERE id = 22793",SELECT,support_tickets,186,0.6722,customer_lookup,200
sess_1057,2026-05-04 12:22:45,ent_apex_gamma,usr_557,agt_0,"SELECT region, email FROM customers WHERE id = 81922",SELECT,customers,168,0.9628,customer_lookup,200
sess_1058,2026-05-24 10:22:44,ent_apex_gamma,usr_558,agt_4,"SELECT id, SUM(amount) FROM customers GROUP BY id",AGGREGATION,customers,1346,0.9206,billing_summary,200
sess_1058,2026-05-24 10:24:45,ent_apex_gamma,usr_558,agt_4,"SELECT amount, MAX(id) FROM orders GROUP BY amount",AGGREGATION,orders,4574,0.6892,billing_summary,200
sess_1058,2026-05-24 10:25:08,ent_apex_gamma,usr_558,agt_4,"SELECT id, amount FROM billing_records WHERE id = 43114",SELECT,billing_records,50,0.8246,billing_summary,200
sess_1058,2026-05-24 10:26:56,ent_apex_gamma,usr_558,agt_4,"SELECT status, id FROM orders WHERE id = 32121",SELECT,orders,905,0.9707,billing_summary,200
sess_1058,2026-05-24 10:29:21,ent_apex_gamma,usr_558,agt_4,"SELECT id, created_at FROM orders WHERE id = 1102",SELECT,orders,806,0.6547,billing_summary,200
sess_1058,2026-05-24 10:30:18,ent_apex_gamma,usr_558,agt_4,"SELECT month, id FROM billing_records WHERE id = 49119",SELECT,billing_records,419,0.8777,billing_summary,200
sess_1058,2026-05-24 10:30:53,ent_apex_gamma,usr_558,agt_4,"SELECT month, id FROM billing_records WHERE id = 6923",SELECT,billing_records,576,0.9146,billing_summary,200
sess_1058,2026-05-24 10:30:57,ent_apex_gamma,usr_558,agt_4,"SELECT method, customer_id FROM billing_records WHERE id = 58089",SELECT,billing_records,101,0.9285,billing_summary,200
sess_1058,2026-05-24 10:31:04,ent_apex_gamma,usr_558,agt_4,"SELECT orders.id, billing_records.id FROM orders JOIN billing_records ON orders.id = billing_records.id",JOIN,"orders,billing_records",3354,0.995,billing_summary,200
sess_1058,2026-05-24 10:33:27,ent_apex_gamma,usr_558,agt_4,"SELECT amount, COUNT(*) FROM orders GROUP BY amount",AGGREGATION,orders,5507,0.9877,billing_summary,200
sess_1058,2026-05-24 10:33:37,ent_apex_gamma,usr_558,agt_4,"SELECT name, COUNT(*) FROM customers GROUP BY name",AGGREGATION,customers,28193,0.9618,billing_summary,200
sess_1058,2026-05-24 10:41:08,ent_apex_gamma,usr_558,agt_4,"SELECT id, email FROM customers WHERE id = 47927",SELECT,customers,1766,0.8821,billing_summary,200
sess_1059,2026-05-06 18:31:44,ent_corp_alpha,usr_559,agt_7,"SELECT region, email FROM customers WHERE id = 81945",SELECT,customers,169,0.9357,order_management,200
sess_1059,2026-05-06 18:32:33,ent_corp_alpha,usr_559,agt_7,"SELECT id, region FROM customers WHERE id = 7196",SELECT,customers,357,0.8285,order_management,200
sess_1059,2026-05-06 18:37:19,ent_corp_alpha,usr_559,agt_7,UPDATE orders SET customer_id = '1064' WHERE id = 6900,UPDATE,orders,469,0.9286,order_management,200
sess_1059,2026-05-06 18:37:55,ent_corp_alpha,usr_559,agt_7,"SELECT status, id FROM orders WHERE id = 8550",SELECT,orders,105,0.995,order_management,200
sess_1059,2026-05-06 18:39:56,ent_corp_alpha,usr_559,agt_7,UPDATE customers SET name = '8278' WHERE id = 6768,UPDATE,customers,552,0.8856,order_management,200
sess_1059,2026-05-06 18:40:15,ent_corp_alpha,usr_559,agt_7,"SELECT carrier, order_id FROM shipments WHERE id = 70545",SELECT,shipments,378,0.9649,order_management,200
sess_1059,2026-05-06 18:41:16,ent_corp_alpha,usr_559,agt_7,"SELECT id, order_id FROM shipments WHERE id = 50057",SELECT,shipments,540,0.995,order_management,200
sess_1059,2026-05-06 18:43:28,ent_corp_alpha,usr_559,agt_7,"SELECT id, created_at FROM orders WHERE id = 78374",SELECT,orders,41,0.8571,order_management,200
sess_1059,2026-05-06 18:45:08,ent_corp_alpha,usr_559,agt_7,"SELECT region, name FROM customers WHERE id = 30635",SELECT,customers,54,0.8424,order_management,200
sess_1059,2026-05-06 18:46:09,ent_corp_alpha,usr_559,agt_7,"SELECT customers.id, shipments.id FROM customers JOIN shipments ON customers.id = shipments.id",JOIN,"customers,shipments",599,0.9558,order_management,200
sess_1059,2026-05-06 18:51:40,ent_corp_alpha,usr_559,agt_7,"SELECT id, carrier FROM shipments WHERE id = 33571",SELECT,shipments,190,0.5769,order_management,200
sess_1059,2026-05-06 18:53:04,ent_corp_alpha,usr_559,agt_7,UPDATE customers SET created_at = '8565' WHERE id = 5758,UPDATE,customers,1218,0.9122,order_management,200
sess_1060,2026-05-25 23:10:16,ent_apex_gamma,usr_560,agt_3,"SELECT amount, MAX(id) FROM orders GROUP BY amount",AGGREGATION,orders,12465,0.995,billing_summary,200
sess_1060,2026-05-25 23:11:33,ent_apex_gamma,usr_560,agt_3,"SELECT name, region FROM customers WHERE id = 17944",SELECT,customers,1255,0.8488,billing_summary,200
sess_1060,2026-05-25 23:11:50,ent_apex_gamma,usr_560,agt_3,"SELECT method, month FROM billing_records WHERE id = 55479",SELECT,billing_records,294,0.8955,billing_summary,200
sess_1060,2026-05-25 23:17:35,ent_apex_gamma,usr_560,agt_3,"SELECT customer_id, id FROM billing_records WHERE id = 916",SELECT,billing_records,738,0.8756,billing_summary,200
sess_1060,2026-05-25 23:18:59,ent_apex_gamma,usr_560,agt_3,"SELECT id, name FROM customers WHERE id = 6286",SELECT,customers,47,0.8667,billing_summary,200
sess_1060,2026-05-25 23:20:39,ent_apex_gamma,usr_560,agt_3,"SELECT id, customer_id FROM orders WHERE id = 19071",SELECT,orders,69,0.9934,billing_summary,200
sess_1060,2026-05-25 23:22:06,ent_apex_gamma,usr_560,agt_3,"SELECT email, id FROM customers WHERE id = 51994",SELECT,customers,45,0.8463,billing_summary,200
sess_1060,2026-05-25 23:25:17,ent_apex_gamma,usr_560,agt_3,"SELECT amount, month FROM billing_records WHERE id = 6340",SELECT,billing_records,5063,0.9241,billing_summary,200
sess_1060,2026-05-25 23:26:47,ent_apex_gamma,usr_560,agt_3,"SELECT billing_records.id, customers.id FROM billing_records JOIN customers ON billing_records.id = customers.id",JOIN,"billing_records,customers",394,0.7917,billing_summary,200
sess_1060,2026-05-25 23:27:35,ent_apex_gamma,usr_560,agt_3,"SELECT id, amount FROM billing_records WHERE id = 93986",SELECT,billing_records,429,0.9038,billing_summary,200
sess_1061,2026-05-27 16:37:34,ent_apex_gamma,usr_561,agt_12,"SELECT id, region FROM customers WHERE id = 84509",SELECT,customers,1270,0.8845,billing_summary,200
sess_1061,2026-05-27 16:39:41,ent_apex_gamma,usr_561,agt_12,"SELECT created_at, AVG(amount) FROM orders GROUP BY created_at",AGGREGATION,orders,3946,0.8086,billing_summary,200
sess_1061,2026-05-27 16:42:16,ent_apex_gamma,usr_561,agt_12,"SELECT customers.id, billing_records.id FROM customers JOIN billing_records ON customers.id = billing_records.id",JOIN,"customers,billing_records",1183,0.9196,billing_summary,200
sess_1061,2026-05-27 16:46:42,ent_apex_gamma,usr_561,agt_12,"SELECT customer_id, status FROM orders WHERE id = 53408",SELECT,orders,730,0.6839,billing_summary,200
sess_1061,2026-05-27 16:46:44,ent_apex_gamma,usr_561,agt_12,"SELECT name, region FROM customers WHERE id = 10103",SELECT,customers,154,0.8597,billing_summary,200
sess_1061,2026-05-27 16:50:53,ent_apex_gamma,usr_561,agt_12,"SELECT month, method FROM billing_records WHERE id = 72653",SELECT,billing_records,479,0.9244,billing_summary,200
sess_1061,2026-05-27 16:51:07,ent_apex_gamma,usr_561,agt_12,"SELECT method, MAX(id) FROM billing_records GROUP BY method",AGGREGATION,billing_records,22259,0.7086,billing_summary,200
sess_1061,2026-05-27 16:51:09,ent_apex_gamma,usr_561,agt_12,"SELECT billing_records.id, orders.id FROM billing_records JOIN orders ON billing_records.id = orders.id",JOIN,"billing_records,orders",840,0.995,billing_summary,200
sess_1061,2026-05-27 16:51:40,ent_apex_gamma,usr_561,agt_12,"SELECT created_at, SUM(amount) FROM customers GROUP BY created_at",AGGREGATION,customers,5490,0.7939,billing_summary,403
sess_1062,2026-05-20 14:43:20,ent_corp_alpha,usr_562,agt_10,"SELECT customers.id, orders.id FROM customers JOIN orders ON customers.id = orders.id",JOIN,"customers,orders",2462,0.9916,customer_lookup,200
sess_1062,2026-05-20 14:46:54,ent_corp_alpha,usr_562,agt_10,"SELECT subject, status FROM support_tickets WHERE id = 26659",SELECT,support_tickets,496,0.8696,customer_lookup,200
sess_1062,2026-05-20 14:47:56,ent_corp_alpha,usr_562,agt_10,"SELECT amount, MAX(id) FROM orders GROUP BY amount",AGGREGATION,orders,31181,0.8345,customer_lookup,200
sess_1062,2026-05-20 14:48:09,ent_corp_alpha,usr_562,agt_10,"SELECT region, name FROM customers WHERE id = 67201",SELECT,customers,100,0.8186,customer_lookup,200
sess_1062,2026-05-20 14:51:26,ent_corp_alpha,usr_562,agt_10,"SELECT id, created_at FROM orders WHERE id = 86236",SELECT,orders,54,0.743,customer_lookup,200
sess_1062,2026-05-20 14:54:31,ent_corp_alpha,usr_562,agt_10,"SELECT status, priority FROM support_tickets WHERE id = 41183",SELECT,support_tickets,11194,0.969,customer_lookup,200
sess_1062,2026-05-20 14:55:07,ent_corp_alpha,usr_562,agt_10,"SELECT amount, status FROM orders WHERE id = 52174",SELECT,orders,887,0.995,customer_lookup,403
sess_1062,2026-05-20 14:56:45,ent_corp_alpha,usr_562,agt_10,"SELECT amount, created_at FROM orders WHERE id = 31596",SELECT,orders,160,0.8521,customer_lookup,200
sess_1062,2026-05-20 14:59:58,ent_corp_alpha,usr_562,agt_10,UPDATE support_tickets SET priority = '5331' WHERE id = 4423,UPDATE,support_tickets,2373,0.995,customer_lookup,200
sess_1062,2026-05-20 15:02:07,ent_corp_alpha,usr_562,agt_10,"SELECT support_tickets.id, customers.id FROM support_tickets JOIN customers ON support_tickets.id = customers.id",JOIN,"support_tickets,customers",1820,0.7955,customer_lookup,500
sess_1062,2026-05-20 15:03:18,ent_corp_alpha,usr_562,agt_10,"SELECT customer_id, AVG(amount) FROM support_tickets GROUP BY customer_id",AGGREGATION,support_tickets,19270,0.9539,customer_lookup,200
sess_1062,2026-05-20 15:03:24,ent_corp_alpha,usr_562,agt_10,UPDATE support_tickets SET customer_id = '4146' WHERE id = 2198,UPDATE,support_tickets,3285,0.9225,customer_lookup,200
sess_1062,2026-05-20 15:03:45,ent_corp_alpha,usr_562,agt_10,"SELECT support_tickets.id, customers.id FROM support_tickets JOIN customers ON support_tickets.id = customers.id",JOIN,"support_tickets,customers",356,0.9362,customer_lookup,200
sess_1062,2026-05-20 15:07:15,ent_corp_alpha,usr_562,agt_10,"SELECT support_tickets.id, orders.id FROM support_tickets JOIN orders ON support_tickets.id = orders.id",JOIN,"support_tickets,orders",1700,0.9328,customer_lookup,200
sess_1062,2026-05-20 15:07:25,ent_corp_alpha,usr_562,agt_10,"SELECT id, status FROM support_tickets WHERE id = 1071",SELECT,support_tickets,913,0.7832,customer_lookup,200
sess_1063,2026-05-01 10:09:37,ent_nexus_beta,usr_563,agt_0,SELECT * FROM customers,SELECT,customers,20000,0.9872,customer_lookup,200
sess_1063,2026-05-01 10:09:41,ent_nexus_beta,usr_563,agt_0,SELECT * FROM customers,SELECT,customers,102267,0.8773,customer_lookup,200
sess_1063,2026-05-01 10:10:46,ent_nexus_beta,usr_563,agt_0,"SELECT email, MAX(id) FROM customers GROUP BY email",AGGREGATION,customers,6570,0.9763,customer_lookup,200
sess_1063,2026-05-01 10:14:01,ent_nexus_beta,usr_563,agt_0,SELECT * FROM support_tickets,SELECT,support_tickets,275628,0.7845,customer_lookup,200
sess_1063,2026-05-01 10:14:21,ent_nexus_beta,usr_563,agt_0,"SELECT created_at, customer_id FROM orders WHERE id = 911",SELECT,orders,1238,0.995,customer_lookup,500
sess_1063,2026-05-01 10:14:25,ent_nexus_beta,usr_563,agt_0,"SELECT id, region FROM customers WHERE id = 56322",SELECT,customers,1061,0.9294,customer_lookup,200
sess_1063,2026-05-01 10:16:36,ent_nexus_beta,usr_563,agt_0,"SELECT status, SUM(amount) FROM orders GROUP BY status",AGGREGATION,orders,5578,0.7876,customer_lookup,200
sess_1063,2026-05-01 10:17:01,ent_nexus_beta,usr_563,agt_0,"SELECT id, AVG(amount) FROM customers GROUP BY id",AGGREGATION,customers,1370,0.995,customer_lookup,200
sess_1063,2026-05-01 10:18:01,ent_nexus_beta,usr_563,agt_0,"SELECT name, SUM(amount) FROM customers GROUP BY name",AGGREGATION,customers,6526,0.8491,customer_lookup,200
sess_1063,2026-05-01 10:20:21,ent_nexus_beta,usr_563,agt_0,"SELECT id, region FROM customers WHERE id = 44628",SELECT,customers,1317,0.995,customer_lookup,200
sess_1064,2026-05-23 23:20:49,ent_nexus_beta,usr_564,agt_2,"SELECT customer_id, method FROM billing_records WHERE id = 97123",SELECT,billing_records,1358,0.786,sales_performance,200
sess_1064,2026-05-23 23:21:21,ent_nexus_beta,usr_564,agt_2,"SELECT category, id FROM products WHERE id = 86128",SELECT,products,100,0.9331,sales_performance,200
sess_1064,2026-05-23 23:22:49,ent_nexus_beta,usr_564,agt_2,"SELECT billing_records.id, orders.id FROM billing_records JOIN orders ON billing_records.id = orders.id",JOIN,"billing_records,orders",1388,0.995,sales_performance,200
sess_1064,2026-05-23 23:22:51,ent_nexus_beta,usr_564,agt_2,"SELECT status, created_at FROM orders WHERE id = 84764",SELECT,orders,604,0.995,sales_performance,200
sess_1064,2026-05-23 23:24:54,ent_nexus_beta,usr_564,agt_2,"SELECT id, COUNT(*) FROM billing_records GROUP BY id",AGGREGATION,billing_records,9966,0.8616,sales_performance,200
sess_1064,2026-05-23 23:25:07,ent_nexus_beta,usr_564,agt_2,"SELECT id, COUNT(*) FROM products GROUP BY id",AGGREGATION,products,3174,0.8368,sales_performance,200
sess_1064,2026-05-23 23:26:07,ent_nexus_beta,usr_564,agt_2,"SELECT method, MAX(id) FROM billing_records GROUP BY method",AGGREGATION,billing_records,4589,0.924,sales_performance,200
sess_1064,2026-05-23 23:26:35,ent_nexus_beta,usr_564,agt_2,"SELECT created_at, customer_id FROM orders WHERE id = 10262",SELECT,orders,805,0.9807,sales_performance,200
sess_1064,2026-05-23 23:29:01,ent_nexus_beta,usr_564,agt_2,"SELECT customer_id, amount FROM orders WHERE id = 94336",SELECT,orders,6187,0.7462,sales_performance,200
sess_1064,2026-05-23 23:29:09,ent_nexus_beta,usr_564,agt_2,"SELECT category, name FROM products WHERE id = 66564",SELECT,products,1378,0.7394,sales_performance,200
sess_1064,2026-05-23 23:32:20,ent_nexus_beta,usr_564,agt_2,"SELECT category, name FROM products WHERE id = 55999",SELECT,products,131,0.9018,sales_performance,200
sess_1064,2026-05-23 23:32:46,ent_nexus_beta,usr_564,agt_2,"SELECT id, price FROM products WHERE id = 46908",SELECT,products,46,0.7437,sales_performance,200
sess_1064,2026-05-23 23:35:41,ent_nexus_beta,usr_564,agt_2,"SELECT billing_records.id, orders.id FROM billing_records JOIN orders ON billing_records.id = orders.id",JOIN,"billing_records,orders",446,0.9736,sales_performance,200
sess_1064,2026-05-23 23:40:34,ent_nexus_beta,usr_564,agt_2,"SELECT id, SUM(amount) FROM billing_records GROUP BY id",AGGREGATION,billing_records,1485,0.9536,sales_performance,200
sess_1064,2026-05-23 23:45:39,ent_nexus_beta,usr_564,agt_2,"SELECT month, id FROM billing_records WHERE id = 17071",SELECT,billing_records,1208,0.9758,sales_performance,200
sess_1064,2026-05-23 23:51:02,ent_nexus_beta,usr_564,agt_2,"SELECT customer_id, created_at FROM orders WHERE id = 5312",SELECT,orders,321,0.9289,sales_performance,200
sess_1065,2026-05-10 07:20:13,ent_corp_alpha,usr_565,agt_9,"SELECT billing_records.id, orders.id FROM billing_records JOIN orders ON billing_records.id = orders.id",JOIN,"billing_records,orders",1961,0.8976,sales_performance,200
sess_1065,2026-05-10 07:20:20,ent_corp_alpha,usr_565,agt_9,"SELECT price, name FROM products WHERE id = 31812",SELECT,products,209,0.8631,sales_performance,200
sess_1065,2026-05-10 07:22:25,ent_corp_alpha,usr_565,agt_9,"SELECT id, created_at FROM customers WHERE id = 96140",SELECT,customers,392,0.861,customer_lookup,200
sess_1065,2026-05-10 07:24:05,ent_corp_alpha,usr_565,agt_9,"SELECT amount, MAX(id) FROM billing_records GROUP BY amount",AGGREGATION,billing_records,1230,0.9045,sales_performance,200
sess_1065,2026-05-10 07:25:16,ent_corp_alpha,usr_565,agt_9,"SELECT customer_id, month FROM billing_records WHERE id = 71355",SELECT,billing_records,333,0.7915,sales_performance,200
sess_1065,2026-05-10 07:26:12,ent_corp_alpha,usr_565,agt_9,"SELECT products.id, billing_records.id FROM products JOIN billing_records ON products.id = billing_records.id",JOIN,"products,billing_records",4541,0.7277,sales_performance,200
sess_1065,2026-05-10 07:28:06,ent_corp_alpha,usr_565,agt_9,"SELECT status, COUNT(*) FROM orders GROUP BY status",AGGREGATION,orders,3160,0.8158,sales_performance,200
sess_1065,2026-05-10 07:30:04,ent_corp_alpha,usr_565,agt_9,"SELECT customer_id, id FROM billing_records WHERE id = 8165",SELECT,billing_records,193,0.995,sales_performance,200
sess_1065,2026-05-10 07:34:21,ent_corp_alpha,usr_565,agt_9,"SELECT name, category FROM products WHERE id = 32069",SELECT,products,1684,0.771,sales_performance,200
sess_1065,2026-05-10 07:38:03,ent_corp_alpha,usr_565,agt_9,"SELECT id, category FROM products WHERE id = 14188",SELECT,products,107,0.995,sales_performance,200
sess_1065,2026-05-10 07:38:21,ent_corp_alpha,usr_565,agt_9,"SELECT amount, method FROM billing_records WHERE id = 13375",SELECT,billing_records,774,0.6251,sales_performance,200
sess_1065,2026-05-10 07:38:42,ent_corp_alpha,usr_565,agt_9,"SELECT id, name FROM products WHERE id = 34769",SELECT,products,266,0.7231,sales_performance,200
sess_1066,2026-05-09 19:04:12,ent_apex_gamma,usr_566,agt_1,"SELECT status, AVG(amount) FROM orders GROUP BY status",AGGREGATION,orders,2213,0.8365,billing_summary,200
sess_1066,2026-05-09 19:04:45,ent_apex_gamma,usr_566,agt_1,"SELECT name, email FROM customers WHERE id = 81122",SELECT,customers,496,0.7147,billing_summary,200
sess_1066,2026-05-09 19:05:25,ent_apex_gamma,usr_566,agt_1,SELECT * FROM billing_records,SELECT,billing_records,373919,0.7222,billing_summary,200
sess_1066,2026-05-09 19:07:17,ent_apex_gamma,usr_566,agt_1,"SELECT id, region FROM customers WHERE id = 99794",SELECT,customers,1012,0.7573,billing_summary,200
sess_1066,2026-05-09 19:08:07,ent_apex_gamma,usr_566,agt_1,SELECT * FROM customers,SELECT,customers,127667,0.7915,billing_summary,200
sess_1066,2026-05-09 19:08:56,ent_apex_gamma,usr_566,agt_1,"SELECT method, SUM(amount) FROM billing_records GROUP BY method",AGGREGATION,billing_records,3494,0.9206,billing_summary,200
sess_1066,2026-05-09 19:08:59,ent_apex_gamma,usr_566,agt_1,"SELECT name, MAX(id) FROM customers GROUP BY name",AGGREGATION,customers,11196,0.8602,billing_summary,200
sess_1066,2026-05-09 19:12:13,ent_apex_gamma,usr_566,agt_1,"SELECT created_at, id FROM customers WHERE id = 9409",SELECT,customers,2481,0.8167,billing_summary,200
sess_1066,2026-05-09 19:12:16,ent_apex_gamma,usr_566,agt_1,"SELECT region, name FROM customers WHERE id = 40255",SELECT,customers,997,0.8545,billing_summary,200
sess_1066,2026-05-09 19:15:09,ent_apex_gamma,usr_566,agt_1,"SELECT created_at, region FROM customers WHERE id = 98951",SELECT,customers,260,0.856,billing_summary,200
sess_1066,2026-05-09 19:15:19,ent_apex_gamma,usr_566,agt_1,"SELECT email, name FROM customers WHERE id = 4096",SELECT,customers,319,0.9065,billing_summary,200
sess_1066,2026-05-09 19:16:06,ent_apex_gamma,usr_566,agt_1,SELECT * FROM orders,SELECT,orders,31862,0.7432,billing_summary,200
sess_1067,2026-05-13 19:21:39,ent_corp_alpha,usr_567,agt_1,"SELECT message, COUNT(*) FROM logs GROUP BY message",AGGREGATION,logs,1689,0.7054,system_health_check,200
sess_1067,2026-05-13 19:22:14,ent_corp_alpha,usr_567,agt_1,"SELECT ts, COUNT(*) FROM page_views GROUP BY ts",AGGREGATION,page_views,1860,0.9303,system_health_check,200
sess_1067,2026-05-13 19:22:55,ent_corp_alpha,usr_567,agt_1,"SELECT id, ts FROM page_views WHERE id = 9766",SELECT,page_views,236,0.9721,system_health_check,200
sess_1067,2026-05-13 19:23:07,ent_corp_alpha,usr_567,agt_1,"SELECT level, AVG(amount) FROM logs GROUP BY level",AGGREGATION,logs,2508,0.6535,system_health_check,200
sess_1067,2026-05-13 19:27:06,ent_corp_alpha,usr_567,agt_1,UPDATE page_views SET user_id = '5947' WHERE id = 1523,UPDATE,page_views,275,0.7922,system_health_check,200
sess_1067,2026-05-13 19:27:56,ent_corp_alpha,usr_567,agt_1,"SELECT logs.id, information_schema.tables.id FROM logs JOIN information_schema.tables ON logs.id = information_schema.tables.id",JOIN,"logs,information_schema.tables",548,0.5615,system_health_check,403
sess_1067,2026-05-13 19:29:11,ent_corp_alpha,usr_567,agt_1,"SELECT logs.id, information_schema.tables.id FROM logs JOIN information_schema.tables ON logs.id = information_schema.tables.id",JOIN,"logs,information_schema.tables",3613,0.9634,system_health_check,200
sess_1067,2026-05-13 19:33:31,ent_corp_alpha,usr_567,agt_1,"SELECT page_views.id, logs.id FROM page_views JOIN logs ON page_views.id = logs.id",JOIN,"page_views,logs",1504,0.9533,system_health_check,200
sess_1067,2026-05-13 19:33:49,ent_corp_alpha,usr_567,agt_1,"SELECT ts, url FROM page_views WHERE id = 58275",SELECT,page_views,153,0.9101,system_health_check,200
sess_1067,2026-05-13 19:34:16,ent_corp_alpha,usr_567,agt_1,"SELECT table_schema, row_count FROM information_schema.tables WHERE id = 7482",SELECT,information_schema.tables,175,0.7302,system_health_check,200
sess_1067,2026-05-13 19:34:24,ent_corp_alpha,usr_567,agt_1,"SELECT table_name, table_schema FROM information_schema.tables WHERE id = 86170",SELECT,information_schema.tables,573,0.8447,system_health_check,200
sess_1067,2026-05-13 19:37:38,ent_corp_alpha,usr_567,agt_1,"SELECT user_id, url FROM page_views WHERE id = 10746",SELECT,page_views,1888,0.9381,system_health_check,200
sess_1068,2026-05-17 04:05:52,ent_apex_gamma,usr_568,agt_5,"SELECT category, price FROM products WHERE id = 52874",SELECT,products,1305,0.995,inventory_check,200
sess_1068,2026-05-17 04:07:52,ent_apex_gamma,usr_568,agt_5,"SELECT updated_at, id FROM inventory WHERE id = 24450",SELECT,inventory,2627,0.995,inventory_check,200
sess_1068,2026-05-17 04:10:40,ent_apex_gamma,usr_568,agt_5,UPDATE shipments SET carrier = '5729' WHERE id = 7380,UPDATE,shipments,161,0.9761,inventory_check,200
sess_1068,2026-05-17 04:12:04,ent_apex_gamma,usr_568,agt_5,"SELECT updated_at, warehouse FROM inventory WHERE id = 41786",SELECT,inventory,95,0.9472,inventory_check,200
sess_1068,2026-05-17 04:13:42,ent_apex_gamma,usr_568,agt_5,"SELECT id, eta FROM shipments WHERE id = 581",SELECT,shipments,900,0.7886,inventory_check,200
sess_1068,2026-05-17 04:18:45,ent_apex_gamma,usr_568,agt_5,"SELECT id, MAX(id) FROM products GROUP BY id",AGGREGATION,products,4418,0.7232,inventory_check,200
sess_1068,2026-05-17 04:20:22,ent_apex_gamma,usr_568,agt_5,"SELECT shipments.id, products.id FROM shipments JOIN products ON shipments.id = products.id",JOIN,"shipments,products",2057,0.8877,inventory_check,200
sess_1068,2026-05-17 04:22:23,ent_apex_gamma,usr_568,agt_5,"SELECT id, sku FROM inventory WHERE id = 27658",SELECT,inventory,2014,0.848,inventory_check,200
sess_1068,2026-05-17 04:24:12,ent_apex_gamma,usr_568,agt_5,"SELECT sku, AVG(amount) FROM inventory GROUP BY sku",AGGREGATION,inventory,1203,0.7485,inventory_check,200
sess_1068,2026-05-17 04:26:52,ent_apex_gamma,usr_568,agt_5,"SELECT id, name FROM products WHERE id = 86358",SELECT,products,95,0.7448,inventory_check,200
sess_1068,2026-05-17 04:27:47,ent_apex_gamma,usr_568,agt_5,UPDATE products SET id = '7664' WHERE id = 4865,UPDATE,products,551,0.965,inventory_check,200
sess_1068,2026-05-17 04:28:23,ent_apex_gamma,usr_568,agt_5,UPDATE products SET name = '7913' WHERE id = 2883,UPDATE,products,130,0.995,inventory_check,200
sess_1068,2026-05-17 04:29:22,ent_apex_gamma,usr_568,agt_5,"SELECT warehouse, SUM(amount) FROM inventory GROUP BY warehouse",AGGREGATION,inventory,3251,0.9697,inventory_check,200
sess_1068,2026-05-17 04:34:09,ent_apex_gamma,usr_568,agt_5,"SELECT eta, carrier FROM shipments WHERE id = 86964",SELECT,shipments,554,0.749,inventory_check,200
sess_1068,2026-05-17 04:38:12,ent_apex_gamma,usr_568,agt_5,"SELECT warehouse, updated_at FROM inventory WHERE id = 65081",SELECT,inventory,1378,0.995,inventory_check,200
sess_1068,2026-05-17 04:43:59,ent_apex_gamma,usr_568,agt_5,"SELECT category, name FROM products WHERE id = 96069",SELECT,products,260,0.7888,inventory_check,200
sess_1068,2026-05-17 04:50:58,ent_apex_gamma,usr_568,agt_5,"SELECT order_id, id FROM shipments WHERE id = 85694",SELECT,shipments,718,0.8787,inventory_check,200
sess_1068,2026-05-17 04:53:40,ent_apex_gamma,usr_568,agt_5,"SELECT shipments.id, inventory.id FROM shipments JOIN inventory ON shipments.id = inventory.id",JOIN,"shipments,inventory",6139,0.8981,inventory_check,200
sess_1069,2026-05-16 18:50:45,ent_apex_gamma,usr_569,agt_12,UPDATE inventory SET sku = '8936' WHERE id = 8341,UPDATE,inventory,171,0.995,inventory_check,200
sess_1069,2026-05-16 18:51:23,ent_apex_gamma,usr_569,agt_12,"SELECT price, SUM(amount) FROM products GROUP BY price",AGGREGATION,products,2374,0.8012,inventory_check,200
sess_1069,2026-05-16 18:51:55,ent_apex_gamma,usr_569,agt_12,"SELECT category, name FROM products WHERE id = 51524",SELECT,products,107,0.995,inventory_check,200
sess_1069,2026-05-16 18:53:11,ent_apex_gamma,usr_569,agt_12,"SELECT order_id, MAX(id) FROM shipments GROUP BY order_id",AGGREGATION,shipments,4898,0.8641,inventory_check,200
sess_1069,2026-05-16 18:53:49,ent_apex_gamma,usr_569,agt_12,"SELECT id, COUNT(*) FROM shipments GROUP BY id",AGGREGATION,shipments,9464,0.9188,inventory_check,200
sess_1069,2026-05-16 18:57:06,ent_apex_gamma,usr_569,agt_12,"SELECT shipments.id, inventory.id FROM shipments JOIN inventory ON shipments.id = inventory.id",JOIN,"shipments,inventory",58,0.6927,inventory_check,200
sess_1069,2026-05-16 19:01:24,ent_apex_gamma,usr_569,agt_12,"SELECT price, name FROM products WHERE id = 75651",SELECT,products,3229,0.8338,inventory_check,200
sess_1069,2026-05-16 19:05:46,ent_apex_gamma,usr_569,agt_12,"SELECT price, name FROM products WHERE id = 6385",SELECT,products,95,0.9587,inventory_check,200
sess_1069,2026-05-16 19:06:45,ent_apex_gamma,usr_569,agt_12,"SELECT inventory.id, shipments.id FROM inventory JOIN shipments ON inventory.id = shipments.id",JOIN,"inventory,shipments",597,0.8861,inventory_check,200
sess_1069,2026-05-16 19:12:32,ent_apex_gamma,usr_569,agt_12,"SELECT carrier, MAX(id) FROM shipments GROUP BY carrier",AGGREGATION,shipments,5591,0.7219,inventory_check,500
sess_1069,2026-05-16 19:12:47,ent_apex_gamma,usr_569,agt_12,"SELECT sku, MAX(id) FROM inventory GROUP BY sku",AGGREGATION,inventory,3878,0.9773,inventory_check,200
sess_1070,2026-05-06 12:36:01,ent_apex_gamma,usr_570,agt_12,"SELECT billing_records.id, customers.id FROM billing_records JOIN customers ON billing_records.id = customers.id",JOIN,"billing_records,customers",603,0.98,report_generation,200
sess_1070,2026-05-06 12:36:05,ent_apex_gamma,usr_570,agt_12,"SELECT customer_id, SUM(amount) FROM orders GROUP BY customer_id",AGGREGATION,orders,2188,0.7358,report_generation,200
sess_1070,2026-05-06 12:37:55,ent_apex_gamma,usr_570,agt_12,"SELECT category, id FROM products WHERE id = 3027",SELECT,products,642,0.9519,report_generation,200
sess_1070,2026-05-06 12:38:07,ent_apex_gamma,usr_570,agt_12,"SELECT created_at, amount FROM orders WHERE id = 28453",SELECT,orders,138,0.8515,report_generation,200
sess_1070,2026-05-06 12:42:15,ent_apex_gamma,usr_570,agt_12,UPDATE billing_records SET method = '1190' WHERE id = 2354,UPDATE,billing_records,564,0.995,report_generation,200
sess_1070,2026-05-06 12:43:22,ent_apex_gamma,usr_570,agt_12,"SELECT name, SUM(amount) FROM products GROUP BY name",AGGREGATION,products,1139,0.9797,report_generation,200
sess_1070,2026-05-06 12:43:43,ent_apex_gamma,usr_570,agt_12,"SELECT customers.id, products.id FROM customers JOIN products ON customers.id = products.id",JOIN,"customers,products",989,0.8815,report_generation,200
sess_1070,2026-05-06 12:44:42,ent_apex_gamma,usr_570,agt_12,"SELECT id, amount FROM orders WHERE id = 38347",SELECT,orders,137,0.9641,report_generation,200
sess_1070,2026-05-06 12:45:16,ent_apex_gamma,usr_570,agt_12,"SELECT id, name FROM products WHERE id = 80779",SELECT,products,451,0.9869,report_generation,200
sess_1070,2026-05-06 12:47:12,ent_apex_gamma,usr_570,agt_12,"SELECT name, id FROM customers WHERE id = 9469",SELECT,customers,1717,0.8441,report_generation,200
sess_1070,2026-05-06 12:48:18,ent_apex_gamma,usr_570,agt_12,"SELECT created_at, SUM(amount) FROM customers GROUP BY created_at",AGGREGATION,customers,3632,0.8596,report_generation,200
sess_1070,2026-05-06 12:48:42,ent_apex_gamma,usr_570,agt_12,"SELECT method, month FROM billing_records WHERE id = 74249",SELECT,billing_records,377,0.8905,report_generation,200
sess_1070,2026-05-06 12:50:26,ent_apex_gamma,usr_570,agt_12,"SELECT billing_records.id, customers.id FROM billing_records JOIN customers ON billing_records.id = customers.id",JOIN,"billing_records,customers",263,0.8113,report_generation,200
sess_1070,2026-05-06 12:51:26,ent_apex_gamma,usr_570,agt_12,UPDATE products SET id = '1041' WHERE id = 3767,UPDATE,products,62,0.9416,report_generation,200
sess_1070,2026-05-06 12:53:15,ent_apex_gamma,usr_570,agt_12,"SELECT customers.id, billing_records.id FROM customers JOIN billing_records ON customers.id = billing_records.id",JOIN,"customers,billing_records",562,0.7515,report_generation,200
sess_1071,2026-05-11 09:08:26,ent_nexus_beta,usr_571,agt_3,"SELECT category, COUNT(*) FROM products GROUP BY category",AGGREGATION,products,1905,0.5879,sales_performance,200
sess_1071,2026-05-11 09:09:07,ent_nexus_beta,usr_571,agt_3,"SELECT id, customer_id FROM billing_records WHERE id = 65186",SELECT,billing_records,842,0.995,sales_performance,200
sess_1071,2026-05-11 09:10:19,ent_nexus_beta,usr_571,agt_3,"SELECT billing_records.id, products.id FROM billing_records JOIN products ON billing_records.id = products.id",JOIN,"billing_records,products",1318,0.9102,sales_performance,200
sess_1071,2026-05-11 09:10:48,ent_nexus_beta,usr_571,agt_3,"SELECT created_at, id FROM orders WHERE id = 72986",SELECT,orders,1480,0.9365,sales_performance,200
sess_1071,2026-05-11 09:12:43,ent_nexus_beta,usr_571,agt_3,"SELECT method, id FROM billing_records WHERE id = 89684",SELECT,billing_records,1601,0.8835,sales_performance,200
sess_1071,2026-05-11 09:13:27,ent_nexus_beta,usr_571,agt_3,UPDATE orders SET created_at = '7170' WHERE id = 6991,UPDATE,orders,1569,0.9894,sales_performance,200
sess_1071,2026-05-11 09:13:53,ent_nexus_beta,usr_571,agt_3,"SELECT amount, customer_id FROM orders WHERE id = 7319",SELECT,orders,358,0.995,sales_performance,200
sess_1071,2026-05-11 09:14:57,ent_nexus_beta,usr_571,agt_3,"SELECT orders.id, products.id FROM orders JOIN products ON orders.id = products.id",JOIN,"orders,products",3626,0.995,sales_performance,200
sess_1071,2026-05-11 09:15:24,ent_nexus_beta,usr_571,agt_3,"SELECT created_at, id FROM orders WHERE id = 14254",SELECT,orders,291,0.7394,sales_performance,200
sess_1071,2026-05-11 09:15:46,ent_nexus_beta,usr_571,agt_3,"SELECT created_at, amount FROM orders WHERE id = 36419",SELECT,orders,2413,0.7528,sales_performance,200
sess_1071,2026-05-11 09:16:35,ent_nexus_beta,usr_571,agt_3,"SELECT id, category FROM products WHERE id = 16539",SELECT,products,1488,0.939,sales_performance,200
sess_1071,2026-05-11 09:19:04,ent_nexus_beta,usr_571,agt_3,"SELECT category, COUNT(*) FROM products GROUP BY category",AGGREGATION,products,2963,0.839,sales_performance,200
sess_1071,2026-05-11 09:25:09,ent_nexus_beta,usr_571,agt_3,"SELECT id, AVG(amount) FROM products GROUP BY id",AGGREGATION,products,10308,0.9598,sales_performance,200
sess_1071,2026-05-11 09:25:36,ent_nexus_beta,usr_571,agt_3,"SELECT customer_id, id FROM orders WHERE id = 20418",SELECT,orders,99,0.8185,sales_performance,200
sess_1071,2026-05-11 09:25:38,ent_nexus_beta,usr_571,agt_3,"SELECT price, id FROM products WHERE id = 9689",SELECT,products,161,0.9179,sales_performance,200
sess_1071,2026-05-11 09:26:42,ent_nexus_beta,usr_571,agt_3,"SELECT created_at, status FROM orders WHERE id = 88699",SELECT,orders,202,0.5829,sales_performance,200
sess_1071,2026-05-11 09:30:48,ent_nexus_beta,usr_571,agt_3,UPDATE products SET name = '8086' WHERE id = 7386,UPDATE,products,107,0.7767,sales_performance,200
sess_1072,2026-05-20 12:46:07,ent_apex_gamma,usr_572,agt_12,ALTER TABLE billing_records ADD COLUMN flag_56 BOOLEAN,DDL,billing_records,1298,0.5917,sales_performance,200
sess_1072,2026-05-20 12:46:46,ent_apex_gamma,usr_572,agt_12,"SELECT id, COUNT(*) FROM employee_salaries GROUP BY id",AGGREGATION,employee_salaries,1490,0.5877,order_management,200
sess_1072,2026-05-20 12:47:07,ent_apex_gamma,usr_572,agt_12,"SELECT inventory.id, products.id FROM inventory JOIN products ON inventory.id = products.id",JOIN,"inventory,products",175,0.7849,inventory_check,200
sess_1072,2026-05-20 12:47:33,ent_apex_gamma,usr_572,agt_12,"SELECT id, name FROM products WHERE id = 906",SELECT,products,131,0.3738,report_generation,200
sess_1072,2026-05-20 12:47:52,ent_apex_gamma,usr_572,agt_12,"SELECT amount, MAX(id) FROM billing_records GROUP BY amount",AGGREGATION,billing_records,82,0.6542,support_triage,200
sess_1072,2026-05-20 12:48:43,ent_apex_gamma,usr_572,agt_12,"SELECT support_tickets.id, products.id FROM support_tickets JOIN products ON support_tickets.id = products.id",JOIN,"support_tickets,products",267,0.6734,payroll_processing,200
sess_1072,2026-05-20 12:50:33,ent_apex_gamma,usr_572,agt_12,"SELECT id, MAX(id) FROM billing_records GROUP BY id",AGGREGATION,billing_records,334,0.7097,order_management,200
sess_1072,2026-05-20 12:50:39,ent_apex_gamma,usr_572,agt_12,UPDATE support_tickets SET status = '2816' WHERE id = 8026,UPDATE,support_tickets,91,0.6665,sales_performance,200
sess_1072,2026-05-20 12:52:24,ent_apex_gamma,usr_572,agt_12,UPDATE employee_salaries SET employee_id = '1576' WHERE id = 1432,UPDATE,employee_salaries,442,0.671,schema_audit,200
sess_1072,2026-05-20 12:52:54,ent_apex_gamma,usr_572,agt_12,CREATE INDEX idx_16 ON support_tickets (id),DDL,support_tickets,63,0.327,customer_lookup,200
sess_1072,2026-05-20 12:53:31,ent_apex_gamma,usr_572,agt_12,"SELECT name, price FROM products WHERE id = 34288",SELECT,products,2202,0.5535,report_generation,200
sess_1072,2026-05-20 12:54:33,ent_apex_gamma,usr_572,agt_12,DROP TABLE billing_records,DDL,billing_records,133,0.7315,order_management,200
sess_1072,2026-05-20 12:54:35,ent_apex_gamma,usr_572,agt_12,"SELECT price, id FROM products WHERE id = 360",SELECT,products,2974,0.8975,support_triage,200
sess_1072,2026-05-20 12:55:01,ent_apex_gamma,usr_572,agt_12,ALTER TABLE information_schema.columns ADD COLUMN flag_37 BOOLEAN,DDL,information_schema.columns,138,0.6473,support_triage,200
sess_1073,2026-05-07 10:27:14,ent_nexus_beta,usr_573,agt_3,"SELECT subject, status FROM support_tickets WHERE id = 408",SELECT,support_tickets,1408,0.7666,support_triage,200
sess_1073,2026-05-07 10:27:24,ent_nexus_beta,usr_573,agt_3,"SELECT status, SUM(amount) FROM orders GROUP BY status",AGGREGATION,orders,5307,0.6483,support_triage,200
sess_1073,2026-05-07 10:28:43,ent_nexus_beta,usr_573,agt_3,"SELECT id, status FROM orders WHERE id = 78429",SELECT,orders,948,0.8761,support_triage,200
sess_1073,2026-05-07 10:32:32,ent_nexus_beta,usr_573,agt_3,"SELECT customer_id, id FROM support_tickets WHERE id = 16485",SELECT,support_tickets,1417,0.8293,support_triage,200
sess_1073,2026-05-07 10:33:44,ent_nexus_beta,usr_573,agt_3,"SELECT created_at, customer_id FROM orders WHERE id = 62562",SELECT,orders,104,0.7999,support_triage,200
sess_1073,2026-05-07 10:33:58,ent_nexus_beta,usr_573,agt_3,"SELECT priority, status FROM support_tickets WHERE id = 26351",SELECT,support_tickets,95,0.9316,support_triage,200
sess_1073,2026-05-07 10:35:45,ent_nexus_beta,usr_573,agt_3,"SELECT subject, AVG(amount) FROM support_tickets GROUP BY subject",AGGREGATION,support_tickets,14466,0.7815,support_triage,200
sess_1073,2026-05-07 10:35:49,ent_nexus_beta,usr_573,agt_3,"SELECT name, region FROM customers WHERE id = 43705",SELECT,customers,136,0.9053,support_triage,200
sess_1073,2026-05-07 10:37:26,ent_nexus_beta,usr_573,agt_3,"SELECT priority, customer_id FROM support_tickets WHERE id = 38555",SELECT,support_tickets,49,0.9511,support_triage,200
sess_1073,2026-05-07 10:38:24,ent_nexus_beta,usr_573,agt_3,"SELECT orders.id, customers.id FROM orders JOIN customers ON orders.id = customers.id",JOIN,"orders,customers",772,0.9322,support_triage,200
sess_1073,2026-05-07 10:38:49,ent_nexus_beta,usr_573,agt_3,"SELECT id, email FROM customers WHERE id = 57201",SELECT,customers,365,0.8319,support_triage,200
sess_1074,2026-05-12 16:08:10,ent_nexus_beta,usr_574,agt_7,"SELECT id, MAX(id) FROM orders GROUP BY id",AGGREGATION,orders,11961,0.8411,report_generation,200
sess_1074,2026-05-12 16:08:35,ent_nexus_beta,usr_574,agt_7,"SELECT customer_id, SUM(amount) FROM billing_records GROUP BY customer_id",AGGREGATION,billing_records,12279,0.7714,report_generation,200
sess_1074,2026-05-12 16:11:11,ent_nexus_beta,usr_574,agt_7,"SELECT created_at, region FROM customers WHERE id = 36121",SELECT,customers,617,0.8751,report_generation,200
sess_1074,2026-05-12 16:13:25,ent_nexus_beta,usr_574,agt_7,"SELECT customer_id, MAX(id) FROM orders GROUP BY customer_id",AGGREGATION,orders,6831,0.9462,report_generation,200
sess_1074,2026-05-12 16:15:21,ent_nexus_beta,usr_574,agt_7,"SELECT price, category FROM products WHERE id = 68693",SELECT,products,528,0.716,report_generation,200
sess_1074,2026-05-12 16:17:37,ent_nexus_beta,usr_574,agt_7,"SELECT name, email FROM customers WHERE id = 61238",SELECT,customers,2173,0.9438,report_generation,403
sess_1074,2026-05-12 16:17:45,ent_nexus_beta,usr_574,agt_7,"SELECT billing_records.id, orders.id FROM billing_records JOIN orders ON billing_records.id = orders.id",JOIN,"billing_records,orders",704,0.8272,report_generation,200
sess_1074,2026-05-12 16:19:33,ent_nexus_beta,usr_574,agt_7,"SELECT customer_id, created_at FROM orders WHERE id = 96240",SELECT,orders,193,0.8911,report_generation,200
sess_1074,2026-05-12 16:20:16,ent_nexus_beta,usr_574,agt_7,"SELECT name, AVG(amount) FROM products GROUP BY name",AGGREGATION,products,12815,0.9939,report_generation,200
sess_1074,2026-05-12 16:22:25,ent_nexus_beta,usr_574,agt_7,UPDATE products SET id = '1839' WHERE id = 6726,UPDATE,products,261,0.7534,report_generation,200
sess_1074,2026-05-12 16:23:52,ent_nexus_beta,usr_574,agt_7,"SELECT method, COUNT(*) FROM billing_records GROUP BY method",AGGREGATION,billing_records,16107,0.995,report_generation,200
sess_1074,2026-05-12 16:28:40,ent_nexus_beta,usr_574,agt_7,"SELECT email, created_at FROM customers WHERE id = 33178",SELECT,customers,220,0.9551,report_generation,200
sess_1074,2026-05-12 16:29:38,ent_nexus_beta,usr_574,agt_7,"SELECT status, customer_id FROM orders WHERE id = 37723",SELECT,orders,4508,0.723,report_generation,200
sess_1074,2026-05-12 16:30:08,ent_nexus_beta,usr_574,agt_7,"SELECT category, price FROM products WHERE id = 88505",SELECT,products,155,0.8183,report_generation,200
sess_1075,2026-05-26 11:05:00,ent_corp_alpha,usr_575,agt_5,"SELECT id, action FROM audit_log WHERE id = 59619",SELECT,audit_log,254,0.9494,schema_audit,200
sess_1075,2026-05-26 11:05:04,ent_corp_alpha,usr_575,agt_5,"SELECT row_count, table_schema FROM information_schema.tables WHERE id = 35466",SELECT,information_schema.tables,8601,0.827,schema_audit,200
sess_1075,2026-05-26 11:05:32,ent_corp_alpha,usr_575,agt_5,"SELECT column_name, data_type FROM information_schema.columns WHERE id = 4753",SELECT,information_schema.columns,717,0.9034,schema_audit,200
sess_1075,2026-05-26 11:09:00,ent_corp_alpha,usr_575,agt_5,"SELECT information_schema.columns.id, audit_log.id FROM information_schema.columns JOIN audit_log ON information_schema.columns.id = audit_log.id",JOIN,"information_schema.columns,audit_log",1508,0.995,schema_audit,200
sess_1075,2026-05-26 11:10:49,ent_corp_alpha,usr_575,agt_5,"SELECT row_count, AVG(amount) FROM information_schema.tables GROUP BY row_count",AGGREGATION,information_schema.tables,1800,0.8752,schema_audit,200
sess_1075,2026-05-26 11:18:26,ent_corp_alpha,usr_575,agt_5,"SELECT table_name, row_count FROM information_schema.tables WHERE id = 54320",SELECT,information_schema.tables,436,0.7067,schema_audit,200
sess_1075,2026-05-26 11:18:48,ent_corp_alpha,usr_575,agt_5,"SELECT table_name, row_count FROM information_schema.tables WHERE id = 53227",SELECT,information_schema.tables,61,0.995,schema_audit,200
sess_1075,2026-05-26 11:21:26,ent_corp_alpha,usr_575,agt_5,"SELECT action, actor FROM audit_log WHERE id = 42446",SELECT,audit_log,3073,0.7542,schema_audit,200
sess_1075,2026-05-26 11:22:07,ent_corp_alpha,usr_575,agt_5,UPDATE audit_log SET id = '1777' WHERE id = 2337,UPDATE,audit_log,376,0.995,schema_audit,200
sess_1075,2026-05-26 11:22:12,ent_corp_alpha,usr_575,agt_5,"SELECT actor, action FROM audit_log WHERE id = 84726",SELECT,audit_log,96,0.9943,schema_audit,200
sess_1075,2026-05-26 11:23:25,ent_corp_alpha,usr_575,agt_5,"SELECT table_schema, table_name FROM information_schema.tables WHERE id = 15214",SELECT,information_schema.tables,187,0.8243,schema_audit,200
sess_1075,2026-05-26 11:24:04,ent_corp_alpha,usr_575,agt_5,"SELECT id, ts FROM audit_log WHERE id = 71196",SELECT,audit_log,99,0.8378,schema_audit,200
sess_1075,2026-05-26 11:25:06,ent_corp_alpha,usr_575,agt_5,"SELECT row_count, table_name FROM information_schema.tables WHERE id = 55491",SELECT,information_schema.tables,411,0.7044,schema_audit,200
sess_1075,2026-05-26 11:25:10,ent_corp_alpha,usr_575,agt_5,"SELECT table_name, AVG(amount) FROM information_schema.columns GROUP BY table_name",AGGREGATION,information_schema.columns,23913,0.6951,schema_audit,200
sess_1076,2026-04-27 14:56:32,ent_corp_alpha,usr_576,agt_1,"SELECT row_count, table_schema FROM information_schema.tables WHERE id = 72209",SELECT,information_schema.tables,5439,0.8971,system_health_check,200
sess_1076,2026-04-27 14:57:40,ent_corp_alpha,usr_576,agt_1,"SELECT row_count, table_schema FROM information_schema.tables WHERE id = 87595",SELECT,information_schema.tables,3115,0.7934,system_health_check,200
sess_1076,2026-04-27 15:00:22,ent_corp_alpha,usr_576,agt_1,"SELECT id, level FROM logs WHERE id = 47251",SELECT,logs,6657,0.8775,system_health_check,200
sess_1076,2026-04-27 15:01:05,ent_corp_alpha,usr_576,agt_1,"SELECT url, user_id FROM page_views WHERE id = 5766",SELECT,page_views,465,0.791,system_health_check,200
sess_1076,2026-04-27 15:01:55,ent_corp_alpha,usr_576,agt_1,"SELECT id, category FROM products WHERE id = 39599",SELECT,products,1351,0.995,inventory_check,200
sess_1076,2026-04-27 15:02:24,ent_corp_alpha,usr_576,agt_1,"SELECT name, AVG(amount) FROM products GROUP BY name",AGGREGATION,products,425,0.7414,inventory_check,200
sess_1076,2026-04-27 15:09:35,ent_corp_alpha,usr_576,agt_1,"SELECT shipments.id, information_schema.tables.id FROM shipments JOIN information_schema.tables ON shipments.id = information_schema.tables.id",JOIN,"shipments,information_schema.tables",2408,0.7995,inventory_check,200
sess_1076,2026-04-27 15:16:14,ent_corp_alpha,usr_576,agt_1,"SELECT category, id FROM products WHERE id = 89569",SELECT,products,594,0.8433,inventory_check,200
sess_1076,2026-04-27 15:16:33,ent_corp_alpha,usr_576,agt_1,"SELECT id, order_id FROM shipments WHERE id = 99984",SELECT,shipments,457,0.9188,inventory_check,200
sess_1076,2026-04-27 15:16:55,ent_corp_alpha,usr_576,agt_1,"SELECT name, id FROM products WHERE id = 8394",SELECT,products,762,0.9587,inventory_check,200
sess_1077,2026-05-16 13:54:42,ent_apex_gamma,usr_577,agt_2,"SELECT id, customer_id FROM billing_records WHERE id = 19851",SELECT,billing_records,108,0.8621,report_generation,200
sess_1077,2026-05-16 14:03:01,ent_apex_gamma,usr_577,agt_2,"SELECT amount, method FROM billing_records WHERE id = 68231",SELECT,billing_records,110,0.8603,report_generation,200
sess_1077,2026-05-16 14:03:21,ent_apex_gamma,usr_577,agt_2,"SELECT name, id FROM customers WHERE id = 32886",SELECT,customers,153,0.8941,report_generation,200
sess_1077,2026-05-16 14:13:50,ent_apex_gamma,usr_577,agt_2,"SELECT name, id FROM customers WHERE id = 57046",SELECT,customers,276,0.7576,report_generation,200
sess_1077,2026-05-16 14:18:28,ent_apex_gamma,usr_577,agt_2,"SELECT id, created_at FROM customers WHERE id = 89793",SELECT,customers,76,0.8426,report_generation,200
sess_1077,2026-05-16 14:18:57,ent_apex_gamma,usr_577,agt_2,"SELECT id, created_at FROM customers WHERE id = 88296",SELECT,customers,217,0.995,report_generation,200
sess_1077,2026-05-16 14:25:19,ent_apex_gamma,usr_577,agt_2,"SELECT method, month FROM billing_records WHERE id = 84488",SELECT,billing_records,124,0.8771,report_generation,200
sess_1077,2026-05-16 14:29:42,ent_apex_gamma,usr_577,agt_2,"SELECT created_at, id FROM customers WHERE id = 47909",SELECT,customers,153,0.8422,report_generation,200
sess_1077,2026-05-16 14:30:09,ent_apex_gamma,usr_577,agt_2,"SELECT created_at, id FROM customers WHERE id = 79545",SELECT,customers,203,0.7262,report_generation,200
sess_1077,2026-05-16 14:34:45,ent_apex_gamma,usr_577,agt_2,"SELECT status, created_at FROM orders WHERE id = 66233",SELECT,orders,242,0.7703,report_generation,200
sess_1077,2026-05-16 14:35:05,ent_apex_gamma,usr_577,agt_2,"SELECT price, id FROM products WHERE id = 72445",SELECT,products,89,0.7589,order_management,200
sess_1077,2026-05-16 14:37:32,ent_apex_gamma,usr_577,agt_2,"SELECT target, action FROM audit_log WHERE id = 15402",SELECT,audit_log,284,0.5314,compensation_review,200
sess_1077,2026-05-16 14:38:49,ent_apex_gamma,usr_577,agt_2,"SELECT amount, created_at FROM orders WHERE id = 2333",SELECT,orders,403,0.3724,schema_audit,200
sess_1077,2026-05-16 14:48:55,ent_apex_gamma,usr_577,agt_2,"SELECT id, actor FROM audit_log WHERE id = 11178",SELECT,audit_log,80,0.8775,compensation_review,200
sess_1077,2026-05-16 14:50:31,ent_apex_gamma,usr_577,agt_2,"SELECT id, email FROM customers WHERE id = 35004",SELECT,customers,228,0.6558,report_generation,200
sess_1077,2026-05-16 14:59:17,ent_apex_gamma,usr_577,agt_2,"SELECT name, id FROM customers WHERE id = 48539",SELECT,customers,66,0.6796,schema_audit,200
sess_1077,2026-05-16 15:01:15,ent_apex_gamma,usr_577,agt_2,"SELECT dob, phone FROM customer_pii WHERE id = 8855",SELECT,customer_pii,128,0.7305,billing_summary,200
sess_1077,2026-05-16 15:01:58,ent_apex_gamma,usr_577,agt_2,"SELECT id, amount FROM billing_records WHERE id = 50632",SELECT,billing_records,221,0.5885,sales_performance,200
sess_1077,2026-05-16 15:04:01,ent_apex_gamma,usr_577,agt_2,"SELECT id, amount FROM billing_records WHERE id = 28891",SELECT,billing_records,137,0.5606,support_triage,200
sess_1077,2026-05-16 15:04:31,ent_apex_gamma,usr_577,agt_2,"SELECT total_comp, equity FROM executive_compensation WHERE id = 76829",SELECT,executive_compensation,577,0.4598,system_health_check,200
sess_1077,2026-05-16 15:09:11,ent_apex_gamma,usr_577,agt_2,"SELECT id, base_salary FROM employee_salaries WHERE id = 37694",SELECT,employee_salaries,420,0.5573,schema_audit,200
sess_1077,2026-05-16 15:09:31,ent_apex_gamma,usr_577,agt_2,"SELECT equity, year FROM executive_compensation WHERE id = 55453",SELECT,executive_compensation,115,0.4887,report_generation,200
sess_1077,2026-05-16 15:10:08,ent_apex_gamma,usr_577,agt_2,"SELECT status, id FROM orders WHERE id = 41054",SELECT,orders,59,0.625,payroll_processing,200
sess_1077,2026-05-16 15:18:11,ent_apex_gamma,usr_577,agt_2,"SELECT total_comp, id FROM executive_compensation WHERE id = 78160",SELECT,executive_compensation,53,0.6497,payroll_processing,200
sess_1077,2026-05-16 15:20:21,ent_apex_gamma,usr_577,agt_2,"SELECT category, price FROM products WHERE id = 11998",SELECT,products,107,0.6613,system_health_check,200
sess_1077,2026-05-16 15:20:41,ent_apex_gamma,usr_577,agt_2,"SELECT customer_id, month FROM billing_records WHERE id = 7165",SELECT,billing_records,118,0.619,order_management,200
sess_1077,2026-05-16 15:24:09,ent_apex_gamma,usr_577,agt_2,"SELECT exec_id, year FROM executive_compensation WHERE id = 21488",SELECT,executive_compensation,146,0.5318,billing_summary,200
sess_1077,2026-05-16 15:25:53,ent_apex_gamma,usr_577,agt_2,"SELECT status, id FROM orders WHERE id = 9404",SELECT,orders,306,0.797,billing_summary,403
sess_1077,2026-05-16 15:28:39,ent_apex_gamma,usr_577,agt_2,"SELECT grade, bonus FROM employee_salaries WHERE id = 40661",SELECT,employee_salaries,404,0.6145,compensation_review,200
sess_1077,2026-05-16 15:42:15,ent_apex_gamma,usr_577,agt_2,"SELECT id, equity FROM executive_compensation WHERE id = 21083",SELECT,executive_compensation,100,0.404,support_triage,200
sess_1077,2026-05-16 16:00:37,ent_apex_gamma,usr_577,agt_2,"SELECT base_salary, bonus FROM employee_salaries WHERE id = 13679",SELECT,employee_salaries,307,0.5712,order_management,200
sess_1077,2026-05-16 16:04:49,ent_apex_gamma,usr_577,agt_2,"SELECT id, bonus FROM employee_salaries WHERE id = 19670",SELECT,employee_salaries,305,0.5858,customer_lookup,200
sess_1077,2026-05-16 16:06:51,ent_apex_gamma,usr_577,agt_2,"SELECT email, created_at FROM customers WHERE id = 41728",SELECT,customers,35,0.5604,order_management,200
sess_1077,2026-05-16 16:07:47,ent_apex_gamma,usr_577,agt_2,"SELECT id, employee_id FROM employee_salaries WHERE id = 10868",SELECT,employee_salaries,128,0.7701,schema_audit,200
sess_1077,2026-05-16 16:09:57,ent_apex_gamma,usr_577,agt_2,"SELECT id, actor FROM audit_log WHERE id = 57617",SELECT,audit_log,53,0.4553,billing_summary,200
sess_1077,2026-05-16 16:18:09,ent_apex_gamma,usr_577,agt_2,"SELECT customer_id, amount FROM orders WHERE id = 28184",SELECT,orders,72,0.68,compensation_review,200
sess_1077,2026-05-16 16:41:08,ent_apex_gamma,usr_577,agt_2,"SELECT id, equity FROM executive_compensation WHERE id = 16398",SELECT,executive_compensation,125,0.6453,compensation_review,200
sess_1078,2026-05-22 10:43:29,ent_apex_gamma,usr_578,agt_6,"SELECT created_at, COUNT(*) FROM orders GROUP BY created_at",AGGREGATION,orders,10305,0.7604,report_generation,200
sess_1078,2026-05-22 10:44:14,ent_apex_gamma,usr_578,agt_6,"SELECT customers.id, orders.id FROM customers JOIN orders ON customers.id = orders.id",JOIN,"customers,orders",1763,0.7608,report_generation,200
sess_1078,2026-05-22 10:44:44,ent_apex_gamma,usr_578,agt_6,"SELECT status, MAX(id) FROM orders GROUP BY status",AGGREGATION,orders,4608,0.8713,report_generation,200
sess_1078,2026-05-22 10:46:15,ent_apex_gamma,usr_578,agt_6,"SELECT category, AVG(amount) FROM products GROUP BY category",AGGREGATION,products,7135,0.7372,report_generation,200
sess_1078,2026-05-22 10:52:18,ent_apex_gamma,usr_578,agt_6,"SELECT name, id FROM products WHERE id = 88693",SELECT,products,286,0.935,report_generation,200
sess_1078,2026-05-22 10:55:41,ent_apex_gamma,usr_578,agt_6,"SELECT name, category FROM products WHERE id = 30319",SELECT,products,336,0.995,report_generation,200
sess_1078,2026-05-22 10:57:37,ent_apex_gamma,usr_578,agt_6,UPDATE orders SET created_at = '5342' WHERE id = 2210,UPDATE,orders,370,0.9652,report_generation,200
sess_1078,2026-05-22 10:57:52,ent_apex_gamma,usr_578,agt_6,"SELECT price, name FROM products WHERE id = 13209",SELECT,products,99,0.8994,report_generation,200
sess_1078,2026-05-22 11:02:03,ent_apex_gamma,usr_578,agt_6,"SELECT id, price FROM products WHERE id = 62313",SELECT,products,167,0.9067,report_generation,200
sess_1078,2026-05-22 11:04:42,ent_apex_gamma,usr_578,agt_6,"SELECT status, created_at FROM orders WHERE id = 26059",SELECT,orders,161,0.9474,report_generation,200
sess_1078,2026-05-22 11:05:21,ent_apex_gamma,usr_578,agt_6,"SELECT created_at, status FROM orders WHERE id = 94042",SELECT,orders,97,0.917,report_generation,200
sess_1079,2026-05-22 23:30:55,ent_apex_gamma,usr_579,agt_7,"SELECT name, email FROM customers WHERE id = 18704",SELECT,customers,134,0.995,customer_lookup,200
sess_1079,2026-05-22 23:31:15,ent_apex_gamma,usr_579,agt_7,"SELECT status, customer_id FROM orders WHERE id = 72317",SELECT,orders,128,0.8651,customer_lookup,200
sess_1079,2026-05-22 23:34:37,ent_apex_gamma,usr_579,agt_7,"SELECT status, customer_id FROM support_tickets WHERE id = 84216",SELECT,support_tickets,232,0.8752,customer_lookup,200
sess_1079,2026-05-22 23:35:44,ent_apex_gamma,usr_579,agt_7,"SELECT email, id FROM customers WHERE id = 70879",SELECT,customers,77,0.8237,customer_lookup,200
sess_1079,2026-05-22 23:44:03,ent_apex_gamma,usr_579,agt_7,"SELECT amount, status FROM orders WHERE id = 45542",SELECT,orders,325,0.9026,customer_lookup,200
sess_1079,2026-05-22 23:44:23,ent_apex_gamma,usr_579,agt_7,"SELECT customer_id, amount FROM orders WHERE id = 67413",SELECT,orders,211,0.8164,customer_lookup,200
sess_1079,2026-05-22 23:50:06,ent_apex_gamma,usr_579,agt_7,"SELECT region, name FROM customers WHERE id = 53176",SELECT,customers,115,0.995,customer_lookup,200
sess_1079,2026-05-22 23:54:33,ent_apex_gamma,usr_579,agt_7,"SELECT region, created_at FROM customers WHERE id = 66537",SELECT,customers,143,0.9533,customer_lookup,200
sess_1079,2026-05-22 23:58:35,ent_apex_gamma,usr_579,agt_7,"SELECT customer_id, created_at FROM orders WHERE id = 66347",SELECT,orders,288,0.8575,customer_lookup,200
sess_1079,2026-05-23 00:00:01,ent_apex_gamma,usr_579,agt_7,"SELECT id, region FROM customers WHERE id = 16542",SELECT,customers,121,0.843,customer_lookup,200
sess_1079,2026-05-23 00:06:22,ent_apex_gamma,usr_579,agt_7,"SELECT id, name FROM customers WHERE id = 35989",SELECT,customers,72,0.7164,customer_lookup,200
sess_1079,2026-05-23 00:06:55,ent_apex_gamma,usr_579,agt_7,"SELECT id, created_at FROM customers WHERE id = 76444",SELECT,customers,399,0.6958,customer_lookup,200
sess_1079,2026-05-23 00:08:56,ent_apex_gamma,usr_579,agt_7,"SELECT customer_id, id FROM orders WHERE id = 6567",SELECT,orders,601,0.5563,schema_audit,200
sess_1079,2026-05-23 00:10:05,ent_apex_gamma,usr_579,agt_7,"SELECT id, email FROM customers WHERE id = 2229",SELECT,customers,147,0.6898,billing_summary,200
sess_1079,2026-05-23 00:13:46,ent_apex_gamma,usr_579,agt_7,"SELECT customer_id, status FROM support_tickets WHERE id = 57131",SELECT,support_tickets,179,0.7571,order_management,200
sess_1079,2026-05-23 00:18:07,ent_apex_gamma,usr_579,agt_7,"SELECT order_id, eta FROM shipments WHERE id = 69623",SELECT,shipments,114,0.5341,payroll_processing,200
sess_1079,2026-05-23 00:20:06,ent_apex_gamma,usr_579,agt_7,"SELECT created_at, customer_id FROM orders WHERE id = 91173",SELECT,orders,233,0.4487,sales_performance,200
sess_1079,2026-05-23 00:25:08,ent_apex_gamma,usr_579,agt_7,"SELECT name, id FROM customers WHERE id = 888",SELECT,customers,36,0.9102,compensation_review,200
sess_1079,2026-05-23 00:29:37,ent_apex_gamma,usr_579,agt_7,"SELECT created_at, id FROM orders WHERE id = 37417",SELECT,orders,148,0.6884,support_triage,200
sess_1079,2026-05-23 00:35:24,ent_apex_gamma,usr_579,agt_7,"SELECT status, customer_id FROM support_tickets WHERE id = 91689",SELECT,support_tickets,149,0.4633,customer_lookup,200
sess_1079,2026-05-23 00:39:07,ent_apex_gamma,usr_579,agt_7,"SELECT order_id, carrier FROM shipments WHERE id = 29185",SELECT,shipments,219,0.6504,compensation_review,200
sess_1079,2026-05-23 00:39:58,ent_apex_gamma,usr_579,agt_7,"SELECT created_at, email FROM customers WHERE id = 49870",SELECT,customers,211,0.6551,system_health_check,200
sess_1079,2026-05-23 00:45:18,ent_apex_gamma,usr_579,agt_7,"SELECT id, priority FROM support_tickets WHERE id = 23224",SELECT,support_tickets,110,0.7617,customer_lookup,200
sess_1079,2026-05-23 00:48:32,ent_apex_gamma,usr_579,agt_7,"SELECT eta, order_id FROM shipments WHERE id = 38839",SELECT,shipments,243,0.6707,billing_summary,200
sess_1079,2026-05-23 00:56:12,ent_apex_gamma,usr_579,agt_7,"SELECT eta, id FROM shipments WHERE id = 98276",SELECT,shipments,176,0.7122,billing_summary,200
sess_1079,2026-05-23 00:56:38,ent_apex_gamma,usr_579,agt_7,"SELECT priority, id FROM support_tickets WHERE id = 60202",SELECT,support_tickets,30,0.4119,system_health_check,200
sess_1079,2026-05-23 00:59:11,ent_apex_gamma,usr_579,agt_7,"SELECT id, status FROM orders WHERE id = 52573",SELECT,orders,289,0.58,system_health_check,200
sess_1079,2026-05-23 00:59:38,ent_apex_gamma,usr_579,agt_7,"SELECT status, id FROM support_tickets WHERE id = 72566",SELECT,support_tickets,1088,0.7,customer_lookup,200
sess_1079,2026-05-23 01:01:36,ent_apex_gamma,usr_579,agt_7,"SELECT id, eta FROM shipments WHERE id = 64834",SELECT,shipments,202,0.7202,compensation_review,500
sess_1079,2026-05-23 01:01:56,ent_apex_gamma,usr_579,agt_7,"SELECT created_at, name FROM customers WHERE id = 66423",SELECT,customers,49,0.5967,payroll_processing,200
sess_1079,2026-05-23 01:11:51,ent_apex_gamma,usr_579,agt_7,"SELECT email, id FROM customers WHERE id = 91557",SELECT,customers,229,0.6082,billing_summary,200
sess_1079,2026-05-23 01:23:44,ent_apex_gamma,usr_579,agt_7,"SELECT created_at, customer_id FROM orders WHERE id = 81850",SELECT,orders,120,0.7413,customer_lookup,200
sess_1079,2026-05-23 01:25:12,ent_apex_gamma,usr_579,agt_7,"SELECT id, region FROM customers WHERE id = 65357",SELECT,customers,125,0.4465,support_triage,500
sess_1079,2026-05-23 01:30:34,ent_apex_gamma,usr_579,agt_7,"SELECT customer_id, id FROM orders WHERE id = 11311",SELECT,orders,610,0.4808,payroll_processing,200
sess_1079,2026-05-23 01:31:22,ent_apex_gamma,usr_579,agt_7,"SELECT status, id FROM orders WHERE id = 43715",SELECT,orders,214,0.6025,order_management,200
sess_1079,2026-05-23 01:36:49,ent_apex_gamma,usr_579,agt_7,"SELECT customer_id, status FROM orders WHERE id = 3848",SELECT,orders,177,0.4541,order_management,200
sess_1079,2026-05-23 01:37:09,ent_apex_gamma,usr_579,agt_7,"SELECT created_at, amount FROM orders WHERE id = 88928",SELECT,orders,64,0.6646,report_generation,200
sess_1079,2026-05-23 01:44:23,ent_apex_gamma,usr_579,agt_7,"SELECT id, created_at FROM customers WHERE id = 3268",SELECT,customers,66,0.6044,schema_audit,200
sess_1079,2026-05-23 01:52:57,ent_apex_gamma,usr_579,agt_7,"SELECT priority, customer_id FROM support_tickets WHERE id = 10127",SELECT,support_tickets,82,0.4487,system_health_check,200
sess_1079,2026-05-23 01:53:59,ent_apex_gamma,usr_579,agt_7,"SELECT email, created_at FROM customers WHERE id = 53489",SELECT,customers,69,0.6816,schema_audit,200
sess_1079,2026-05-23 01:54:57,ent_apex_gamma,usr_579,agt_7,"SELECT carrier, order_id FROM shipments WHERE id = 3565",SELECT,shipments,126,0.7715,sales_performance,200
sess_1079,2026-05-23 01:56:40,ent_apex_gamma,usr_579,agt_7,"SELECT status, id FROM orders WHERE id = 38674",SELECT,orders,132,0.6002,support_triage,200
sess_1079,2026-05-23 02:01:31,ent_apex_gamma,usr_579,agt_7,"SELECT eta, order_id FROM shipments WHERE id = 55192",SELECT,shipments,229,0.7304,schema_audit,200
sess_1079,2026-05-23 02:06:58,ent_apex_gamma,usr_579,agt_7,"SELECT id, priority FROM support_tickets WHERE id = 51393",SELECT,support_tickets,111,0.4781,system_health_check,200
sess_1080,2026-05-20 10:14:15,ent_apex_gamma,usr_580,agt_8,"SELECT updated_at, warehouse FROM inventory WHERE id = 1468",SELECT,inventory,226,0.903,inventory_check,200
sess_1080,2026-05-20 10:15:05,ent_apex_gamma,usr_580,agt_8,"SELECT category, SUM(amount) FROM products GROUP BY category",AGGREGATION,products,16276,0.7477,inventory_check,200
sess_1080,2026-05-20 10:15:51,ent_apex_gamma,usr_580,agt_8,"SELECT id, warehouse FROM inventory WHERE id = 66114",SELECT,inventory,151,0.7544,inventory_check,200
sess_1080,2026-05-20 10:16:02,ent_apex_gamma,usr_580,agt_8,"SELECT price, category FROM products WHERE id = 25029",SELECT,products,284,0.995,inventory_check,200
sess_1080,2026-05-20 10:17:02,ent_apex_gamma,usr_580,agt_8,"SELECT updated_at, stock FROM inventory WHERE id = 96948",SELECT,inventory,141,0.706,inventory_check,200
sess_1080,2026-05-20 10:19:53,ent_apex_gamma,usr_580,agt_8,"SELECT stock, updated_at FROM inventory WHERE id = 87007",SELECT,inventory,100,0.995,inventory_check,200
sess_1080,2026-05-20 10:21:01,ent_apex_gamma,usr_580,agt_8,"SELECT sku, AVG(amount) FROM inventory GROUP BY sku",AGGREGATION,inventory,1861,0.8562,inventory_check,200
sess_1080,2026-05-20 10:25:48,ent_apex_gamma,usr_580,agt_8,"SELECT stock, id FROM inventory WHERE id = 39839",SELECT,inventory,121,0.8864,inventory_check,200
sess_1080,2026-05-20 10:27:28,ent_apex_gamma,usr_580,agt_8,"SELECT updated_at, sku FROM inventory WHERE id = 87249",SELECT,inventory,112,0.977,inventory_check,200
sess_1080,2026-05-20 10:29:00,ent_apex_gamma,usr_580,agt_8,"SELECT name, category FROM products WHERE id = 68359",SELECT,products,385,0.5673,inventory_check,200
sess_1080,2026-05-20 10:29:52,ent_apex_gamma,usr_580,agt_8,"SELECT sku, stock FROM inventory WHERE id = 38176",SELECT,inventory,82,0.8452,inventory_check,200
sess_1080,2026-05-20 10:30:07,ent_apex_gamma,usr_580,agt_8,"SELECT id, SUM(amount) FROM products GROUP BY id",AGGREGATION,products,2482,0.9068,inventory_check,200
sess_1081,2026-05-17 13:35:48,ent_corp_alpha,usr_581,agt_12,"SELECT name, category FROM products WHERE id = 65864",SELECT,products,5340,0.7888,sales_performance,200
sess_1081,2026-05-17 13:37:37,ent_corp_alpha,usr_581,agt_12,"SELECT id, SUM(amount) FROM products GROUP BY id",AGGREGATION,products,5468,0.8629,sales_performance,200
sess_1081,2026-05-17 13:38:38,ent_corp_alpha,usr_581,agt_12,"SELECT month, customer_id FROM billing_records WHERE id = 73428",SELECT,billing_records,320,0.995,sales_performance,200
sess_1081,2026-05-17 13:39:23,ent_corp_alpha,usr_581,agt_12,"SELECT customer_id, AVG(amount) FROM billing_records GROUP BY customer_id",AGGREGATION,billing_records,8842,0.995,sales_performance,200
sess_1081,2026-05-17 13:40:37,ent_corp_alpha,usr_581,agt_12,"SELECT status, MAX(id) FROM orders GROUP BY status",AGGREGATION,orders,7857,0.8028,sales_performance,200
sess_1081,2026-05-17 13:42:53,ent_corp_alpha,usr_581,agt_12,SELECT * FROM orders,SELECT,orders,81342,0.8601,sales_performance,200
sess_1081,2026-05-17 13:43:03,ent_corp_alpha,usr_581,agt_12,"SELECT price, SUM(amount) FROM products GROUP BY price",AGGREGATION,products,1698,0.8017,sales_performance,200
sess_1081,2026-05-17 13:44:35,ent_corp_alpha,usr_581,agt_12,SELECT * FROM billing_records,SELECT,billing_records,91516,0.8313,sales_performance,200
sess_1081,2026-05-17 13:48:10,ent_corp_alpha,usr_581,agt_12,"SELECT id, customer_id FROM billing_records WHERE id = 75065",SELECT,billing_records,4815,0.9157,sales_performance,200
sess_1081,2026-05-17 13:49:01,ent_corp_alpha,usr_581,agt_12,SELECT * FROM products,SELECT,products,26092,0.7304,sales_performance,200
sess_1081,2026-05-17 13:50:07,ent_corp_alpha,usr_581,agt_12,"SELECT id, COUNT(*) FROM orders GROUP BY id",AGGREGATION,orders,4040,0.8443,sales_performance,200
sess_1082,2026-04-30 11:41:58,ent_corp_alpha,usr_582,agt_1,"SELECT user_id, url FROM page_views WHERE id = 85905",SELECT,page_views,415,0.8557,system_health_check,200
sess_1082,2026-04-30 11:44:58,ent_corp_alpha,usr_582,agt_1,"SELECT user_id, SUM(amount) FROM page_views GROUP BY user_id",AGGREGATION,page_views,9327,0.7685,system_health_check,200
sess_1082,2026-04-30 11:46:27,ent_corp_alpha,usr_582,agt_1,"SELECT table_schema, row_count FROM information_schema.tables WHERE id = 91556",SELECT,information_schema.tables,141,0.7717,system_health_check,200
sess_1082,2026-04-30 11:47:03,ent_corp_alpha,usr_582,agt_1,"SELECT ts, url FROM page_views WHERE id = 59650",SELECT,page_views,60,0.995,system_health_check,200
sess_1082,2026-04-30 11:47:17,ent_corp_alpha,usr_582,agt_1,"SELECT ts, id FROM logs WHERE id = 76218",SELECT,logs,728,0.886,system_health_check,500
sess_1082,2026-04-30 11:49:58,ent_corp_alpha,usr_582,agt_1,"SELECT ts, url FROM page_views WHERE id = 97907",SELECT,page_views,99,0.5412,system_health_check,200
sess_1082,2026-04-30 11:50:53,ent_corp_alpha,usr_582,agt_1,"SELECT table_schema, table_name FROM information_schema.tables WHERE id = 21552",SELECT,information_schema.tables,380,0.7509,system_health_check,200
sess_1082,2026-04-30 11:51:24,ent_corp_alpha,usr_582,agt_1,"SELECT ts, AVG(amount) FROM page_views GROUP BY ts",AGGREGATION,page_views,3496,0.9261,system_health_check,200
sess_1082,2026-04-30 11:59:51,ent_corp_alpha,usr_582,agt_1,"SELECT table_name, AVG(amount) FROM information_schema.tables GROUP BY table_name",AGGREGATION,information_schema.tables,594,0.9022,system_health_check,200
sess_1082,2026-04-30 12:02:09,ent_corp_alpha,usr_582,agt_1,"SELECT id, ts FROM logs WHERE id = 36949",SELECT,logs,42,0.7485,system_health_check,200
sess_1082,2026-04-30 12:02:56,ent_corp_alpha,usr_582,agt_1,"SELECT ts, url FROM page_views WHERE id = 9280",SELECT,page_views,32,0.8395,system_health_check,200
sess_1082,2026-04-30 12:03:00,ent_corp_alpha,usr_582,agt_1,"SELECT logs.id, information_schema.tables.id FROM logs JOIN information_schema.tables ON logs.id = information_schema.tables.id",JOIN,"logs,information_schema.tables",751,0.995,system_health_check,200
sess_1083,2026-05-09 14:08:41,ent_corp_alpha,usr_583,agt_1,UPDATE audit_log SET target = '4228' WHERE id = 5690,UPDATE,audit_log,1537,0.7574,schema_audit,200
sess_1083,2026-05-09 14:08:43,ent_corp_alpha,usr_583,agt_1,"SELECT information_schema.columns.id, audit_log.id FROM information_schema.columns JOIN audit_log ON information_schema.columns.id = audit_log.id",JOIN,"information_schema.columns,audit_log",2482,0.8986,schema_audit,500
sess_1083,2026-05-09 14:09:19,ent_corp_alpha,usr_583,agt_1,"SELECT column_name, data_type FROM information_schema.columns WHERE id = 39770",SELECT,information_schema.columns,3261,0.7099,schema_audit,200
sess_1083,2026-05-09 14:11:36,ent_corp_alpha,usr_583,agt_1,"SELECT information_schema.columns.id, information_schema.tables.id FROM information_schema.columns JOIN information_schema.tables ON information_schema.columns.id = information_schema.tables.id",JOIN,"information_schema.columns,information_schema.tables",570,0.8339,schema_audit,200
sess_1083,2026-05-09 14:12:32,ent_corp_alpha,usr_583,agt_1,"SELECT table_name, table_schema FROM information_schema.tables WHERE id = 9338",SELECT,information_schema.tables,172,0.8877,schema_audit,200
sess_1083,2026-05-09 14:14:38,ent_corp_alpha,usr_583,agt_1,"SELECT actor, id FROM audit_log WHERE id = 63724",SELECT,audit_log,219,0.895,schema_audit,200
sess_1083,2026-05-09 14:14:55,ent_corp_alpha,usr_583,agt_1,"SELECT action, SUM(amount) FROM audit_log GROUP BY action",AGGREGATION,audit_log,4237,0.8648,schema_audit,200
sess_1083,2026-05-09 14:15:36,ent_corp_alpha,usr_583,agt_1,UPDATE information_schema.columns SET data_type = '5693' WHERE id = 6197,UPDATE,information_schema.columns,3676,0.9356,schema_audit,200
sess_1083,2026-05-09 14:17:10,ent_corp_alpha,usr_583,agt_1,"SELECT ts, actor FROM audit_log WHERE id = 85576",SELECT,audit_log,1048,0.9522,schema_audit,200
sess_1083,2026-05-09 14:18:31,ent_corp_alpha,usr_583,agt_1,"SELECT table_name, table_schema FROM information_schema.tables WHERE id = 40473",SELECT,information_schema.tables,1187,0.775,schema_audit,500
sess_1083,2026-05-09 14:19:27,ent_corp_alpha,usr_583,agt_1,"SELECT table_name, data_type FROM information_schema.columns WHERE id = 22810",SELECT,information_schema.columns,556,0.9173,schema_audit,200
sess_1083,2026-05-09 14:19:46,ent_corp_alpha,usr_583,agt_1,"SELECT table_schema, COUNT(*) FROM information_schema.tables GROUP BY table_schema",AGGREGATION,information_schema.tables,4602,0.9695,schema_audit,200
sess_1083,2026-05-09 14:19:59,ent_corp_alpha,usr_583,agt_1,"SELECT data_type, MAX(id) FROM information_schema.columns GROUP BY data_type",AGGREGATION,information_schema.columns,1867,0.8736,schema_audit,200
sess_1083,2026-05-09 14:20:10,ent_corp_alpha,usr_583,agt_1,"SELECT table_schema, table_name FROM information_schema.tables WHERE id = 20750",SELECT,information_schema.tables,439,0.9404,schema_audit,200
sess_1083,2026-05-09 14:24:33,ent_corp_alpha,usr_583,agt_1,"SELECT table_name, table_schema FROM information_schema.tables WHERE id = 47818",SELECT,information_schema.tables,862,0.7129,schema_audit,200
sess_1084,2026-05-19 02:26:13,ent_nexus_beta,usr_584,agt_7,"SELECT status, customer_id FROM orders WHERE id = 88942",SELECT,orders,2460,0.8339,report_generation,200
sess_1084,2026-05-19 02:27:07,ent_nexus_beta,usr_584,agt_7,"SELECT name, id FROM products WHERE id = 87647",SELECT,products,832,0.7205,report_generation,200
sess_1084,2026-05-19 02:28:46,ent_nexus_beta,usr_584,agt_7,"SELECT products.id, billing_records.id FROM products JOIN billing_records ON products.id = billing_records.id",JOIN,"products,billing_records",1866,0.7231,report_generation,200
sess_1084,2026-05-19 02:28:56,ent_nexus_beta,usr_584,agt_7,"SELECT id, SUM(amount) FROM products GROUP BY id",AGGREGATION,products,2405,0.8768,report_generation,200
sess_1084,2026-05-19 02:29:45,ent_nexus_beta,usr_584,agt_7,"SELECT amount, customer_id FROM billing_records WHERE id = 7985",SELECT,billing_records,113,0.8797,report_generation,200
sess_1084,2026-05-19 02:30:59,ent_nexus_beta,usr_584,agt_7,"SELECT name, MAX(id) FROM customers GROUP BY name",AGGREGATION,customers,866,0.9265,report_generation,200
sess_1084,2026-05-19 02:31:25,ent_nexus_beta,usr_584,agt_7,"SELECT name, price FROM products WHERE id = 23728",SELECT,products,167,0.7915,report_generation,200
sess_1084,2026-05-19 02:32:23,ent_nexus_beta,usr_584,agt_7,"SELECT customers.id, orders.id FROM customers JOIN orders ON customers.id = orders.id",JOIN,"customers,orders",141,0.8157,report_generation,200
sess_1084,2026-05-19 02:34:53,ent_nexus_beta,usr_584,agt_7,"SELECT id, amount FROM orders WHERE id = 10863",SELECT,orders,98,0.8174,report_generation,200
sess_1084,2026-05-19 02:39:08,ent_nexus_beta,usr_584,agt_7,"SELECT orders.id, billing_records.id FROM orders JOIN billing_records ON orders.id = billing_records.id",JOIN,"orders,billing_records",582,0.9123,report_generation,200
sess_1084,2026-05-19 02:40:24,ent_nexus_beta,usr_584,agt_7,"SELECT name, id FROM customers WHERE id = 37078",SELECT,customers,56,0.8821,report_generation,200
sess_1084,2026-05-19 02:40:30,ent_nexus_beta,usr_584,agt_7,"SELECT amount, MAX(id) FROM orders GROUP BY amount",AGGREGATION,orders,3175,0.9794,report_generation,200
sess_1084,2026-05-19 02:41:06,ent_nexus_beta,usr_584,agt_7,"SELECT name, SUM(amount) FROM customers GROUP BY name",AGGREGATION,customers,10558,0.9,report_generation,200
sess_1085,2026-05-03 13:23:58,ent_apex_gamma,usr_585,agt_6,"SELECT created_at, COUNT(*) FROM customers GROUP BY created_at",AGGREGATION,customers,3565,0.7348,customer_lookup,200
sess_1085,2026-05-03 13:26:03,ent_apex_gamma,usr_585,agt_6,"SELECT created_at, name FROM customers WHERE id = 31836",SELECT,customers,138,0.8524,customer_lookup,200
sess_1085,2026-05-03 13:27:18,ent_apex_gamma,usr_585,agt_6,"SELECT support_tickets.id, customers.id FROM support_tickets JOIN customers ON support_tickets.id = customers.id",JOIN,"support_tickets,customers",225,0.8373,customer_lookup,200
sess_1085,2026-05-03 13:27:58,ent_apex_gamma,usr_585,agt_6,"SELECT customer_id, id FROM support_tickets WHERE id = 39863",SELECT,support_tickets,2669,0.9682,customer_lookup,200
sess_1085,2026-05-03 13:29:59,ent_apex_gamma,usr_585,agt_6,"SELECT priority, customer_id FROM support_tickets WHERE id = 58773",SELECT,support_tickets,5359,0.7876,customer_lookup,200
sess_1085,2026-05-03 13:31:37,ent_apex_gamma,usr_585,agt_6,"SELECT email, AVG(amount) FROM customers GROUP BY email",AGGREGATION,customers,2789,0.7941,customer_lookup,200
sess_1085,2026-05-03 13:33:15,ent_apex_gamma,usr_585,agt_6,"SELECT status, COUNT(*) FROM orders GROUP BY status",AGGREGATION,orders,1031,0.995,customer_lookup,200
sess_1085,2026-05-03 13:34:40,ent_apex_gamma,usr_585,agt_6,"SELECT amount, id FROM orders WHERE id = 69120",SELECT,orders,72,0.9062,customer_lookup,200
sess_1085,2026-05-03 13:36:04,ent_apex_gamma,usr_585,agt_6,"SELECT customer_id, status FROM orders WHERE id = 85974",SELECT,orders,341,0.8473,customer_lookup,200
sess_1085,2026-05-03 13:36:22,ent_apex_gamma,usr_585,agt_6,"SELECT customer_id, id FROM support_tickets WHERE id = 16814",SELECT,support_tickets,107,0.9547,customer_lookup,200
sess_1085,2026-05-03 13:37:07,ent_apex_gamma,usr_585,agt_6,UPDATE orders SET status = '8379' WHERE id = 9993,UPDATE,orders,466,0.9888,customer_lookup,200
sess_1085,2026-05-03 13:38:30,ent_apex_gamma,usr_585,agt_6,"SELECT amount, customer_id FROM orders WHERE id = 35309",SELECT,orders,303,0.9241,customer_lookup,200
sess_1085,2026-05-03 13:39:40,ent_apex_gamma,usr_585,agt_6,"SELECT email, region FROM customers WHERE id = 84556",SELECT,customers,48,0.7342,customer_lookup,200
sess_1085,2026-05-03 13:41:51,ent_apex_gamma,usr_585,agt_6,"SELECT status, id FROM support_tickets WHERE id = 66479",SELECT,support_tickets,5520,0.7508,customer_lookup,200
sess_1085,2026-05-03 13:48:18,ent_apex_gamma,usr_585,agt_6,"SELECT id, status FROM orders WHERE id = 40448",SELECT,orders,1219,0.7141,customer_lookup,200
sess_1085,2026-05-03 13:49:47,ent_apex_gamma,usr_585,agt_6,"SELECT email, region FROM customers WHERE id = 90724",SELECT,customers,102,0.9642,customer_lookup,200
sess_1085,2026-05-03 13:49:54,ent_apex_gamma,usr_585,agt_6,"SELECT email, region FROM customers WHERE id = 31538",SELECT,customers,918,0.9228,customer_lookup,200
sess_1085,2026-05-03 13:51:14,ent_apex_gamma,usr_585,agt_6,"SELECT customer_id, subject FROM support_tickets WHERE id = 60937",SELECT,support_tickets,208,0.7571,customer_lookup,200
sess_1086,2026-05-20 10:36:03,ent_apex_gamma,usr_586,agt_2,"SELECT id, eta FROM shipments WHERE id = 38093",SELECT,shipments,169,0.9836,inventory_check,200
sess_1086,2026-05-20 10:36:34,ent_apex_gamma,usr_586,agt_2,"SELECT sku, warehouse FROM inventory WHERE id = 93869",SELECT,inventory,1054,0.9841,inventory_check,200
sess_1086,2026-05-20 10:44:04,ent_apex_gamma,usr_586,agt_2,"SELECT inventory.id, products.id FROM inventory JOIN products ON inventory.id = products.id",JOIN,"inventory,products",283,0.8407,inventory_check,200
sess_1086,2026-05-20 10:44:53,ent_apex_gamma,usr_586,agt_2,"SELECT name, MAX(id) FROM products GROUP BY name",AGGREGATION,products,10254,0.8551,inventory_check,200
sess_1086,2026-05-20 10:46:10,ent_apex_gamma,usr_586,agt_2,"SELECT eta, id FROM shipments WHERE id = 76391",SELECT,shipments,3034,0.892,inventory_check,200
sess_1086,2026-05-20 10:46:26,ent_apex_gamma,usr_586,agt_2,"SELECT price, category FROM products WHERE id = 4256",SELECT,products,225,0.6276,inventory_check,200
sess_1086,2026-05-20 10:50:18,ent_apex_gamma,usr_586,agt_2,"SELECT price, category FROM products WHERE id = 5703",SELECT,products,198,0.7786,inventory_check,200
sess_1086,2026-05-20 10:50:55,ent_apex_gamma,usr_586,agt_2,"SELECT order_id, COUNT(*) FROM shipments GROUP BY order_id",AGGREGATION,shipments,2473,0.9196,inventory_check,200
sess_1086,2026-05-20 10:51:50,ent_apex_gamma,usr_586,agt_2,UPDATE products SET category = '2096' WHERE id = 2083,UPDATE,products,145,0.9781,inventory_check,200
sess_1086,2026-05-20 10:55:14,ent_apex_gamma,usr_586,agt_2,"SELECT id, email FROM customers WHERE id = 30143",SELECT,customers,75,0.8391,billing_summary,200
sess_1086,2026-05-20 10:56:39,ent_apex_gamma,usr_586,agt_2,"SELECT eta, id FROM shipments WHERE id = 65533",SELECT,shipments,106,0.8778,inventory_check,200
sess_1086,2026-05-20 10:58:04,ent_apex_gamma,usr_586,agt_2,"SELECT eta, order_id FROM shipments WHERE id = 71317",SELECT,shipments,78,0.7721,inventory_check,200
sess_1086,2026-05-20 10:58:43,ent_apex_gamma,usr_586,agt_2,"SELECT name, category FROM products WHERE id = 19073",SELECT,products,600,0.8648,inventory_check,200
sess_1086,2026-05-20 10:59:49,ent_apex_gamma,usr_586,agt_2,"SELECT id, username FROM users WHERE id = 70337",SELECT,users,85,0.8815,payroll_processing,200
sess_1086,2026-05-20 11:00:22,ent_apex_gamma,usr_586,agt_2,"SELECT id, order_id FROM shipments WHERE id = 99437",SELECT,shipments,4650,0.7952,inventory_check,200
sess_1087,2026-05-12 15:26:12,ent_corp_alpha,usr_587,agt_8,"SELECT status, id FROM orders WHERE id = 4228",SELECT,orders,319,0.9301,report_generation,200
sess_1087,2026-05-12 15:29:09,ent_corp_alpha,usr_587,agt_8,UPDATE billing_records SET month = '1779' WHERE id = 1890,UPDATE,billing_records,260,0.9594,report_generation,200
sess_1087,2026-05-12 15:29:12,ent_corp_alpha,usr_587,agt_8,"SELECT id, category FROM products WHERE id = 74396",SELECT,products,1270,0.995,report_generation,200
sess_1087,2026-05-12 15:32:11,ent_corp_alpha,usr_587,agt_8,"SELECT month, method FROM billing_records WHERE id = 82893",SELECT,billing_records,5599,0.7297,report_generation,200
sess_1087,2026-05-12 15:34:07,ent_corp_alpha,usr_587,agt_8,"SELECT name, region FROM customers WHERE id = 43801",SELECT,customers,56,0.8741,report_generation,200
sess_1087,2026-05-12 15:34:33,ent_corp_alpha,usr_587,agt_8,UPDATE billing_records SET month = '759' WHERE id = 4191,UPDATE,billing_records,334,0.9741,report_generation,200
sess_1087,2026-05-12 15:38:47,ent_corp_alpha,usr_587,agt_8,"SELECT status, amount FROM orders WHERE id = 42031",SELECT,orders,105,0.7679,report_generation,200
sess_1087,2026-05-12 15:39:01,ent_corp_alpha,usr_587,agt_8,UPDATE products SET price = '2068' WHERE id = 4314,UPDATE,products,465,0.963,report_generation,200
sess_1087,2026-05-12 15:41:58,ent_corp_alpha,usr_587,agt_8,"SELECT month, amount FROM billing_records WHERE id = 71415",SELECT,billing_records,750,0.886,report_generation,200
sess_1087,2026-05-12 15:43:24,ent_corp_alpha,usr_587,agt_8,UPDATE billing_records SET amount = '1412' WHERE id = 3680,UPDATE,billing_records,804,0.7877,report_generation,200
sess_1087,2026-05-12 15:44:16,ent_corp_alpha,usr_587,agt_8,"SELECT created_at, amount FROM orders WHERE id = 15468",SELECT,orders,3162,0.995,report_generation,200
sess_1087,2026-05-12 15:45:23,ent_corp_alpha,usr_587,agt_8,"SELECT id, amount FROM orders WHERE id = 43065",SELECT,orders,110,0.9055,report_generation,200
sess_1087,2026-05-12 15:49:13,ent_corp_alpha,usr_587,agt_8,"SELECT email, id FROM customers WHERE id = 22825",SELECT,customers,4364,0.7018,report_generation,200
sess_1087,2026-05-12 15:49:43,ent_corp_alpha,usr_587,agt_8,"SELECT amount, created_at FROM orders WHERE id = 90287",SELECT,orders,57,0.968,report_generation,200
sess_1087,2026-05-12 15:52:11,ent_corp_alpha,usr_587,agt_8,"SELECT amount, customer_id FROM billing_records WHERE id = 79592",SELECT,billing_records,3128,0.8896,report_generation,200
sess_1087,2026-05-12 15:52:54,ent_corp_alpha,usr_587,agt_8,"SELECT products.id, orders.id FROM products JOIN orders ON products.id = orders.id",JOIN,"products,orders",1450,0.6947,report_generation,200
sess_1088,2026-05-20 12:53:57,ent_apex_gamma,usr_588,agt_11,"SELECT status, subject FROM support_tickets WHERE id = 61561",SELECT,support_tickets,1205,0.7624,support_triage,200
sess_1088,2026-05-20 12:57:05,ent_apex_gamma,usr_588,agt_11,"SELECT region, created_at FROM customers WHERE id = 36545",SELECT,customers,172,0.9459,support_triage,200
sess_1088,2026-05-20 12:57:25,ent_apex_gamma,usr_588,agt_11,"SELECT created_at, region FROM customers WHERE id = 33145",SELECT,customers,1322,0.9179,support_triage,200
sess_1088,2026-05-20 12:59:12,ent_apex_gamma,usr_588,agt_11,"SELECT customer_id, status FROM orders WHERE id = 25112",SELECT,orders,283,0.995,support_triage,200
sess_1088,2026-05-20 13:01:15,ent_apex_gamma,usr_588,agt_11,"SELECT created_at, COUNT(*) FROM customers GROUP BY created_at",AGGREGATION,customers,33677,0.7199,support_triage,200
sess_1088,2026-05-20 13:01:28,ent_apex_gamma,usr_588,agt_11,"SELECT customers.id, support_tickets.id FROM customers JOIN support_tickets ON customers.id = support_tickets.id",JOIN,"customers,support_tickets",233,0.92,support_triage,200
sess_1088,2026-05-20 13:01:37,ent_apex_gamma,usr_588,agt_11,"SELECT status, id FROM support_tickets WHERE id = 12112",SELECT,support_tickets,50,0.7302,support_triage,200
sess_1088,2026-05-20 13:02:08,ent_apex_gamma,usr_588,agt_11,"SELECT customer_id, MAX(id) FROM orders GROUP BY customer_id",AGGREGATION,orders,9321,0.995,support_triage,200
sess_1088,2026-05-20 13:03:05,ent_apex_gamma,usr_588,agt_11,UPDATE support_tickets SET status = '7009' WHERE id = 1717,UPDATE,support_tickets,300,0.995,support_triage,200
sess_1088,2026-05-20 13:03:37,ent_apex_gamma,usr_588,agt_11,"SELECT region, created_at FROM customers WHERE id = 90506",SELECT,customers,753,0.8428,support_triage,200
sess_1088,2026-05-20 13:03:40,ent_apex_gamma,usr_588,agt_11,"SELECT customer_id, id FROM support_tickets WHERE id = 20709",SELECT,support_tickets,138,0.7637,support_triage,200
sess_1088,2026-05-20 13:06:21,ent_apex_gamma,usr_588,agt_11,"SELECT region, id FROM customers WHERE id = 892",SELECT,customers,10484,0.8159,support_triage,200
sess_1088,2026-05-20 13:08:33,ent_apex_gamma,usr_588,agt_11,"SELECT id, SUM(amount) FROM customers GROUP BY id",AGGREGATION,customers,3236,0.6717,support_triage,200
sess_1088,2026-05-20 13:10:21,ent_apex_gamma,usr_588,agt_11,"SELECT support_tickets.id, orders.id FROM support_tickets JOIN orders ON support_tickets.id = orders.id",JOIN,"support_tickets,orders",2557,0.7728,support_triage,200
sess_1088,2026-05-20 13:12:12,ent_apex_gamma,usr_588,agt_11,"SELECT priority, id FROM support_tickets WHERE id = 82458",SELECT,support_tickets,406,0.995,support_triage,200
sess_1088,2026-05-20 13:15:25,ent_apex_gamma,usr_588,agt_11,"SELECT email, id FROM customers WHERE id = 54106",SELECT,customers,832,0.8187,support_triage,200
sess_1088,2026-05-20 13:16:24,ent_apex_gamma,usr_588,agt_11,"SELECT created_at, email FROM customers WHERE id = 10967",SELECT,customers,58,0.9675,support_triage,200
sess_1088,2026-05-20 13:19:20,ent_apex_gamma,usr_588,agt_11,"SELECT email, region FROM customers WHERE id = 82735",SELECT,customers,28,0.9013,support_triage,200
sess_1088,2026-05-20 13:21:16,ent_apex_gamma,usr_588,agt_11,"SELECT status, customer_id FROM support_tickets WHERE id = 43078",SELECT,support_tickets,50,0.9071,support_triage,200
sess_1088,2026-05-20 13:24:56,ent_apex_gamma,usr_588,agt_11,"SELECT customer_id, created_at FROM orders WHERE id = 30523",SELECT,orders,37,0.995,support_triage,200
sess_1089,2026-05-27 09:21:00,ent_nexus_beta,usr_589,agt_5,"SELECT updated_at, SUM(amount) FROM inventory GROUP BY updated_at",AGGREGATION,inventory,241,0.7151,inventory_check,200
sess_1089,2026-05-27 09:24:17,ent_nexus_beta,usr_589,agt_5,"SELECT sku, updated_at FROM inventory WHERE id = 73962",SELECT,inventory,1948,0.8142,inventory_check,200
sess_1089,2026-05-27 09:24:58,ent_nexus_beta,usr_589,agt_5,"SELECT sku, updated_at FROM inventory WHERE id = 87893",SELECT,inventory,4280,0.8281,inventory_check,200
sess_1089,2026-05-27 09:26:30,ent_nexus_beta,usr_589,agt_5,"SELECT price, COUNT(*) FROM products GROUP BY price",AGGREGATION,products,660,0.8923,inventory_check,200
sess_1089,2026-05-27 09:28:46,ent_nexus_beta,usr_589,agt_5,"SELECT price, COUNT(*) FROM products GROUP BY price",AGGREGATION,products,85,0.995,inventory_check,200
sess_1089,2026-05-27 09:30:02,ent_nexus_beta,usr_589,agt_5,"SELECT sku, updated_at FROM inventory WHERE id = 93515",SELECT,inventory,6651,0.8066,inventory_check,200
sess_1089,2026-05-27 09:33:14,ent_nexus_beta,usr_589,agt_5,"SELECT updated_at, SUM(amount) FROM inventory GROUP BY updated_at",AGGREGATION,inventory,691,0.7877,inventory_check,200
sess_1089,2026-05-27 09:33:24,ent_nexus_beta,usr_589,agt_5,"SELECT id, address FROM customer_pii WHERE id = 52177",SELECT,customer_pii,84,0.6428,inventory_check,200
sess_1089,2026-05-27 09:33:47,ent_nexus_beta,usr_589,agt_5,"SELECT warehouse, updated_at FROM inventory WHERE id = 160",SELECT,inventory,181,0.7639,inventory_check,200
sess_1089,2026-05-27 09:33:50,ent_nexus_beta,usr_589,agt_5,"SELECT row_count, table_schema FROM information_schema.tables WHERE id = 81404",SELECT,information_schema.tables,216,0.6187,inventory_check,200
sess_1089,2026-05-27 09:34:58,ent_nexus_beta,usr_589,agt_5,"SELECT sku, SUM(amount) FROM inventory GROUP BY sku",AGGREGATION,inventory,1575,0.8166,inventory_check,200
sess_1089,2026-05-27 09:36:35,ent_nexus_beta,usr_589,agt_5,"SELECT warehouse, id FROM inventory WHERE id = 56692",SELECT,inventory,455,0.9469,inventory_check,200
sess_1089,2026-05-27 09:37:33,ent_nexus_beta,usr_589,agt_5,"SELECT address, ssn FROM customer_pii WHERE id = 61023",SELECT,customer_pii,64,0.7236,inventory_check,200
sess_1089,2026-05-27 09:39:20,ent_nexus_beta,usr_589,agt_5,"SELECT id, category FROM products WHERE id = 43298",SELECT,products,961,0.8273,inventory_check,200
sess_1090,2026-05-21 19:17:22,ent_apex_gamma,usr_590,agt_11,"SELECT table_schema, row_count FROM information_schema.tables WHERE id = 17908",SELECT,information_schema.tables,3830,0.9106,system_health_check,200
sess_1090,2026-05-21 19:17:58,ent_apex_gamma,usr_590,agt_11,"SELECT level, message FROM logs WHERE id = 99292",SELECT,logs,1051,0.9009,system_health_check,200
sess_1090,2026-05-21 19:19:48,ent_apex_gamma,usr_590,agt_11,"SELECT user_id, ts FROM page_views WHERE id = 13897",SELECT,page_views,151,0.9398,system_health_check,200
sess_1090,2026-05-21 19:25:47,ent_apex_gamma,usr_590,agt_11,"SELECT information_schema.tables.id, logs.id FROM information_schema.tables JOIN logs ON information_schema.tables.id = logs.id",JOIN,"information_schema.tables,logs",6375,0.8712,system_health_check,200
sess_1090,2026-05-21 19:29:50,ent_apex_gamma,usr_590,agt_11,"SELECT ts, level FROM logs WHERE id = 67133",SELECT,logs,323,0.7969,system_health_check,200
sess_1090,2026-05-21 19:29:57,ent_apex_gamma,usr_590,agt_11,"SELECT url, id FROM page_views WHERE id = 78910",SELECT,page_views,129,0.9837,system_health_check,500
sess_1090,2026-05-21 19:30:04,ent_apex_gamma,usr_590,agt_11,"SELECT ts, id FROM logs WHERE id = 89072",SELECT,logs,4711,0.9362,system_health_check,200
sess_1090,2026-05-21 19:30:49,ent_apex_gamma,usr_590,agt_11,"SELECT information_schema.tables.id, logs.id FROM information_schema.tables JOIN logs ON information_schema.tables.id = logs.id",JOIN,"information_schema.tables,logs",1289,0.995,system_health_check,200
sess_1090,2026-05-21 19:33:21,ent_apex_gamma,usr_590,agt_11,UPDATE page_views SET id = '8312' WHERE id = 7439,UPDATE,page_views,546,0.789,system_health_check,200
sess_1090,2026-05-21 19:35:01,ent_apex_gamma,usr_590,agt_11,"SELECT row_count, table_name FROM information_schema.tables WHERE id = 26108",SELECT,information_schema.tables,40,0.995,system_health_check,200
sess_1091,2026-05-10 12:46:07,ent_nexus_beta,usr_591,agt_8,"SELECT email, COUNT(*) FROM customers GROUP BY email",AGGREGATION,customers,5474,0.7968,support_triage,200
sess_1091,2026-05-10 12:46:38,ent_nexus_beta,usr_591,agt_8,UPDATE customers SET name = '4048' WHERE id = 84,UPDATE,customers,85,0.9883,support_triage,200
sess_1091,2026-05-10 12:47:14,ent_nexus_beta,usr_591,agt_8,"SELECT status, AVG(amount) FROM support_tickets GROUP BY status",AGGREGATION,support_tickets,1730,0.995,support_triage,200
sess_1091,2026-05-10 12:48:29,ent_nexus_beta,usr_591,agt_8,"SELECT id, subject FROM support_tickets WHERE id = 53409",SELECT,support_tickets,94,0.995,support_triage,200
sess_1091,2026-05-10 12:50:51,ent_nexus_beta,usr_591,agt_8,"SELECT id, AVG(amount) FROM customers GROUP BY id",AGGREGATION,customers,5712,0.995,support_triage,200
sess_1091,2026-05-10 12:51:55,ent_nexus_beta,usr_591,agt_8,"SELECT orders.id, support_tickets.id FROM orders JOIN support_tickets ON orders.id = support_tickets.id",JOIN,"orders,support_tickets",2369,0.7281,support_triage,200
sess_1091,2026-05-10 13:03:23,ent_nexus_beta,usr_591,agt_8,"SELECT status, COUNT(*) FROM orders GROUP BY status",AGGREGATION,orders,917,0.7563,support_triage,200
sess_1091,2026-05-10 13:04:59,ent_nexus_beta,usr_591,agt_8,"SELECT customer_id, amount FROM orders WHERE id = 79354",SELECT,orders,711,0.7577,support_triage,200
sess_1091,2026-05-10 13:08:36,ent_nexus_beta,usr_591,agt_8,"SELECT priority, id FROM support_tickets WHERE id = 29910",SELECT,support_tickets,276,0.7923,support_triage,200
sess_1091,2026-05-10 13:10:07,ent_nexus_beta,usr_591,agt_8,UPDATE support_tickets SET subject = '3860' WHERE id = 3648,UPDATE,support_tickets,564,0.827,support_triage,200
sess_1091,2026-05-10 13:10:54,ent_nexus_beta,usr_591,agt_8,"SELECT orders.id, customers.id FROM orders JOIN customers ON orders.id = customers.id",JOIN,"orders,customers",1025,0.9753,support_triage,200
sess_1091,2026-05-10 13:12:27,ent_nexus_beta,usr_591,agt_8,"SELECT name, COUNT(*) FROM customers GROUP BY name",AGGREGATION,customers,3457,0.9456,support_triage,200
sess_1092,2026-05-15 15:56:29,ent_nexus_beta,usr_592,agt_9,"SELECT executive_compensation.id, logs.id FROM executive_compensation JOIN logs ON executive_compensation.id = logs.id",JOIN,"executive_compensation,logs",756,0.5936,system_health_check,200
sess_1092,2026-05-15 15:56:51,ent_nexus_beta,usr_592,agt_9,"SELECT ts, level FROM logs WHERE id = 99323",SELECT,logs,78,0.6361,schema_audit,200
sess_1092,2026-05-15 15:57:11,ent_nexus_beta,usr_592,agt_9,"SELECT orders.id, audit_log.id FROM orders JOIN audit_log ON orders.id = audit_log.id",JOIN,"orders,audit_log",537,0.6138,billing_summary,200
sess_1092,2026-05-15 15:57:24,ent_nexus_beta,usr_592,agt_9,"SELECT stock, AVG(amount) FROM inventory GROUP BY stock",AGGREGATION,inventory,42,0.7568,order_management,200
sess_1092,2026-05-15 15:59:01,ent_nexus_beta,usr_592,agt_9,UPDATE customer_pii SET id = '4764' WHERE id = 1217,UPDATE,customer_pii,7725,0.5895,report_generation,200
sess_1092,2026-05-15 16:00:11,ent_nexus_beta,usr_592,agt_9,"SELECT id, year FROM executive_compensation WHERE id = 36989",SELECT,executive_compensation,1078,0.7804,payroll_processing,200
sess_1092,2026-05-15 16:03:51,ent_nexus_beta,usr_592,agt_9,CREATE INDEX idx_87 ON orders (id),DDL,orders,512,0.7016,schema_audit,200
sess_1092,2026-05-15 16:04:16,ent_nexus_beta,usr_592,agt_9,UPDATE users SET last_login = '4276' WHERE id = 7805,UPDATE,users,6246,0.5653,customer_lookup,200
sess_1092,2026-05-15 16:04:22,ent_nexus_beta,usr_592,agt_9,ALTER TABLE inventory ADD COLUMN flag_73 BOOLEAN,DDL,inventory,21714,0.6727,billing_summary,200
sess_1092,2026-05-15 16:04:59,ent_nexus_beta,usr_592,agt_9,"SELECT stock, id FROM inventory WHERE id = 33913",SELECT,inventory,689,0.6759,schema_audit,200
sess_1092,2026-05-15 16:07:47,ent_nexus_beta,usr_592,agt_9,"SELECT billing_records.id, inventory.id FROM billing_records JOIN inventory ON billing_records.id = inventory.id",JOIN,"billing_records,inventory",1560,0.6128,payroll_processing,200
sess_1092,2026-05-15 16:08:45,ent_nexus_beta,usr_592,agt_9,"SELECT role, last_login FROM users WHERE id = 14227",SELECT,users,2322,0.9195,customer_lookup,200
sess_1092,2026-05-15 16:08:47,ent_nexus_beta,usr_592,agt_9,UPDATE inventory SET id = '7737' WHERE id = 2280,UPDATE,inventory,178,0.6033,customer_lookup,200
sess_1092,2026-05-15 16:08:55,ent_nexus_beta,usr_592,agt_9,"SELECT phone, address FROM customer_pii WHERE id = 52054",SELECT,customer_pii,1508,0.6992,support_triage,200
sess_1092,2026-05-15 16:10:47,ent_nexus_beta,usr_592,agt_9,UPDATE logs SET message = '9636' WHERE id = 1636,UPDATE,logs,1962,0.3327,report_generation,200
sess_1092,2026-05-15 16:12:06,ent_nexus_beta,usr_592,agt_9,UPDATE executive_compensation SET exec_id = '8728' WHERE id = 6001,UPDATE,executive_compensation,1885,0.5193,inventory_check,200
sess_1093,2026-05-08 17:28:46,ent_apex_gamma,usr_593,agt_2,"SELECT id, customer_id FROM support_tickets WHERE id = 10362",SELECT,support_tickets,103,0.9038,customer_lookup,200
sess_1093,2026-05-08 17:31:26,ent_apex_gamma,usr_593,agt_2,"SELECT priority, customer_id FROM support_tickets WHERE id = 7513",SELECT,support_tickets,99,0.995,customer_lookup,200
sess_1093,2026-05-08 17:32:21,ent_apex_gamma,usr_593,agt_2,"SELECT id, region FROM customers WHERE id = 51077",SELECT,customers,37,0.8126,customer_lookup,200
sess_1093,2026-05-08 17:35:03,ent_apex_gamma,usr_593,agt_2,"SELECT id, amount FROM orders WHERE id = 98695",SELECT,orders,644,0.8318,customer_lookup,200
sess_1093,2026-05-08 17:35:50,ent_apex_gamma,usr_593,agt_2,"SELECT name, AVG(amount) FROM customers GROUP BY name",AGGREGATION,customers,9739,0.8866,customer_lookup,200
sess_1093,2026-05-08 17:36:39,ent_apex_gamma,usr_593,agt_2,"SELECT priority, subject FROM support_tickets WHERE id = 98529",SELECT,support_tickets,45,0.7691,customer_lookup,200
sess_1093,2026-05-08 17:41:13,ent_apex_gamma,usr_593,agt_2,"SELECT customers.id, support_tickets.id FROM customers JOIN support_tickets ON customers.id = support_tickets.id",JOIN,"customers,support_tickets",532,0.7929,customer_lookup,500
sess_1093,2026-05-08 17:41:42,ent_apex_gamma,usr_593,agt_2,"SELECT id, name FROM customers WHERE id = 47061",SELECT,customers,1212,0.995,customer_lookup,200
sess_1093,2026-05-08 17:46:18,ent_apex_gamma,usr_593,agt_2,"SELECT id, AVG(amount) FROM support_tickets GROUP BY id",AGGREGATION,support_tickets,5238,0.9949,customer_lookup,500
sess_1093,2026-05-08 17:48:04,ent_apex_gamma,usr_593,agt_2,UPDATE orders SET status = '1103' WHERE id = 4977,UPDATE,orders,322,0.7508,customer_lookup,200
sess_1093,2026-05-08 17:49:41,ent_apex_gamma,usr_593,agt_2,"SELECT email, name FROM customers WHERE id = 50073",SELECT,customers,1862,0.7674,customer_lookup,200
sess_1093,2026-05-08 17:50:56,ent_apex_gamma,usr_593,agt_2,"SELECT created_at, name FROM customers WHERE id = 74879",SELECT,customers,95,0.7363,customer_lookup,200
sess_1093,2026-05-08 17:51:15,ent_apex_gamma,usr_593,agt_2,"SELECT created_at, COUNT(*) FROM orders GROUP BY created_at",AGGREGATION,orders,2933,0.995,customer_lookup,200
sess_1093,2026-05-08 17:51:45,ent_apex_gamma,usr_593,agt_2,"SELECT name, MAX(id) FROM customers GROUP BY name",AGGREGATION,customers,4458,0.995,customer_lookup,200
sess_1093,2026-05-08 17:52:11,ent_apex_gamma,usr_593,agt_2,"SELECT amount, status FROM orders WHERE id = 37854",SELECT,orders,102,0.995,customer_lookup,200
sess_1093,2026-05-08 17:56:07,ent_apex_gamma,usr_593,agt_2,"SELECT email, id FROM customers WHERE id = 91533",SELECT,customers,1597,0.743,customer_lookup,200
sess_1093,2026-05-08 17:57:56,ent_apex_gamma,usr_593,agt_2,UPDATE support_tickets SET subject = '6666' WHERE id = 2493,UPDATE,support_tickets,49,0.6876,customer_lookup,200
sess_1093,2026-05-08 18:01:20,ent_apex_gamma,usr_593,agt_2,"SELECT id, name FROM customers WHERE id = 76707",SELECT,customers,2730,0.8592,customer_lookup,200
sess_1093,2026-05-08 18:02:44,ent_apex_gamma,usr_593,agt_2,"SELECT customer_id, amount FROM orders WHERE id = 90120",SELECT,orders,323,0.995,customer_lookup,200
sess_1093,2026-05-08 18:02:48,ent_apex_gamma,usr_593,agt_2,"SELECT created_at, region FROM customers WHERE id = 17020",SELECT,customers,234,0.881,customer_lookup,200
sess_1094,2026-05-21 09:06:01,ent_apex_gamma,usr_594,agt_11,"SELECT billing_records.id, orders.id FROM billing_records JOIN orders ON billing_records.id = orders.id",JOIN,"billing_records,orders",2666,0.8646,sales_performance,200
sess_1094,2026-05-21 09:06:37,ent_apex_gamma,usr_594,agt_11,"SELECT customer_id, amount FROM billing_records WHERE id = 23175",SELECT,billing_records,243,0.995,sales_performance,200
sess_1094,2026-05-21 09:08:10,ent_apex_gamma,usr_594,agt_11,"SELECT id, method FROM billing_records WHERE id = 88420",SELECT,billing_records,65,0.995,sales_performance,200
sess_1094,2026-05-21 09:08:54,ent_apex_gamma,usr_594,agt_11,"SELECT id, method FROM billing_records WHERE id = 53055",SELECT,billing_records,1749,0.8688,sales_performance,200
sess_1094,2026-05-21 09:14:33,ent_apex_gamma,usr_594,agt_11,"SELECT method, month FROM billing_records WHERE id = 69057",SELECT,billing_records,63,0.941,sales_performance,200
sess_1094,2026-05-21 09:15:01,ent_apex_gamma,usr_594,agt_11,"SELECT id, name FROM products WHERE id = 70039",SELECT,products,168,0.8844,sales_performance,200
sess_1094,2026-05-21 09:15:11,ent_apex_gamma,usr_594,agt_11,"SELECT status, amount FROM orders WHERE id = 15424",SELECT,orders,616,0.7224,sales_performance,200
sess_1094,2026-05-21 09:16:25,ent_apex_gamma,usr_594,agt_11,"SELECT amount, status FROM orders WHERE id = 3543",SELECT,orders,271,0.995,sales_performance,200
sess_1094,2026-05-21 09:16:39,ent_apex_gamma,usr_594,agt_11,"SELECT name, price FROM products WHERE id = 24242",SELECT,products,58,0.995,sales_performance,200
sess_1094,2026-05-21 09:17:25,ent_apex_gamma,usr_594,agt_11,"SELECT customer_id, created_at FROM orders WHERE id = 6504",SELECT,orders,1514,0.9825,sales_performance,200
sess_1094,2026-05-21 09:19:06,ent_apex_gamma,usr_594,agt_11,"SELECT customer_id, amount FROM orders WHERE id = 3047",SELECT,orders,252,0.8039,sales_performance,200
sess_1094,2026-05-21 09:20:58,ent_apex_gamma,usr_594,agt_11,"SELECT customer_id, created_at FROM orders WHERE id = 99763",SELECT,orders,47,0.7313,sales_performance,200
sess_1094,2026-05-21 09:23:51,ent_apex_gamma,usr_594,agt_11,"SELECT orders.id, billing_records.id FROM orders JOIN billing_records ON orders.id = billing_records.id",JOIN,"orders,billing_records",681,0.9118,sales_performance,200
sess_1094,2026-05-21 09:24:36,ent_apex_gamma,usr_594,agt_11,"SELECT month, COUNT(*) FROM billing_records GROUP BY month",AGGREGATION,billing_records,5267,0.995,sales_performance,200
sess_1094,2026-05-21 09:29:00,ent_apex_gamma,usr_594,agt_11,"SELECT products.id, billing_records.id FROM products JOIN billing_records ON products.id = billing_records.id",JOIN,"products,billing_records",4374,0.7145,sales_performance,200
sess_1094,2026-05-21 09:29:37,ent_apex_gamma,usr_594,agt_11,"SELECT method, id FROM billing_records WHERE id = 96261",SELECT,billing_records,148,0.995,sales_performance,200
sess_1095,2026-05-19 12:04:54,ent_apex_gamma,usr_595,agt_0,SELECT * FROM information_schema.columns,SELECT,information_schema.columns,57393,0.9393,schema_audit,200
sess_1095,2026-05-19 12:06:04,ent_apex_gamma,usr_595,agt_0,SELECT * FROM information_schema.columns,SELECT,information_schema.columns,86471,0.9296,schema_audit,200
sess_1095,2026-05-19 12:08:12,ent_apex_gamma,usr_595,agt_0,SELECT * FROM information_schema.columns,SELECT,information_schema.columns,195416,0.5858,schema_audit,200
sess_1095,2026-05-19 12:09:30,ent_apex_gamma,usr_595,agt_0,"SELECT table_name, data_type FROM information_schema.columns WHERE id = 56009",SELECT,information_schema.columns,706,0.9136,schema_audit,200
sess_1095,2026-05-19 12:09:44,ent_apex_gamma,usr_595,agt_0,"SELECT table_schema, MAX(id) FROM information_schema.tables GROUP BY table_schema",AGGREGATION,information_schema.tables,4886,0.7834,schema_audit,200
sess_1095,2026-05-19 12:10:06,ent_apex_gamma,usr_595,agt_0,"SELECT action, ts FROM audit_log WHERE id = 16989",SELECT,audit_log,403,0.995,schema_audit,200
sess_1096,2026-05-24 05:07:59,ent_nexus_beta,usr_596,agt_0,"SELECT amount, status FROM orders WHERE id = 50090",SELECT,orders,1276,0.7723,support_triage,200
sess_1096,2026-05-24 05:08:01,ent_nexus_beta,usr_596,agt_0,"SELECT name, COUNT(*) FROM customers GROUP BY name",AGGREGATION,customers,17577,0.8854,support_triage,200
sess_1096,2026-05-24 05:08:12,ent_nexus_beta,usr_596,agt_0,"SELECT priority, customer_id FROM support_tickets WHERE id = 89656",SELECT,support_tickets,79,0.9675,support_triage,200
sess_1096,2026-05-24 05:10:13,ent_nexus_beta,usr_596,agt_0,"SELECT status, priority FROM support_tickets WHERE id = 12297",SELECT,support_tickets,2169,0.995,support_triage,200
sess_1096,2026-05-24 05:11:13,ent_nexus_beta,usr_596,agt_0,"SELECT status, COUNT(*) FROM orders GROUP BY status",AGGREGATION,orders,4618,0.9395,support_triage,200
sess_1096,2026-05-24 05:16:08,ent_nexus_beta,usr_596,agt_0,"SELECT status, customer_id FROM support_tickets WHERE id = 52951",SELECT,support_tickets,535,0.7704,support_triage,200
sess_1096,2026-05-24 05:18:55,ent_nexus_beta,usr_596,agt_0,"SELECT orders.id, customers.id FROM orders JOIN customers ON orders.id = customers.id",JOIN,"orders,customers",1116,0.8036,support_triage,200
sess_1096,2026-05-24 05:19:03,ent_nexus_beta,usr_596,agt_0,"SELECT status, customer_id FROM support_tickets WHERE id = 36052",SELECT,support_tickets,1754,0.8974,support_triage,200
sess_1096,2026-05-24 05:19:33,ent_nexus_beta,usr_596,agt_0,"SELECT region, created_at FROM customers WHERE id = 85230",SELECT,customers,353,0.8381,support_triage,200
sess_1096,2026-05-24 05:23:50,ent_nexus_beta,usr_596,agt_0,"SELECT id, name FROM customers WHERE id = 49367",SELECT,customers,147,0.995,support_triage,200
sess_1096,2026-05-24 05:29:21,ent_nexus_beta,usr_596,agt_0,"SELECT name, created_at FROM customers WHERE id = 47018",SELECT,customers,189,0.7632,support_triage,200
sess_1096,2026-05-24 05:33:48,ent_nexus_beta,usr_596,agt_0,"SELECT orders.id, customers.id FROM orders JOIN customers ON orders.id = customers.id",JOIN,"orders,customers",1726,0.9904,support_triage,200
sess_1096,2026-05-24 05:34:12,ent_nexus_beta,usr_596,agt_0,"SELECT created_at, amount FROM orders WHERE id = 49928",SELECT,orders,483,0.995,support_triage,200
sess_1096,2026-05-24 05:34:58,ent_nexus_beta,usr_596,agt_0,"SELECT created_at, customer_id FROM orders WHERE id = 83039",SELECT,orders,282,0.8957,support_triage,200
sess_1097,2026-05-14 11:39:36,ent_nexus_beta,usr_597,agt_5,"SELECT inventory.id, shipments.id FROM inventory JOIN shipments ON inventory.id = shipments.id",JOIN,"inventory,shipments",868,0.995,inventory_check,200
sess_1097,2026-05-14 11:40:37,ent_nexus_beta,usr_597,agt_5,"SELECT updated_at, SUM(amount) FROM inventory GROUP BY updated_at",AGGREGATION,inventory,3352,0.9408,inventory_check,200
sess_1097,2026-05-14 11:41:01,ent_nexus_beta,usr_597,agt_5,"SELECT eta, COUNT(*) FROM shipments GROUP BY eta",AGGREGATION,shipments,1930,0.7676,inventory_check,200
sess_1097,2026-05-14 11:45:19,ent_nexus_beta,usr_597,agt_5,UPDATE products SET id = '4091' WHERE id = 6554,UPDATE,products,1035,0.7875,inventory_check,200
sess_1097,2026-05-14 11:48:10,ent_nexus_beta,usr_597,agt_5,"SELECT sku, updated_at FROM inventory WHERE id = 8686",SELECT,inventory,182,0.995,inventory_check,200
sess_1097,2026-05-14 11:50:29,ent_nexus_beta,usr_597,agt_5,"SELECT warehouse, MAX(id) FROM inventory GROUP BY warehouse",AGGREGATION,inventory,2227,0.7077,inventory_check,200
sess_1097,2026-05-14 11:50:35,ent_nexus_beta,usr_597,agt_5,"SELECT category, name FROM products WHERE id = 84781",SELECT,products,462,0.9187,inventory_check,200
sess_1097,2026-05-14 11:50:43,ent_nexus_beta,usr_597,agt_5,"SELECT id, eta FROM shipments WHERE id = 82832",SELECT,shipments,292,0.995,inventory_check,200
sess_1097,2026-05-14 11:51:53,ent_nexus_beta,usr_597,agt_5,"SELECT warehouse, updated_at FROM inventory WHERE id = 72478",SELECT,inventory,1361,0.9028,inventory_check,200
sess_1097,2026-05-14 11:54:53,ent_nexus_beta,usr_597,agt_5,"SELECT id, COUNT(*) FROM inventory GROUP BY id",AGGREGATION,inventory,6744,0.6394,inventory_check,200
sess_1097,2026-05-14 11:57:59,ent_nexus_beta,usr_597,agt_5,"SELECT updated_at, stock FROM inventory WHERE id = 82820",SELECT,inventory,4392,0.7464,inventory_check,200
sess_1097,2026-05-14 11:58:02,ent_nexus_beta,usr_597,agt_5,"SELECT id, carrier FROM shipments WHERE id = 91342",SELECT,shipments,280,0.8697,inventory_check,200
sess_1098,2026-05-02 15:35:16,ent_corp_alpha,usr_598,agt_0,"SELECT subject, priority FROM support_tickets WHERE id = 80226",SELECT,support_tickets,127,0.9722,customer_lookup,200
sess_1098,2026-05-02 15:38:02,ent_corp_alpha,usr_598,agt_0,"SELECT amount, AVG(amount) FROM orders GROUP BY amount",AGGREGATION,orders,5591,0.7411,customer_lookup,200
sess_1098,2026-05-02 15:38:29,ent_corp_alpha,usr_598,agt_0,"SELECT status, customer_id FROM orders WHERE id = 30478",SELECT,orders,183,0.9446,customer_lookup,200
sess_1098,2026-05-02 15:40:09,ent_corp_alpha,usr_598,agt_0,"SELECT customer_id, SUM(amount) FROM support_tickets GROUP BY customer_id",AGGREGATION,support_tickets,5389,0.8442,customer_lookup,200
sess_1098,2026-05-02 15:42:07,ent_corp_alpha,usr_598,agt_0,"SELECT customer_id, subject FROM support_tickets WHERE id = 40763",SELECT,support_tickets,387,0.9093,customer_lookup,200
sess_1098,2026-05-02 15:42:09,ent_corp_alpha,usr_598,agt_0,"SELECT status, amount FROM orders WHERE id = 2790",SELECT,orders,446,0.778,customer_lookup,200
sess_1098,2026-05-02 15:42:18,ent_corp_alpha,usr_598,agt_0,"SELECT email, MAX(id) FROM customers GROUP BY email",AGGREGATION,customers,13100,0.8693,customer_lookup,200
sess_1098,2026-05-02 15:42:44,ent_corp_alpha,usr_598,agt_0,"SELECT amount, status FROM orders WHERE id = 24737",SELECT,orders,520,0.8476,customer_lookup,200
sess_1098,2026-05-02 15:43:19,ent_corp_alpha,usr_598,agt_0,"SELECT region, AVG(amount) FROM customers GROUP BY region",AGGREGATION,customers,20696,0.8757,customer_lookup,200
sess_1098,2026-05-02 15:47:40,ent_corp_alpha,usr_598,agt_0,"SELECT id, AVG(amount) FROM customers GROUP BY id",AGGREGATION,customers,3142,0.7018,customer_lookup,200
sess_1098,2026-05-02 15:54:15,ent_corp_alpha,usr_598,agt_0,"SELECT id, status FROM orders WHERE id = 70720",SELECT,orders,236,0.9406,sales_performance,200
sess_1098,2026-05-02 15:57:13,ent_corp_alpha,usr_598,agt_0,UPDATE support_tickets SET id = '2199' WHERE id = 3975,UPDATE,support_tickets,227,0.7346,customer_lookup,200
sess_1098,2026-05-02 15:57:48,ent_corp_alpha,usr_598,agt_0,"SELECT status, id FROM orders WHERE id = 72610",SELECT,orders,394,0.7332,customer_lookup,200
sess_1098,2026-05-02 16:00:09,ent_corp_alpha,usr_598,agt_0,"SELECT created_at, COUNT(*) FROM customers GROUP BY created_at",AGGREGATION,customers,547,0.9324,system_health_check,200
sess_1098,2026-05-02 16:02:11,ent_corp_alpha,usr_598,agt_0,"SELECT status, subject FROM support_tickets WHERE id = 95367",SELECT,support_tickets,587,0.995,customer_lookup,200
sess_1098,2026-05-02 16:04:14,ent_corp_alpha,usr_598,agt_0,"SELECT email, name FROM customers WHERE id = 76231",SELECT,customers,171,0.9118,customer_lookup,200
sess_1098,2026-05-02 16:06:31,ent_corp_alpha,usr_598,agt_0,"SELECT region, email FROM customers WHERE id = 97014",SELECT,customers,619,0.8639,customer_lookup,200
sess_1098,2026-05-02 16:09:21,ent_corp_alpha,usr_598,agt_0,"SELECT status, customer_id FROM support_tickets WHERE id = 38117",SELECT,support_tickets,337,0.995,customer_lookup,200
sess_1098,2026-05-02 16:12:08,ent_corp_alpha,usr_598,agt_0,UPDATE customers SET name = '7363' WHERE id = 7762,UPDATE,customers,159,0.995,customer_lookup,200
sess_1099,2026-05-18 13:23:19,ent_nexus_beta,usr_599,agt_12,"SELECT customers.id, products.id FROM customers JOIN products ON customers.id = products.id",JOIN,"customers,products",255,0.7367,report_generation,500
sess_1099,2026-05-18 13:29:11,ent_nexus_beta,usr_599,agt_12,"SELECT created_at, COUNT(*) FROM customers GROUP BY created_at",AGGREGATION,customers,8700,0.9112,report_generation,200
sess_1099,2026-05-18 13:29:51,ent_nexus_beta,usr_599,agt_12,"SELECT products.id, customers.id FROM products JOIN customers ON products.id = customers.id",JOIN,"products,customers",693,0.6939,report_generation,200
sess_1099,2026-05-18 13:31:13,ent_nexus_beta,usr_599,agt_12,"SELECT products.id, billing_records.id FROM products JOIN billing_records ON products.id = billing_records.id",JOIN,"products,billing_records",5289,0.995,report_generation,200
sess_1099,2026-05-18 13:33:32,ent_nexus_beta,usr_599,agt_12,"SELECT created_at, SUM(amount) FROM orders GROUP BY created_at",AGGREGATION,orders,5062,0.8963,report_generation,200
sess_1099,2026-05-18 13:34:51,ent_nexus_beta,usr_599,agt_12,"SELECT price, name FROM products WHERE id = 63652",SELECT,products,96,0.885,report_generation,500
sess_1099,2026-05-18 13:38:56,ent_nexus_beta,usr_599,agt_12,"SELECT products.id, orders.id FROM products JOIN orders ON products.id = orders.id",JOIN,"products,orders",5130,0.995,report_generation,200
sess_1099,2026-05-18 13:39:08,ent_nexus_beta,usr_599,agt_12,"SELECT month, amount FROM billing_records WHERE id = 98940",SELECT,billing_records,282,0.8931,report_generation,200
sess_1099,2026-05-18 13:39:38,ent_nexus_beta,usr_599,agt_12,"SELECT amount, customer_id FROM billing_records WHERE id = 37761",SELECT,billing_records,922,0.8665,report_generation,200
sess_1099,2026-05-18 13:40:50,ent_nexus_beta,usr_599,agt_12,"SELECT created_at, COUNT(*) FROM customers GROUP BY created_at",AGGREGATION,customers,2608,0.995,report_generation,200
sess_1099,2026-05-18 13:41:04,ent_nexus_beta,usr_599,agt_12,"SELECT id, AVG(amount) FROM orders GROUP BY id",AGGREGATION,orders,2815,0.9198,report_generation,200
sess_1099,2026-05-18 13:46:45,ent_nexus_beta,usr_599,agt_12,"SELECT name, MAX(id) FROM products GROUP BY name",AGGREGATION,products,8929,0.8287,report_generation,200
sess_1099,2026-05-18 13:46:49,ent_nexus_beta,usr_599,agt_12,"SELECT customers.id, orders.id FROM customers JOIN orders ON customers.id = orders.id",JOIN,"customers,orders",314,0.9829,report_generation,200
sess_1099,2026-05-18 13:47:45,ent_nexus_beta,usr_599,agt_12,"SELECT amount, month FROM billing_records WHERE id = 9278",SELECT,billing_records,118,0.995,report_generation,200
sess_1099,2026-05-18 13:47:52,ent_nexus_beta,usr_599,agt_12,"SELECT email, region FROM customers WHERE id = 52962",SELECT,customers,317,0.8679,report_generation,200
sess_1100,2026-05-01 04:22:23,ent_apex_gamma,usr_600,agt_6,"SELECT order_id, SUM(amount) FROM shipments GROUP BY order_id",AGGREGATION,shipments,8063,0.8594,order_management,200
sess_1100,2026-05-01 04:22:38,ent_apex_gamma,usr_600,agt_6,"SELECT eta, carrier FROM shipments WHERE id = 72459",SELECT,shipments,206,0.995,order_management,200
sess_1100,2026-05-01 04:23:40,ent_apex_gamma,usr_600,agt_6,"SELECT created_at, name FROM customers WHERE id = 98620",SELECT,customers,3982,0.9082,order_management,200
sess_1100,2026-05-01 04:24:51,ent_apex_gamma,usr_600,agt_6,"SELECT id, exec_id FROM executive_compensation WHERE id = 64327",SELECT,executive_compensation,1122,0.6262,order_management,200
sess_1100,2026-05-01 04:32:59,ent_apex_gamma,usr_600,agt_6,"SELECT dob, id FROM customer_pii WHERE id = 43242",SELECT,customer_pii,148,0.4975,order_management,200
sess_1100,2026-05-01 04:33:04,ent_apex_gamma,usr_600,agt_6,"SELECT rotated_at, id FROM system_credentials WHERE id = 90278",SELECT,system_credentials,174,0.6061,order_management,200
sess_1100,2026-05-01 04:33:29,ent_apex_gamma,usr_600,agt_6,"SELECT service, rotated_at FROM system_credentials WHERE id = 22127",SELECT,system_credentials,167,0.6774,order_management,200
sess_1101,2026-05-15 08:56:46,ent_nexus_beta,usr_601,agt_6,"SELECT table_name, SUM(amount) FROM information_schema.columns GROUP BY table_name",AGGREGATION,information_schema.columns,6221,0.7761,schema_audit,200
sess_1101,2026-05-15 08:57:43,ent_nexus_beta,usr_601,agt_6,UPDATE information_schema.columns SET table_name = '8814' WHERE id = 1886,UPDATE,information_schema.columns,1566,0.9741,schema_audit,200
sess_1101,2026-05-15 08:57:55,ent_nexus_beta,usr_601,agt_6,"SELECT column_name, data_type FROM information_schema.columns WHERE id = 4491",SELECT,information_schema.columns,546,0.689,schema_audit,200
sess_1101,2026-05-15 09:01:18,ent_nexus_beta,usr_601,agt_6,"SELECT target, AVG(amount) FROM audit_log GROUP BY target",AGGREGATION,audit_log,9771,0.8946,schema_audit,200
sess_1101,2026-05-15 09:02:46,ent_nexus_beta,usr_601,agt_6,"SELECT ts, target FROM audit_log WHERE id = 27039",SELECT,audit_log,182,0.8063,schema_audit,200
sess_1101,2026-05-15 09:03:01,ent_nexus_beta,usr_601,agt_6,"SELECT table_schema, table_name FROM information_schema.tables WHERE id = 2718",SELECT,information_schema.tables,567,0.995,schema_audit,200
sess_1101,2026-05-15 09:03:19,ent_nexus_beta,usr_601,agt_6,"SELECT ts, AVG(amount) FROM audit_log GROUP BY ts",AGGREGATION,audit_log,2613,0.9151,schema_audit,200
sess_1101,2026-05-15 09:04:19,ent_nexus_beta,usr_601,agt_6,"SELECT information_schema.tables.id, information_schema.columns.id FROM information_schema.tables JOIN information_schema.columns ON information_schema.tables.id = information_schema.columns.id",JOIN,"information_schema.tables,information_schema.columns",762,0.9887,schema_audit,200
sess_1101,2026-05-15 09:05:32,ent_nexus_beta,usr_601,agt_6,"SELECT column_name, MAX(id) FROM information_schema.columns GROUP BY column_name",AGGREGATION,information_schema.columns,4269,0.9394,schema_audit,200
sess_1101,2026-05-15 09:07:27,ent_nexus_beta,usr_601,agt_6,"SELECT data_type, MAX(id) FROM information_schema.columns GROUP BY data_type",AGGREGATION,information_schema.columns,23493,0.947,schema_audit,200
sess_1101,2026-05-15 09:09:45,ent_nexus_beta,usr_601,agt_6,"SELECT actor, MAX(id) FROM audit_log GROUP BY actor",AGGREGATION,audit_log,7874,0.9312,schema_audit,200
sess_1101,2026-05-15 09:10:26,ent_nexus_beta,usr_601,agt_6,"SELECT table_schema, SUM(amount) FROM information_schema.tables GROUP BY table_schema",AGGREGATION,information_schema.tables,6259,0.8488,schema_audit,200
sess_1101,2026-05-15 09:11:54,ent_nexus_beta,usr_601,agt_6,"SELECT table_schema, table_name FROM information_schema.tables WHERE id = 58037",SELECT,information_schema.tables,3642,0.7431,schema_audit,403
sess_1101,2026-05-15 09:16:22,ent_nexus_beta,usr_601,agt_6,"SELECT actor, ts FROM audit_log WHERE id = 34860",SELECT,audit_log,55,0.995,schema_audit,200
sess_1101,2026-05-15 09:17:09,ent_nexus_beta,usr_601,agt_6,UPDATE information_schema.columns SET column_name = '2670' WHERE id = 6758,UPDATE,information_schema.columns,94,0.9316,schema_audit,200
sess_1101,2026-05-15 09:17:26,ent_nexus_beta,usr_601,agt_6,"SELECT column_name, table_name FROM information_schema.columns WHERE id = 72532",SELECT,information_schema.columns,46,0.7514,schema_audit,200
sess_1102,2026-05-09 11:38:45,ent_apex_gamma,usr_602,agt_11,"SELECT price, category FROM products WHERE id = 70639",SELECT,products,101,0.8548,report_generation,200
sess_1102,2026-05-09 11:45:10,ent_apex_gamma,usr_602,agt_11,"SELECT category, price FROM products WHERE id = 98728",SELECT,products,48,0.9675,report_generation,200
sess_1102,2026-05-09 11:47:04,ent_apex_gamma,usr_602,agt_11,"SELECT id, customer_id FROM orders WHERE id = 21489",SELECT,orders,72,0.995,report_generation,200
sess_1102,2026-05-09 11:50:00,ent_apex_gamma,usr_602,agt_11,"SELECT month, method FROM billing_records WHERE id = 29678",SELECT,billing_records,77,0.9265,report_generation,200
sess_1102,2026-05-09 11:55:20,ent_apex_gamma,usr_602,agt_11,"SELECT price, name FROM products WHERE id = 31986",SELECT,products,121,0.7878,report_generation,200
sess_1102,2026-05-09 11:55:42,ent_apex_gamma,usr_602,agt_11,"SELECT id, amount FROM billing_records WHERE id = 88288",SELECT,billing_records,122,0.9855,report_generation,200
sess_1102,2026-05-09 11:56:09,ent_apex_gamma,usr_602,agt_11,"SELECT email, created_at FROM customers WHERE id = 61632",SELECT,customers,191,0.955,report_generation,200
sess_1102,2026-05-09 11:59:50,ent_apex_gamma,usr_602,agt_11,"SELECT id, name FROM customers WHERE id = 3596",SELECT,customers,127,0.7989,report_generation,200
sess_1102,2026-05-09 12:02:28,ent_apex_gamma,usr_602,agt_11,"SELECT id, month FROM billing_records WHERE id = 82298",SELECT,billing_records,14,0.6794,report_generation,500
sess_1102,2026-05-09 12:10:03,ent_apex_gamma,usr_602,agt_11,"SELECT id, price FROM products WHERE id = 26477",SELECT,products,133,0.4909,sales_performance,200
sess_1102,2026-05-09 12:11:59,ent_apex_gamma,usr_602,agt_11,"SELECT exec_id, id FROM executive_compensation WHERE id = 72089",SELECT,executive_compensation,78,0.8034,support_triage,200
sess_1102,2026-05-09 12:17:23,ent_apex_gamma,usr_602,agt_11,"SELECT grade, base_salary FROM employee_salaries WHERE id = 72958",SELECT,employee_salaries,132,0.5063,sales_performance,200
sess_1102,2026-05-09 12:18:06,ent_apex_gamma,usr_602,agt_11,"SELECT id, employee_id FROM employee_salaries WHERE id = 37463",SELECT,employee_salaries,65,0.7203,billing_summary,200
sess_1102,2026-05-09 12:19:20,ent_apex_gamma,usr_602,agt_11,"SELECT bonus, base_salary FROM employee_salaries WHERE id = 23777",SELECT,employee_salaries,75,0.5958,sales_performance,200
sess_1102,2026-05-09 12:21:10,ent_apex_gamma,usr_602,agt_11,"SELECT grade, bonus FROM employee_salaries WHERE id = 97126",SELECT,employee_salaries,89,0.4726,inventory_check,500
sess_1102,2026-05-09 12:23:41,ent_apex_gamma,usr_602,agt_11,"SELECT amount, customer_id FROM orders WHERE id = 76205",SELECT,orders,192,0.5823,inventory_check,200
sess_1102,2026-05-09 12:26:58,ent_apex_gamma,usr_602,agt_11,"SELECT id, price FROM products WHERE id = 25303",SELECT,products,283,0.5599,payroll_processing,200
sess_1102,2026-05-09 12:28:19,ent_apex_gamma,usr_602,agt_11,"SELECT name, price FROM products WHERE id = 85600",SELECT,products,820,0.7169,schema_audit,200
sess_1102,2026-05-09 12:41:06,ent_apex_gamma,usr_602,agt_11,"SELECT id, name FROM products WHERE id = 57601",SELECT,products,80,0.5339,system_health_check,200
sess_1102,2026-05-09 13:07:13,ent_apex_gamma,usr_602,agt_11,"SELECT customer_id, method FROM billing_records WHERE id = 1019",SELECT,billing_records,91,0.5026,compensation_review,200
sess_1102,2026-05-09 13:11:24,ent_apex_gamma,usr_602,agt_11,"SELECT dob, phone FROM customer_pii WHERE id = 6773",SELECT,customer_pii,595,0.7158,compensation_review,200
sess_1102,2026-05-09 13:20:18,ent_apex_gamma,usr_602,agt_11,"SELECT bonus, base_salary FROM employee_salaries WHERE id = 32707",SELECT,employee_salaries,156,0.5348,customer_lookup,200
sess_1102,2026-05-09 13:21:11,ent_apex_gamma,usr_602,agt_11,"SELECT customer_id, method FROM billing_records WHERE id = 98914",SELECT,billing_records,746,0.5376,sales_performance,200
sess_1102,2026-05-09 13:21:32,ent_apex_gamma,usr_602,agt_11,"SELECT id, name FROM products WHERE id = 41410",SELECT,products,74,0.425,billing_summary,200
sess_1102,2026-05-09 13:21:52,ent_apex_gamma,usr_602,agt_11,"SELECT grade, id FROM employee_salaries WHERE id = 6505",SELECT,employee_salaries,492,0.828,sales_performance,200
sess_1102,2026-05-09 13:23:59,ent_apex_gamma,usr_602,agt_11,"SELECT customer_id, id FROM orders WHERE id = 39404",SELECT,orders,223,0.4967,support_triage,200
sess_1102,2026-05-09 13:24:19,ent_apex_gamma,usr_602,agt_11,"SELECT id, phone FROM customer_pii WHERE id = 1288",SELECT,customer_pii,12,0.5781,system_health_check,200
sess_1102,2026-05-09 13:25:24,ent_apex_gamma,usr_602,agt_11,"SELECT id, name FROM products WHERE id = 58253",SELECT,products,213,0.5951,sales_performance,200
sess_1102,2026-05-09 13:26:36,ent_apex_gamma,usr_602,agt_11,"SELECT month, amount FROM billing_records WHERE id = 94216",SELECT,billing_records,153,0.601,customer_lookup,200
sess_1102,2026-05-09 13:28:38,ent_apex_gamma,usr_602,agt_11,"SELECT category, price FROM products WHERE id = 40990",SELECT,products,603,0.5355,payroll_processing,200
sess_1102,2026-05-09 13:34:21,ent_apex_gamma,usr_602,agt_11,"SELECT total_comp, year FROM executive_compensation WHERE id = 35556",SELECT,executive_compensation,55,0.6347,sales_performance,200
sess_1102,2026-05-09 13:37:24,ent_apex_gamma,usr_602,agt_11,"SELECT id, customer_id FROM orders WHERE id = 80916",SELECT,orders,107,0.6857,customer_lookup,200
sess_1102,2026-05-09 13:43:37,ent_apex_gamma,usr_602,agt_11,"SELECT dob, phone FROM customer_pii WHERE id = 74524",SELECT,customer_pii,161,0.7591,billing_summary,200
sess_1102,2026-05-09 13:48:42,ent_apex_gamma,usr_602,agt_11,"SELECT customer_id, method FROM billing_records WHERE id = 62622",SELECT,billing_records,48,0.4562,billing_summary,200
sess_1102,2026-05-09 13:50:55,ent_apex_gamma,usr_602,agt_11,"SELECT amount, id FROM billing_records WHERE id = 61799",SELECT,billing_records,108,0.5986,customer_lookup,200
sess_1102,2026-05-09 13:51:15,ent_apex_gamma,usr_602,agt_11,"SELECT total_comp, exec_id FROM executive_compensation WHERE id = 88785",SELECT,executive_compensation,62,0.6306,system_health_check,200
sess_1103,2026-05-26 15:33:49,ent_corp_alpha,usr_603,agt_7,"SELECT id, region FROM customers WHERE id = 15624",SELECT,customers,134,0.9383,support_triage,200
sess_1103,2026-05-26 15:34:20,ent_corp_alpha,usr_603,agt_7,"SELECT customers.id, support_tickets.id FROM customers JOIN support_tickets ON customers.id = support_tickets.id",JOIN,"customers,support_tickets",8053,0.9645,support_triage,200
sess_1103,2026-05-26 15:37:42,ent_corp_alpha,usr_603,agt_7,"SELECT amount, id FROM orders WHERE id = 90896",SELECT,orders,7726,0.8422,support_triage,500
sess_1103,2026-05-26 15:37:49,ent_corp_alpha,usr_603,agt_7,UPDATE support_tickets SET priority = '5690' WHERE id = 7748,UPDATE,support_tickets,4330,0.7364,support_triage,200
sess_1103,2026-05-26 15:40:49,ent_corp_alpha,usr_603,agt_7,"SELECT support_tickets.id, customers.id FROM support_tickets JOIN customers ON support_tickets.id = customers.id",JOIN,"support_tickets,customers",894,0.6784,support_triage,200
sess_1103,2026-05-26 15:42:40,ent_corp_alpha,usr_603,agt_7,"SELECT amount, created_at FROM orders WHERE id = 81654",SELECT,orders,4662,0.9183,support_triage,200
sess_1103,2026-05-26 15:43:03,ent_corp_alpha,usr_603,agt_7,"SELECT priority, customer_id FROM support_tickets WHERE id = 29705",SELECT,support_tickets,74,0.995,support_triage,200
sess_1104,2026-05-18 10:56:30,ent_nexus_beta,usr_604,agt_9,"SELECT amount, MAX(id) FROM billing_records GROUP BY amount",AGGREGATION,billing_records,3566,0.8314,report_generation,200
sess_1104,2026-05-18 10:57:02,ent_nexus_beta,usr_604,agt_9,"SELECT customer_id, status FROM orders WHERE id = 92881",SELECT,orders,6971,0.7598,report_generation,200
sess_1104,2026-05-18 10:57:07,ent_nexus_beta,usr_604,agt_9,"SELECT billing_records.id, customers.id FROM billing_records JOIN customers ON billing_records.id = customers.id",JOIN,"billing_records,customers",3170,0.8985,billing_summary,200
sess_1104,2026-05-18 11:00:44,ent_nexus_beta,usr_604,agt_9,"SELECT customer_id, MAX(id) FROM orders GROUP BY customer_id",AGGREGATION,orders,1332,0.7251,report_generation,200
sess_1104,2026-05-18 11:02:07,ent_nexus_beta,usr_604,agt_9,UPDATE orders SET customer_id = '9885' WHERE id = 4870,UPDATE,orders,183,0.9229,report_generation,200
sess_1104,2026-05-18 11:02:23,ent_nexus_beta,usr_604,agt_9,UPDATE products SET price = '5193' WHERE id = 9047,UPDATE,products,76,0.9004,report_generation,200
sess_1104,2026-05-18 11:02:54,ent_nexus_beta,usr_604,agt_9,"SELECT id, status FROM orders WHERE id = 90630",SELECT,orders,1008,0.7072,report_generation,200
sess_1104,2026-05-18 11:04:23,ent_nexus_beta,usr_604,agt_9,"SELECT month, amount FROM billing_records WHERE id = 17685",SELECT,billing_records,1435,0.8691,report_generation,200
sess_1104,2026-05-18 11:05:03,ent_nexus_beta,usr_604,agt_9,"SELECT price, id FROM products WHERE id = 58555",SELECT,products,724,0.9889,report_generation,200
sess_1104,2026-05-18 11:06:08,ent_nexus_beta,usr_604,agt_9,UPDATE billing_records SET method = '4639' WHERE id = 3429,UPDATE,billing_records,6095,0.995,report_generation,200
sess_1104,2026-05-18 11:08:16,ent_nexus_beta,usr_604,agt_9,"SELECT created_at, COUNT(*) FROM customers GROUP BY created_at",AGGREGATION,customers,4614,0.9389,report_generation,200
sess_1104,2026-05-18 11:10:53,ent_nexus_beta,usr_604,agt_9,"SELECT region, created_at FROM customers WHERE id = 89243",SELECT,customers,772,0.8122,report_generation,200
sess_1104,2026-05-18 11:13:43,ent_nexus_beta,usr_604,agt_9,"SELECT created_at, SUM(amount) FROM orders GROUP BY created_at",AGGREGATION,orders,1417,0.9543,report_generation,200
sess_1105,2026-05-05 11:57:16,ent_apex_gamma,usr_605,agt_6,SELECT * FROM products,SELECT,products,118361,0.899,inventory_check,500
sess_1105,2026-05-05 12:00:10,ent_apex_gamma,usr_605,agt_6,"SELECT category, AVG(amount) FROM products GROUP BY category",AGGREGATION,products,1123,0.9818,inventory_check,200
sess_1105,2026-05-05 12:00:21,ent_apex_gamma,usr_605,agt_6,"SELECT updated_at, id FROM inventory WHERE id = 38292",SELECT,inventory,1334,0.995,inventory_check,200
sess_1105,2026-05-05 12:01:50,ent_apex_gamma,usr_605,agt_6,SELECT * FROM inventory,SELECT,inventory,218354,0.9262,inventory_check,200
sess_1105,2026-05-05 12:02:06,ent_apex_gamma,usr_605,agt_6,"SELECT price, id FROM products WHERE id = 66608",SELECT,products,356,0.8816,inventory_check,200
sess_1105,2026-05-05 12:02:57,ent_apex_gamma,usr_605,agt_6,"SELECT warehouse, sku FROM inventory WHERE id = 11627",SELECT,inventory,1223,0.89,inventory_check,200
sess_1105,2026-05-05 12:03:26,ent_apex_gamma,usr_605,agt_6,"SELECT name, COUNT(*) FROM products GROUP BY name",AGGREGATION,products,13888,0.8904,inventory_check,200
sess_1105,2026-05-05 12:04:49,ent_apex_gamma,usr_605,agt_6,"SELECT warehouse, updated_at FROM inventory WHERE id = 95787",SELECT,inventory,1267,0.8013,inventory_check,200
sess_1105,2026-05-05 12:07:34,ent_apex_gamma,usr_605,agt_6,"SELECT id, AVG(amount) FROM products GROUP BY id",AGGREGATION,products,3089,0.9669,inventory_check,200
sess_1105,2026-05-05 12:07:39,ent_apex_gamma,usr_605,agt_6,"SELECT stock, updated_at FROM inventory WHERE id = 34105",SELECT,inventory,679,0.7068,inventory_check,200
sess_1105,2026-05-05 12:08:14,ent_apex_gamma,usr_605,agt_6,"SELECT warehouse, COUNT(*) FROM inventory GROUP BY warehouse",AGGREGATION,inventory,12435,0.9424,inventory_check,403
sess_1106,2026-05-05 14:53:51,ent_nexus_beta,usr_606,agt_2,"SELECT table_name, COUNT(*) FROM information_schema.tables GROUP BY table_name",AGGREGATION,information_schema.tables,187,0.6627,sales_performance,200
sess_1106,2026-05-05 14:54:22,ent_nexus_beta,usr_606,agt_2,"SELECT bonus, SUM(amount) FROM employee_salaries GROUP BY bonus",AGGREGATION,employee_salaries,2710,0.5524,sales_performance,200
sess_1106,2026-05-05 14:54:48,ent_nexus_beta,usr_606,agt_2,"SELECT page_views.id, shipments.id FROM page_views JOIN shipments ON page_views.id = shipments.id",JOIN,"page_views,shipments",178,0.6268,order_management,200
sess_1106,2026-05-05 14:55:08,ent_nexus_beta,usr_606,agt_2,"SELECT id, SUM(amount) FROM system_credentials GROUP BY id",AGGREGATION,system_credentials,30000,0.6923,billing_summary,200
sess_1106,2026-05-05 14:55:20,ent_nexus_beta,usr_606,agt_2,UPDATE information_schema.columns SET table_name = '2823' WHERE id = 8389,UPDATE,information_schema.columns,9738,0.4288,compensation_review,403
sess_1106,2026-05-05 14:56:16,ent_nexus_beta,usr_606,agt_2,"SELECT information_schema.columns.id, employee_salaries.id FROM information_schema.columns JOIN employee_salaries ON information_schema.columns.id = employee_salaries.id",JOIN,"information_schema.columns,employee_salaries",6339,0.6219,sales_performance,200
sess_1106,2026-05-05 14:56:34,ent_nexus_beta,usr_606,agt_2,"SELECT grade, base_salary FROM employee_salaries WHERE id = 15951",SELECT,employee_salaries,5356,0.7573,payroll_processing,200
sess_1106,2026-05-05 14:56:52,ent_nexus_beta,usr_606,agt_2,"SELECT orders.id, employee_salaries.id FROM orders JOIN employee_salaries ON orders.id = employee_salaries.id",JOIN,"orders,employee_salaries",75,0.6866,schema_audit,200
sess_1106,2026-05-05 14:57:00,ent_nexus_beta,usr_606,agt_2,"SELECT status, AVG(amount) FROM orders GROUP BY status",AGGREGATION,orders,683,0.6829,billing_summary,200
sess_1106,2026-05-05 14:57:41,ent_nexus_beta,usr_606,agt_2,UPDATE orders SET id = '9637' WHERE id = 2085,UPDATE,orders,9795,0.7673,report_generation,200
sess_1106,2026-05-05 14:59:06,ent_nexus_beta,usr_606,agt_2,ALTER TABLE customers ADD COLUMN flag_42 BOOLEAN,DDL,customers,575,0.621,inventory_check,200
sess_1106,2026-05-05 14:59:29,ent_nexus_beta,usr_606,agt_2,"SELECT id, user_id FROM page_views WHERE id = 50242",SELECT,page_views,137,0.6345,billing_summary,200
sess_1106,2026-05-05 14:59:57,ent_nexus_beta,usr_606,agt_2,UPDATE employee_salaries SET id = '1246' WHERE id = 8134,UPDATE,employee_salaries,10757,0.4854,schema_audit,200
sess_1106,2026-05-05 15:00:34,ent_nexus_beta,usr_606,agt_2,UPDATE employee_salaries SET base_salary = '4227' WHERE id = 6946,UPDATE,employee_salaries,609,0.6622,support_triage,200
sess_1106,2026-05-05 15:01:00,ent_nexus_beta,usr_606,agt_2,"SELECT information_schema.tables.id, orders.id FROM information_schema.tables JOIN orders ON information_schema.tables.id = orders.id",JOIN,"information_schema.tables,orders",5249,0.4899,billing_summary,200
sess_1106,2026-05-05 15:02:28,ent_nexus_beta,usr_606,agt_2,DROP TABLE orders,DDL,orders,1882,0.6811,order_management,200
sess_1106,2026-05-05 15:02:39,ent_nexus_beta,usr_606,agt_2,"SELECT information_schema.tables.id, information_schema.columns.id FROM information_schema.tables JOIN information_schema.columns ON information_schema.tables.id = information_schema.columns.id",JOIN,"information_schema.tables,information_schema.columns",3445,0.5362,billing_summary,200
sess_1106,2026-05-05 15:02:46,ent_nexus_beta,usr_606,agt_2,UPDATE employee_salaries SET employee_id = '7003' WHERE id = 5783,UPDATE,employee_salaries,54,0.5859,report_generation,403
sess_1106,2026-05-05 15:03:05,ent_nexus_beta,usr_606,agt_2,"SELECT system_credentials.id, information_schema.columns.id FROM system_credentials JOIN information_schema.columns ON system_credentials.id = information_schema.columns.id",JOIN,"system_credentials,information_schema.columns",3485,0.6838,customer_lookup,200
sess_1106,2026-05-05 15:03:16,ent_nexus_beta,usr_606,agt_2,"SELECT category, MAX(id) FROM products GROUP BY category",AGGREGATION,products,4713,0.4329,order_management,200
sess_1106,2026-05-05 15:04:29,ent_nexus_beta,usr_606,agt_2,"SELECT priority, COUNT(*) FROM support_tickets GROUP BY priority",AGGREGATION,support_tickets,1709,0.5592,report_generation,200
sess_1106,2026-05-05 15:05:34,ent_nexus_beta,usr_606,agt_2,"SELECT service, secret_hash FROM system_credentials WHERE id = 64344",SELECT,system_credentials,5588,0.5613,sales_performance,200
sess_1106,2026-05-05 15:05:37,ent_nexus_beta,usr_606,agt_2,"SELECT orders.id, page_views.id FROM orders JOIN page_views ON orders.id = page_views.id",JOIN,"orders,page_views",194,0.802,sales_performance,200
sess_1106,2026-05-05 15:06:30,ent_nexus_beta,usr_606,agt_2,DROP TABLE orders,DDL,orders,1375,0.6272,customer_lookup,200
sess_1107,2026-05-17 13:06:21,ent_corp_alpha,usr_607,agt_6,"SELECT year, id FROM executive_compensation WHERE id = 74167",SELECT,executive_compensation,66,0.6589,compensation_review,200
sess_1107,2026-05-17 13:06:45,ent_corp_alpha,usr_607,agt_6,"SELECT year, id FROM executive_compensation WHERE id = 94204",SELECT,executive_compensation,552,0.7677,compensation_review,200
sess_1107,2026-05-17 13:07:26,ent_corp_alpha,usr_607,agt_6,UPDATE employee_salaries SET id = '8752' WHERE id = 7705,UPDATE,employee_salaries,74,0.7079,compensation_review,200
sess_1107,2026-05-17 13:10:31,ent_corp_alpha,usr_607,agt_6,"SELECT id, base_salary FROM employee_salaries WHERE id = 38775",SELECT,employee_salaries,1232,0.9662,compensation_review,200
sess_1107,2026-05-17 13:11:58,ent_corp_alpha,usr_607,agt_6,"SELECT employee_id, base_salary FROM employee_salaries WHERE id = 85264",SELECT,employee_salaries,50,0.8844,compensation_review,200
sess_1107,2026-05-17 13:13:37,ent_corp_alpha,usr_607,agt_6,"SELECT id, bonus FROM employee_salaries WHERE id = 14109",SELECT,employee_salaries,576,0.8936,compensation_review,200
sess_1107,2026-05-17 13:19:26,ent_corp_alpha,usr_607,agt_6,"SELECT year, total_comp FROM executive_compensation WHERE id = 28520",SELECT,executive_compensation,129,0.995,compensation_review,200
sess_1107,2026-05-17 13:22:24,ent_corp_alpha,usr_607,agt_6,"SELECT executive_compensation.id, employee_salaries.id FROM executive_compensation JOIN employee_salaries ON executive_compensation.id = employee_salaries.id",JOIN,"executive_compensation,employee_salaries",1505,0.995,compensation_review,200
sess_1107,2026-05-17 13:22:42,ent_corp_alpha,usr_607,agt_6,"SELECT base_salary, id FROM employee_salaries WHERE id = 2829",SELECT,employee_salaries,5362,0.8527,compensation_review,200
sess_1107,2026-05-17 13:24:19,ent_corp_alpha,usr_607,agt_6,"SELECT total_comp, exec_id FROM executive_compensation WHERE id = 72676",SELECT,executive_compensation,10410,0.9367,compensation_review,200
sess_1107,2026-05-17 13:24:26,ent_corp_alpha,usr_607,agt_6,"SELECT base_salary, bonus FROM employee_salaries WHERE id = 76330",SELECT,employee_salaries,147,0.9125,compensation_review,200
sess_1107,2026-05-17 13:24:51,ent_corp_alpha,usr_607,agt_6,"SELECT executive_compensation.id, employee_salaries.id FROM executive_compensation JOIN employee_salaries ON executive_compensation.id = employee_salaries.id",JOIN,"executive_compensation,employee_salaries",323,0.761,compensation_review,200
sess_1108,2026-05-23 05:05:13,ent_nexus_beta,usr_608,agt_1,"SELECT carrier, order_id FROM shipments WHERE id = 34921",SELECT,shipments,936,0.8852,order_management,200
sess_1108,2026-05-23 05:06:09,ent_nexus_beta,usr_608,agt_1,"SELECT orders.id, shipments.id FROM orders JOIN shipments ON orders.id = shipments.id",JOIN,"orders,shipments",413,0.9208,order_management,200
sess_1108,2026-05-23 05:08:14,ent_nexus_beta,usr_608,agt_1,"SELECT created_at, status FROM orders WHERE id = 43761",SELECT,orders,333,0.8366,support_triage,403
sess_1108,2026-05-23 05:08:19,ent_nexus_beta,usr_608,agt_1,"SELECT name, email FROM customers WHERE id = 81917",SELECT,customers,399,0.7482,order_management,200
sess_1108,2026-05-23 05:12:59,ent_nexus_beta,usr_608,agt_1,"SELECT status, created_at FROM orders WHERE id = 71895",SELECT,orders,88,0.9496,order_management,200
sess_1108,2026-05-23 05:13:03,ent_nexus_beta,usr_608,agt_1,"SELECT priority, id FROM support_tickets WHERE id = 7367",SELECT,support_tickets,1389,0.8619,payroll_processing,200
sess_1108,2026-05-23 05:14:02,ent_nexus_beta,usr_608,agt_1,"SELECT region, created_at FROM customers WHERE id = 68088",SELECT,customers,188,0.8112,order_management,200
sess_1108,2026-05-23 05:14:46,ent_nexus_beta,usr_608,agt_1,UPDATE orders SET id = '9734' WHERE id = 722,UPDATE,orders,12743,0.8526,order_management,200
sess_1108,2026-05-23 05:17:14,ent_nexus_beta,usr_608,agt_1,"SELECT order_id, eta FROM shipments WHERE id = 28633",SELECT,shipments,207,0.991,order_management,200
sess_1108,2026-05-23 05:18:27,ent_nexus_beta,usr_608,agt_1,"SELECT status, amount FROM orders WHERE id = 81276",SELECT,orders,2913,0.696,order_management,200
sess_1108,2026-05-23 05:20:03,ent_nexus_beta,usr_608,agt_1,"SELECT customers.id, orders.id FROM customers JOIN orders ON customers.id = orders.id",JOIN,"customers,orders",216,0.9618,order_management,200
sess_1108,2026-05-23 05:30:13,ent_nexus_beta,usr_608,agt_1,"SELECT created_at, email FROM customers WHERE id = 46708",SELECT,customers,72,0.9123,order_management,200
sess_1108,2026-05-23 05:31:31,ent_nexus_beta,usr_608,agt_1,"SELECT created_at, id FROM orders WHERE id = 67421",SELECT,orders,63,0.8778,order_management,200
sess_1108,2026-05-23 05:32:17,ent_nexus_beta,usr_608,agt_1,"SELECT id, customer_id FROM orders WHERE id = 22268",SELECT,orders,16880,0.9042,order_management,200
sess_1109,2026-05-02 07:58:01,ent_corp_alpha,usr_609,agt_4,"SELECT created_at, MAX(id) FROM customers GROUP BY created_at",AGGREGATION,customers,35477,0.995,customer_lookup,200
sess_1109,2026-05-02 07:59:22,ent_corp_alpha,usr_609,agt_4,"SELECT orders.id, customers.id FROM orders JOIN customers ON orders.id = customers.id",JOIN,"orders,customers",1297,0.953,customer_lookup,200
sess_1109,2026-05-02 08:02:46,ent_corp_alpha,usr_609,agt_4,"SELECT id, COUNT(*) FROM customers GROUP BY id",AGGREGATION,customers,13067,0.9311,customer_lookup,200
sess_1109,2026-05-02 08:03:13,ent_corp_alpha,usr_609,agt_4,"SELECT priority, SUM(amount) FROM support_tickets GROUP BY priority",AGGREGATION,support_tickets,12033,0.9521,customer_lookup,200
sess_1109,2026-05-02 08:04:56,ent_corp_alpha,usr_609,agt_4,"SELECT region, name FROM customers WHERE id = 13926",SELECT,customers,2052,0.9299,customer_lookup,500
sess_1110,2026-05-23 14:52:19,ent_nexus_beta,usr_610,agt_12,"SELECT id, created_at FROM orders WHERE id = 41180",SELECT,orders,121,0.9565,billing_summary,200
sess_1110,2026-05-23 14:52:22,ent_nexus_beta,usr_610,agt_12,"SELECT email, id FROM customers WHERE id = 90224",SELECT,customers,516,0.995,billing_summary,200
sess_1110,2026-05-23 14:53:57,ent_nexus_beta,usr_610,agt_12,"SELECT customers.id, page_views.id FROM customers JOIN page_views ON customers.id = page_views.id",JOIN,"customers,page_views",2453,0.8307,billing_summary,200
sess_1110,2026-05-23 14:54:48,ent_nexus_beta,usr_610,agt_12,"SELECT amount, customer_id FROM orders WHERE id = 98320",SELECT,orders,2200,0.8759,billing_summary,200
sess_1110,2026-05-23 14:55:50,ent_nexus_beta,usr_610,agt_12,"SELECT region, AVG(amount) FROM customers GROUP BY region",AGGREGATION,customers,1832,0.9358,billing_summary,200
sess_1110,2026-05-23 14:57:07,ent_nexus_beta,usr_610,agt_12,"SELECT orders.id, customers.id FROM orders JOIN customers ON orders.id = customers.id",JOIN,"orders,customers",371,0.995,billing_summary,200
sess_1110,2026-05-23 14:57:30,ent_nexus_beta,usr_610,agt_12,"SELECT amount, SUM(amount) FROM orders GROUP BY amount",AGGREGATION,orders,1788,0.995,payroll_processing,200
sess_1110,2026-05-23 15:03:08,ent_nexus_beta,usr_610,agt_12,"SELECT status, id FROM orders WHERE id = 64169",SELECT,orders,614,0.7477,payroll_processing,200
sess_1110,2026-05-23 15:05:30,ent_nexus_beta,usr_610,agt_12,"SELECT id, status FROM orders WHERE id = 72274",SELECT,orders,519,0.8839,payroll_processing,200
sess_1110,2026-05-23 15:05:33,ent_nexus_beta,usr_610,agt_12,"SELECT month, SUM(amount) FROM billing_records GROUP BY month",AGGREGATION,billing_records,2673,0.7316,payroll_processing,200
sess_1111,2026-05-04 18:02:29,ent_nexus_beta,usr_611,agt_3,"SELECT id, SUM(amount) FROM orders GROUP BY id",AGGREGATION,orders,3285,0.8607,order_management,200
sess_1111,2026-05-04 18:03:15,ent_nexus_beta,usr_611,agt_3,"SELECT name, created_at FROM customers WHERE id = 5885",SELECT,customers,50,0.9024,order_management,200
sess_1111,2026-05-04 18:06:08,ent_nexus_beta,usr_611,agt_3,"SELECT id, carrier FROM shipments WHERE id = 86716",SELECT,shipments,328,0.9025,order_management,200
sess_1111,2026-05-04 18:11:38,ent_nexus_beta,usr_611,agt_3,"SELECT customers.id, orders.id FROM customers JOIN orders ON customers.id = orders.id",JOIN,"customers,orders",507,0.8447,order_management,200
sess_1111,2026-05-04 18:12:29,ent_nexus_beta,usr_611,agt_3,"SELECT eta, carrier FROM shipments WHERE id = 58062",SELECT,shipments,997,0.825,order_management,200
sess_1111,2026-05-04 18:13:05,ent_nexus_beta,usr_611,agt_3,"SELECT email, COUNT(*) FROM customers GROUP BY email",AGGREGATION,customers,4133,0.6857,order_management,200
sess_1111,2026-05-04 18:13:12,ent_nexus_beta,usr_611,agt_3,UPDATE shipments SET carrier = '4467' WHERE id = 4161,UPDATE,shipments,137,0.9331,order_management,200
sess_1111,2026-05-04 18:13:23,ent_nexus_beta,usr_611,agt_3,"SELECT amount, status FROM orders WHERE id = 93392",SELECT,orders,121,0.7762,order_management,200
sess_1111,2026-05-04 18:16:36,ent_nexus_beta,usr_611,agt_3,"SELECT order_id, id FROM shipments WHERE id = 4775",SELECT,shipments,1717,0.995,order_management,200
sess_1111,2026-05-04 18:18:25,ent_nexus_beta,usr_611,agt_3,"SELECT order_id, id FROM shipments WHERE id = 21491",SELECT,shipments,214,0.8588,order_management,200
sess_1112,2026-05-05 04:39:02,ent_apex_gamma,usr_612,agt_6,"SELECT orders.id, support_tickets.id FROM orders JOIN support_tickets ON orders.id = support_tickets.id",JOIN,"orders,support_tickets",560,0.9513,customer_lookup,200
sess_1112,2026-05-05 04:42:09,ent_apex_gamma,usr_612,agt_6,"SELECT id, amount FROM orders WHERE id = 15528",SELECT,orders,689,0.819,customer_lookup,200
sess_1112,2026-05-05 04:46:54,ent_apex_gamma,usr_612,agt_6,UPDATE customers SET name = '5556' WHERE id = 6677,UPDATE,customers,525,0.8754,customer_lookup,200
sess_1112,2026-05-05 04:47:09,ent_apex_gamma,usr_612,agt_6,"SELECT customer_id, subject FROM support_tickets WHERE id = 8060",SELECT,support_tickets,2775,0.9662,customer_lookup,500
sess_1112,2026-05-05 04:49:21,ent_apex_gamma,usr_612,agt_6,"SELECT id, priority FROM support_tickets WHERE id = 40279",SELECT,support_tickets,340,0.995,customer_lookup,200
sess_1112,2026-05-05 04:50:45,ent_apex_gamma,usr_612,agt_6,"SELECT amount, created_at FROM orders WHERE id = 94250",SELECT,orders,527,0.8925,customer_lookup,200
sess_1112,2026-05-05 04:50:47,ent_apex_gamma,usr_612,agt_6,"SELECT created_at, status FROM orders WHERE id = 84386",SELECT,orders,628,0.8905,customer_lookup,200
sess_1112,2026-05-05 04:50:52,ent_apex_gamma,usr_612,agt_6,"SELECT customer_id, created_at FROM orders WHERE id = 68190",SELECT,orders,2867,0.618,customer_lookup,200
sess_1112,2026-05-05 04:51:03,ent_apex_gamma,usr_612,agt_6,"SELECT customers.id, support_tickets.id FROM customers JOIN support_tickets ON customers.id = support_tickets.id",JOIN,"customers,support_tickets",2410,0.8649,customer_lookup,200
sess_1112,2026-05-05 04:53:22,ent_apex_gamma,usr_612,agt_6,"SELECT region, AVG(amount) FROM customers GROUP BY region",AGGREGATION,customers,4053,0.9305,customer_lookup,200
sess_1112,2026-05-05 05:00:07,ent_apex_gamma,usr_612,agt_6,"SELECT subject, priority FROM support_tickets WHERE id = 44417",SELECT,support_tickets,84,0.6326,customer_lookup,200
sess_1112,2026-05-05 05:00:36,ent_apex_gamma,usr_612,agt_6,"SELECT subject, AVG(amount) FROM support_tickets GROUP BY subject",AGGREGATION,support_tickets,6846,0.995,customer_lookup,200
sess_1112,2026-05-05 05:01:37,ent_apex_gamma,usr_612,agt_6,"SELECT created_at, id FROM orders WHERE id = 62187",SELECT,orders,58,0.7322,customer_lookup,500
sess_1112,2026-05-05 05:02:08,ent_apex_gamma,usr_612,agt_6,"SELECT status, SUM(amount) FROM support_tickets GROUP BY status",AGGREGATION,support_tickets,25985,0.9602,customer_lookup,200
sess_1112,2026-05-05 05:02:37,ent_apex_gamma,usr_612,agt_6,"SELECT orders.id, support_tickets.id FROM orders JOIN support_tickets ON orders.id = support_tickets.id",JOIN,"orders,support_tickets",974,0.6152,customer_lookup,200
sess_1113,2026-05-05 15:32:42,ent_corp_alpha,usr_613,agt_11,UPDATE orders SET amount = '7495' WHERE id = 5275,UPDATE,orders,515,0.995,billing_summary,200
sess_1113,2026-05-05 15:34:47,ent_corp_alpha,usr_613,agt_11,"SELECT email, name FROM customers WHERE id = 64155",SELECT,customers,859,0.6579,billing_summary,200
sess_1113,2026-05-05 15:34:57,ent_corp_alpha,usr_613,agt_11,"SELECT id, email FROM customers WHERE id = 68950",SELECT,customers,178,0.8086,billing_summary,200
sess_1113,2026-05-05 15:36:59,ent_corp_alpha,usr_613,agt_11,"SELECT customers.id, billing_records.id FROM customers JOIN billing_records ON customers.id = billing_records.id",JOIN,"customers,billing_records",1351,0.9807,billing_summary,200
sess_1113,2026-05-05 15:37:15,ent_corp_alpha,usr_613,agt_11,"SELECT region, id FROM customers WHERE id = 82956",SELECT,customers,514,0.817,billing_summary,200
sess_1113,2026-05-05 15:38:33,ent_corp_alpha,usr_613,agt_11,"SELECT status, customer_id FROM orders WHERE id = 65490",SELECT,orders,219,0.667,billing_summary,200
sess_1113,2026-05-05 15:38:42,ent_corp_alpha,usr_613,agt_11,"SELECT month, AVG(amount) FROM billing_records GROUP BY month",AGGREGATION,billing_records,7456,0.7727,billing_summary,200
sess_1113,2026-05-05 15:40:45,ent_corp_alpha,usr_613,agt_11,"SELECT region, created_at FROM customers WHERE id = 84353",SELECT,customers,443,0.995,billing_summary,200
sess_1113,2026-05-05 15:44:22,ent_corp_alpha,usr_613,agt_11,"SELECT orders.id, billing_records.id FROM orders JOIN billing_records ON orders.id = billing_records.id",JOIN,"orders,billing_records",891,0.8672,billing_summary,200
sess_1113,2026-05-05 15:44:42,ent_corp_alpha,usr_613,agt_11,"SELECT status, id FROM orders WHERE id = 44002",SELECT,orders,62,0.9618,billing_summary,200
sess_1113,2026-05-05 15:44:48,ent_corp_alpha,usr_613,agt_11,UPDATE orders SET status = '2815' WHERE id = 8338,UPDATE,orders,115,0.9641,billing_summary,200
sess_1113,2026-05-05 15:44:59,ent_corp_alpha,usr_613,agt_11,"SELECT method, SUM(amount) FROM billing_records GROUP BY method",AGGREGATION,billing_records,10875,0.8841,billing_summary,200
sess_1113,2026-05-05 15:45:22,ent_corp_alpha,usr_613,agt_11,"SELECT created_at, customer_id FROM orders WHERE id = 47117",SELECT,orders,69,0.8285,billing_summary,200
sess_1113,2026-05-05 15:48:04,ent_corp_alpha,usr_613,agt_11,"SELECT method, id FROM billing_records WHERE id = 64234",SELECT,billing_records,4504,0.856,billing_summary,200
sess_1113,2026-05-05 15:48:42,ent_corp_alpha,usr_613,agt_11,"SELECT amount, method FROM billing_records WHERE id = 99579",SELECT,billing_records,1563,0.8434,billing_summary,200
sess_1113,2026-05-05 15:53:14,ent_corp_alpha,usr_613,agt_11,"SELECT billing_records.id, orders.id FROM billing_records JOIN orders ON billing_records.id = orders.id",JOIN,"billing_records,orders",323,0.995,billing_summary,200
sess_1114,2026-05-13 12:48:29,ent_corp_alpha,usr_614,agt_11,"SELECT amount, method FROM billing_records WHERE id = 29398",SELECT,billing_records,226,0.9306,report_generation,200
sess_1114,2026-05-13 12:48:31,ent_corp_alpha,usr_614,agt_11,"SELECT products.id, orders.id FROM products JOIN orders ON products.id = orders.id",JOIN,"products,orders",686,0.9117,report_generation,200
sess_1114,2026-05-13 12:54:41,ent_corp_alpha,usr_614,agt_11,"SELECT id, AVG(amount) FROM products GROUP BY id",AGGREGATION,products,3108,0.9255,report_generation,200
sess_1114,2026-05-13 12:55:22,ent_corp_alpha,usr_614,agt_11,UPDATE orders SET id = '5064' WHERE id = 4307,UPDATE,orders,4661,0.874,report_generation,200
sess_1114,2026-05-13 13:01:44,ent_corp_alpha,usr_614,agt_11,"SELECT created_at, id FROM orders WHERE id = 55776",SELECT,orders,219,0.7528,report_generation,200
sess_1114,2026-05-13 13:03:07,ent_corp_alpha,usr_614,agt_11,UPDATE orders SET id = '6297' WHERE id = 1527,UPDATE,orders,115,0.9185,report_generation,403
sess_1114,2026-05-13 13:04:42,ent_corp_alpha,usr_614,agt_11,"SELECT price, id FROM products WHERE id = 40518",SELECT,products,1675,0.8804,report_generation,200
sess_1114,2026-05-13 13:05:22,ent_corp_alpha,usr_614,agt_11,"SELECT customer_id, COUNT(*) FROM billing_records GROUP BY customer_id",AGGREGATION,billing_records,3782,0.7892,report_generation,200
sess_1114,2026-05-13 13:05:41,ent_corp_alpha,usr_614,agt_11,"SELECT orders.id, products.id FROM orders JOIN products ON orders.id = products.id",JOIN,"orders,products",1207,0.7099,report_generation,200
sess_1114,2026-05-13 13:12:13,ent_corp_alpha,usr_614,agt_11,"SELECT id, region FROM customers WHERE id = 80352",SELECT,customers,978,0.962,report_generation,200
sess_1114,2026-05-13 13:13:57,ent_corp_alpha,usr_614,agt_11,"SELECT customer_id, month FROM billing_records WHERE id = 88971",SELECT,billing_records,33,0.995,report_generation,200
sess_1115,2026-05-19 12:11:48,ent_apex_gamma,usr_615,agt_3,"SELECT url, id FROM page_views WHERE id = 63599",SELECT,page_views,1148,0.7984,system_health_check,200
sess_1115,2026-05-19 12:12:36,ent_apex_gamma,usr_615,agt_3,"SELECT message, ts FROM logs WHERE id = 52362",SELECT,logs,316,0.995,system_health_check,200
sess_1115,2026-05-19 12:16:59,ent_apex_gamma,usr_615,agt_3,"SELECT logs.id, information_schema.tables.id FROM logs JOIN information_schema.tables ON logs.id = information_schema.tables.id",JOIN,"logs,information_schema.tables",1131,0.7797,system_health_check,403
sess_1115,2026-05-19 12:24:26,ent_apex_gamma,usr_615,agt_3,"SELECT row_count, table_name FROM information_schema.tables WHERE id = 7633",SELECT,information_schema.tables,584,0.7633,system_health_check,200
sess_1115,2026-05-19 12:26:32,ent_apex_gamma,usr_615,agt_3,"SELECT row_count, COUNT(*) FROM information_schema.tables GROUP BY row_count",AGGREGATION,information_schema.tables,1346,0.948,system_health_check,200
sess_1115,2026-05-19 12:27:22,ent_apex_gamma,usr_615,agt_3,"SELECT url, user_id FROM page_views WHERE id = 35365",SELECT,page_views,51,0.9341,system_health_check,200
sess_1115,2026-05-19 12:31:58,ent_apex_gamma,usr_615,agt_3,"SELECT id, message FROM logs WHERE id = 94810",SELECT,logs,2596,0.8393,system_health_check,200
sess_1115,2026-05-19 12:35:13,ent_apex_gamma,usr_615,agt_3,"SELECT ts, COUNT(*) FROM page_views GROUP BY ts",AGGREGATION,page_views,6472,0.8668,system_health_check,200
sess_1115,2026-05-19 12:37:58,ent_apex_gamma,usr_615,agt_3,"SELECT id, message FROM logs WHERE id = 74346",SELECT,logs,460,0.9112,system_health_check,200
sess_1115,2026-05-19 12:38:47,ent_apex_gamma,usr_615,agt_3,"SELECT user_id, url FROM page_views WHERE id = 28599",SELECT,page_views,172,0.8651,system_health_check,200
sess_1115,2026-05-19 12:39:02,ent_apex_gamma,usr_615,agt_3,UPDATE logs SET id = '3586' WHERE id = 7775,UPDATE,logs,1368,0.7243,system_health_check,200
sess_1115,2026-05-19 12:39:58,ent_apex_gamma,usr_615,agt_3,"SELECT id, user_id FROM page_views WHERE id = 52564",SELECT,page_views,1975,0.9599,system_health_check,200
sess_1115,2026-05-19 12:40:42,ent_apex_gamma,usr_615,agt_3,"SELECT url, user_id FROM page_views WHERE id = 39261",SELECT,page_views,35,0.882,system_health_check,200
sess_1115,2026-05-19 12:43:44,ent_apex_gamma,usr_615,agt_3,"SELECT row_count, SUM(amount) FROM information_schema.tables GROUP BY row_count",AGGREGATION,information_schema.tables,3054,0.6857,system_health_check,403
sess_1116,2026-05-27 17:19:52,ent_nexus_beta,usr_616,agt_10,"SELECT month, method FROM billing_records WHERE id = 7773",SELECT,billing_records,314,0.7322,sales_performance,200
sess_1116,2026-05-27 17:19:54,ent_nexus_beta,usr_616,agt_10,UPDATE products SET id = '7844' WHERE id = 8033,UPDATE,products,712,0.7814,sales_performance,200
sess_1116,2026-05-27 17:22:51,ent_nexus_beta,usr_616,agt_10,"SELECT exec_id, total_comp FROM executive_compensation WHERE id = 59716",SELECT,executive_compensation,112,0.7992,system_health_check,200
sess_1116,2026-05-27 17:24:25,ent_nexus_beta,usr_616,agt_10,"SELECT id, amount FROM orders WHERE id = 26739",SELECT,orders,631,0.9355,sales_performance,500
sess_1116,2026-05-27 17:24:37,ent_nexus_beta,usr_616,agt_10,"SELECT name, id FROM products WHERE id = 199",SELECT,products,1913,0.7673,sales_performance,200
sess_1116,2026-05-27 17:25:19,ent_nexus_beta,usr_616,agt_10,"SELECT customer_id, method FROM billing_records WHERE id = 79009",SELECT,billing_records,484,0.9944,sales_performance,200
sess_1116,2026-05-27 17:25:48,ent_nexus_beta,usr_616,agt_10,"SELECT customer_id, method FROM billing_records WHERE id = 90593",SELECT,billing_records,1124,0.8267,sales_performance,200
sess_1116,2026-05-27 17:29:19,ent_nexus_beta,usr_616,agt_10,"SELECT id, customer_id FROM billing_records WHERE id = 65483",SELECT,billing_records,180,0.9346,report_generation,200
sess_1116,2026-05-27 17:29:24,ent_nexus_beta,usr_616,agt_10,"SELECT id, status FROM orders WHERE id = 21185",SELECT,orders,969,0.7876,order_management,200
sess_1116,2026-05-27 17:32:03,ent_nexus_beta,usr_616,agt_10,"SELECT created_at, amount FROM orders WHERE id = 83529",SELECT,orders,146,0.9145,sales_performance,200
sess_1116,2026-05-27 17:35:20,ent_nexus_beta,usr_616,agt_10,"SELECT customer_id, SUM(amount) FROM orders GROUP BY customer_id",AGGREGATION,orders,15093,0.7012,sales_performance,200
sess_1116,2026-05-27 17:36:07,ent_nexus_beta,usr_616,agt_10,"SELECT amount, id FROM billing_records WHERE id = 44886",SELECT,billing_records,589,0.8993,sales_performance,200
sess_1116,2026-05-27 17:40:18,ent_nexus_beta,usr_616,agt_10,UPDATE billing_records SET customer_id = '3274' WHERE id = 4417,UPDATE,billing_records,897,0.871,sales_performance,200
sess_1116,2026-05-27 17:47:52,ent_nexus_beta,usr_616,agt_10,"SELECT status, created_at FROM orders WHERE id = 53884",SELECT,orders,745,0.8592,sales_performance,200
sess_1116,2026-05-27 17:49:26,ent_nexus_beta,usr_616,agt_10,"SELECT base_salary, MAX(id) FROM employee_salaries GROUP BY base_salary",AGGREGATION,employee_salaries,3221,0.9483,schema_audit,200
sess_1117,2026-04-27 13:43:36,ent_nexus_beta,usr_617,agt_11,UPDATE inventory SET stock = '7478' WHERE id = 3266,UPDATE,inventory,179,0.9067,inventory_check,200
sess_1117,2026-04-27 13:43:46,ent_nexus_beta,usr_617,agt_11,"SELECT sku, updated_at FROM inventory WHERE id = 50976",SELECT,inventory,36,0.8552,inventory_check,200
sess_1117,2026-04-27 13:47:03,ent_nexus_beta,usr_617,agt_11,"SELECT stock, COUNT(*) FROM inventory GROUP BY stock",AGGREGATION,inventory,632,0.9014,inventory_check,200
sess_1117,2026-04-27 13:51:00,ent_nexus_beta,usr_617,agt_11,"SELECT inventory.id, products.id FROM inventory JOIN products ON inventory.id = products.id",JOIN,"inventory,products",2759,0.9276,inventory_check,200
sess_1117,2026-04-27 13:52:49,ent_nexus_beta,usr_617,agt_11,"SELECT sku, warehouse FROM inventory WHERE id = 62329",SELECT,inventory,237,0.8595,inventory_check,200
sess_1117,2026-04-27 13:54:09,ent_nexus_beta,usr_617,agt_11,"SELECT id, category FROM products WHERE id = 61809",SELECT,products,1283,0.8322,inventory_check,200
sess_1117,2026-04-27 14:01:36,ent_nexus_beta,usr_617,agt_11,"SELECT id, category FROM products WHERE id = 80164",SELECT,products,48,0.7865,inventory_check,200
sess_1117,2026-04-27 14:02:33,ent_nexus_beta,usr_617,agt_11,"SELECT stock, SUM(amount) FROM inventory GROUP BY stock",AGGREGATION,inventory,5915,0.859,inventory_check,200
sess_1117,2026-04-27 14:05:26,ent_nexus_beta,usr_617,agt_11,"SELECT inventory.id, products.id FROM inventory JOIN products ON inventory.id = products.id",JOIN,"inventory,products",924,0.5954,inventory_check,200
sess_1117,2026-04-27 14:08:05,ent_nexus_beta,usr_617,agt_11,"SELECT category, price FROM products WHERE id = 56906",SELECT,products,612,0.9749,inventory_check,200
sess_1117,2026-04-27 14:08:26,ent_nexus_beta,usr_617,agt_11,"SELECT id, MAX(id) FROM products GROUP BY id",AGGREGATION,products,1773,0.8882,inventory_check,200
sess_1117,2026-04-27 14:09:35,ent_nexus_beta,usr_617,agt_11,"SELECT price, category FROM products WHERE id = 71568",SELECT,products,2545,0.995,inventory_check,200
sess_1117,2026-04-27 14:11:10,ent_nexus_beta,usr_617,agt_11,"SELECT name, price FROM products WHERE id = 97730",SELECT,products,260,0.9101,inventory_check,200
sess_1117,2026-04-27 14:12:09,ent_nexus_beta,usr_617,agt_11,UPDATE products SET name = '247' WHERE id = 263,UPDATE,products,2523,0.9174,inventory_check,200
sess_1118,2026-05-10 16:36:18,ent_corp_alpha,usr_618,agt_10,"SELECT name, created_at FROM customers WHERE id = 70698",SELECT,customers,171,0.995,report_generation,200
sess_1118,2026-05-10 16:45:00,ent_corp_alpha,usr_618,agt_10,"SELECT status, id FROM orders WHERE id = 13143",SELECT,orders,55,0.7587,billing_summary,200
sess_1118,2026-05-10 16:45:55,ent_corp_alpha,usr_618,agt_10,"SELECT id, method FROM billing_records WHERE id = 19792",SELECT,billing_records,1074,0.995,report_generation,200
sess_1118,2026-05-10 16:45:57,ent_corp_alpha,usr_618,agt_10,"SELECT email, COUNT(*) FROM customers GROUP BY email",AGGREGATION,customers,495,0.8976,report_generation,200
sess_1118,2026-05-10 16:48:54,ent_corp_alpha,usr_618,agt_10,"SELECT orders.id, products.id FROM orders JOIN products ON orders.id = products.id",JOIN,"orders,products",433,0.8681,report_generation,200
sess_1118,2026-05-10 16:49:16,ent_corp_alpha,usr_618,agt_10,"SELECT id, category FROM products WHERE id = 27598",SELECT,products,282,0.9857,report_generation,200
sess_1118,2026-05-10 16:49:26,ent_corp_alpha,usr_618,agt_10,"SELECT id, MAX(id) FROM products GROUP BY id",AGGREGATION,products,2143,0.977,sales_performance,200
sess_1118,2026-05-10 16:54:31,ent_corp_alpha,usr_618,agt_10,"SELECT customers.id, billing_records.id FROM customers JOIN billing_records ON customers.id = billing_records.id",JOIN,"customers,billing_records",706,0.9145,report_generation,200
sess_1118,2026-05-10 16:59:19,ent_corp_alpha,usr_618,agt_10,UPDATE products SET price = '4816' WHERE id = 4811,UPDATE,products,277,0.7225,report_generation,200
sess_1118,2026-05-10 17:00:21,ent_corp_alpha,usr_618,agt_10,"SELECT month, amount FROM billing_records WHERE id = 21325",SELECT,billing_records,137,0.8883,report_generation,200
sess_1118,2026-05-10 17:00:44,ent_corp_alpha,usr_618,agt_10,"SELECT user_id, AVG(amount) FROM page_views GROUP BY user_id",AGGREGATION,page_views,6961,0.9759,compensation_review,200
sess_1118,2026-05-10 17:01:03,ent_corp_alpha,usr_618,agt_10,"SELECT id, AVG(amount) FROM products GROUP BY id",AGGREGATION,products,3920,0.995,report_generation,200
sess_1118,2026-05-10 17:01:22,ent_corp_alpha,usr_618,agt_10,"SELECT region, name FROM customers WHERE id = 25061",SELECT,customers,398,0.8282,report_generation,200
sess_1118,2026-05-10 17:05:53,ent_corp_alpha,usr_618,agt_10,"SELECT email, created_at FROM customers WHERE id = 49262",SELECT,customers,209,0.8688,report_generation,200
sess_1118,2026-05-10 17:07:57,ent_corp_alpha,usr_618,agt_10,"SELECT id, status FROM orders WHERE id = 58021",SELECT,orders,506,0.9019,report_generation,200
sess_1119,2026-05-11 14:08:14,ent_corp_alpha,usr_619,agt_3,UPDATE customers SET region = '7780' WHERE id = 6178,UPDATE,customers,44,0.995,order_management,200
sess_1119,2026-05-11 14:10:41,ent_corp_alpha,usr_619,agt_3,"SELECT customer_id, status FROM orders WHERE id = 84342",SELECT,orders,227,0.8492,order_management,403
sess_1119,2026-05-11 14:12:23,ent_corp_alpha,usr_619,agt_3,"SELECT created_at, AVG(amount) FROM customers GROUP BY created_at",AGGREGATION,customers,10256,0.995,order_management,200
sess_1119,2026-05-11 14:12:25,ent_corp_alpha,usr_619,agt_3,"SELECT order_id, id FROM shipments WHERE id = 48182",SELECT,shipments,67,0.7952,order_management,403
sess_1119,2026-05-11 14:13:24,ent_corp_alpha,usr_619,agt_3,"SELECT carrier, order_id FROM shipments WHERE id = 2332",SELECT,shipments,7175,0.9946,order_management,200
sess_1119,2026-05-11 14:17:09,ent_corp_alpha,usr_619,agt_3,"SELECT carrier, MAX(id) FROM shipments GROUP BY carrier",AGGREGATION,shipments,19696,0.8953,order_management,200
sess_1119,2026-05-11 14:17:38,ent_corp_alpha,usr_619,agt_3,"SELECT email, name FROM customers WHERE id = 90473",SELECT,customers,155,0.844,order_management,200
sess_1119,2026-05-11 14:18:04,ent_corp_alpha,usr_619,agt_3,UPDATE orders SET amount = '8399' WHERE id = 224,UPDATE,orders,613,0.9226,order_management,200
sess_1119,2026-05-11 14:18:17,ent_corp_alpha,usr_619,agt_3,"SELECT order_id, id FROM shipments WHERE id = 77065",SELECT,shipments,114,0.8078,order_management,200
sess_1119,2026-05-11 14:19:53,ent_corp_alpha,usr_619,agt_3,"SELECT name, AVG(amount) FROM customers GROUP BY name",AGGREGATION,customers,5480,0.8736,order_management,200
sess_1119,2026-05-11 14:22:09,ent_corp_alpha,usr_619,agt_3,"SELECT orders.id, customers.id FROM orders JOIN customers ON orders.id = customers.id",JOIN,"orders,customers",948,0.9432,order_management,200
sess_1119,2026-05-11 14:22:21,ent_corp_alpha,usr_619,agt_3,"SELECT customer_id, COUNT(*) FROM orders GROUP BY customer_id",AGGREGATION,orders,4483,0.828,order_management,200
sess_1119,2026-05-11 14:22:57,ent_corp_alpha,usr_619,agt_3,"SELECT region, email FROM customers WHERE id = 99482",SELECT,customers,660,0.8088,order_management,200
sess_1120,2026-05-21 13:39:00,ent_apex_gamma,usr_620,agt_7,"SELECT id, AVG(amount) FROM products GROUP BY id",AGGREGATION,products,3435,0.8574,inventory_check,200
sess_1120,2026-05-21 13:44:59,ent_apex_gamma,usr_620,agt_7,UPDATE shipments SET id = '5048' WHERE id = 32,UPDATE,shipments,94,0.8503,inventory_check,200
sess_1120,2026-05-21 13:54:22,ent_apex_gamma,usr_620,agt_7,"SELECT updated_at, stock FROM inventory WHERE id = 79680",SELECT,inventory,488,0.9251,inventory_check,200
sess_1120,2026-05-21 13:54:47,ent_apex_gamma,usr_620,agt_7,"SELECT order_id, id FROM shipments WHERE id = 63315",SELECT,shipments,232,0.8468,inventory_check,200
sess_1120,2026-05-21 13:57:39,ent_apex_gamma,usr_620,agt_7,"SELECT price, id FROM products WHERE id = 1191",SELECT,products,351,0.7624,inventory_check,200
sess_1120,2026-05-21 13:58:45,ent_apex_gamma,usr_620,agt_7,"SELECT order_id, eta FROM shipments WHERE id = 64520",SELECT,shipments,3596,0.8076,inventory_check,200
sess_1120,2026-05-21 13:59:02,ent_apex_gamma,usr_620,agt_7,"SELECT eta, id FROM shipments WHERE id = 15746",SELECT,shipments,3769,0.995,inventory_check,200
sess_1120,2026-05-21 14:01:25,ent_apex_gamma,usr_620,agt_7,"SELECT sku, AVG(amount) FROM inventory GROUP BY sku",AGGREGATION,inventory,887,0.9071,inventory_check,200
sess_1120,2026-05-21 14:02:58,ent_apex_gamma,usr_620,agt_7,"SELECT order_id, carrier FROM shipments WHERE id = 69137",SELECT,shipments,120,0.876,inventory_check,200
sess_1120,2026-05-21 14:03:39,ent_apex_gamma,usr_620,agt_7,"SELECT id, warehouse FROM inventory WHERE id = 29283",SELECT,inventory,452,0.9696,inventory_check,200
sess_1120,2026-05-21 14:05:39,ent_apex_gamma,usr_620,agt_7,"SELECT shipments.id, inventory.id FROM shipments JOIN inventory ON shipments.id = inventory.id",JOIN,"shipments,inventory",546,0.7528,inventory_check,200
sess_1121,2026-05-18 17:16:48,ent_nexus_beta,usr_621,agt_10,"SELECT category, SUM(amount) FROM products GROUP BY category",AGGREGATION,products,15601,0.7163,inventory_check,200
sess_1121,2026-05-18 17:17:26,ent_nexus_beta,usr_621,agt_10,"SELECT sku, id FROM inventory WHERE id = 2206",SELECT,inventory,167,0.7902,inventory_check,200
sess_1121,2026-05-18 17:19:23,ent_nexus_beta,usr_621,agt_10,"SELECT id, price FROM products WHERE id = 30824",SELECT,products,2432,0.9512,inventory_check,200
sess_1121,2026-05-18 17:30:22,ent_nexus_beta,usr_621,agt_10,"SELECT name, SUM(amount) FROM products GROUP BY name",AGGREGATION,products,3875,0.6347,inventory_check,200
sess_1121,2026-05-18 17:30:37,ent_nexus_beta,usr_621,agt_10,"SELECT products.id, inventory.id FROM products JOIN inventory ON products.id = inventory.id",JOIN,"products,inventory",2846,0.8707,inventory_check,200
sess_1121,2026-05-18 17:34:11,ent_nexus_beta,usr_621,agt_10,"SELECT name, category FROM products WHERE id = 30771",SELECT,products,210,0.944,inventory_check,200
sess_1121,2026-05-18 17:37:21,ent_nexus_beta,usr_621,agt_10,"SELECT products.id, inventory.id FROM products JOIN inventory ON products.id = inventory.id",JOIN,"products,inventory",507,0.8608,inventory_check,500
sess_1121,2026-05-18 17:37:57,ent_nexus_beta,usr_621,agt_10,"SELECT name, category FROM products WHERE id = 13613",SELECT,products,1759,0.9286,inventory_check,200
sess_1121,2026-05-18 17:40:32,ent_nexus_beta,usr_621,agt_10,"SELECT category, price FROM products WHERE id = 14105",SELECT,products,180,0.995,inventory_check,200
sess_1121,2026-05-18 17:42:20,ent_nexus_beta,usr_621,agt_10,"SELECT updated_at, COUNT(*) FROM inventory GROUP BY updated_at",AGGREGATION,inventory,3649,0.9238,inventory_check,200
sess_1121,2026-05-18 17:46:30,ent_nexus_beta,usr_621,agt_10,"SELECT updated_at, stock FROM inventory WHERE id = 21563",SELECT,inventory,289,0.7317,inventory_check,200
sess_1121,2026-05-18 17:46:41,ent_nexus_beta,usr_621,agt_10,"SELECT category, price FROM products WHERE id = 1130",SELECT,products,178,0.9076,inventory_check,200
sess_1122,2026-05-23 16:54:38,ent_corp_alpha,usr_622,agt_2,"SELECT inventory.id, products.id FROM inventory JOIN products ON inventory.id = products.id",JOIN,"inventory,products",304,0.8253,inventory_check,200
sess_1122,2026-05-23 16:59:11,ent_corp_alpha,usr_622,agt_2,"SELECT shipments.id, inventory.id FROM shipments JOIN inventory ON shipments.id = inventory.id",JOIN,"shipments,inventory",1159,0.9022,inventory_check,200
sess_1122,2026-05-23 17:00:43,ent_corp_alpha,usr_622,agt_2,"SELECT updated_at, warehouse FROM inventory WHERE id = 9623",SELECT,inventory,96,0.7852,inventory_check,200
sess_1122,2026-05-23 17:02:46,ent_corp_alpha,usr_622,agt_2,"SELECT shipments.id, products.id FROM shipments JOIN products ON shipments.id = products.id",JOIN,"shipments,products",790,0.9809,inventory_check,200
sess_1122,2026-05-23 17:03:46,ent_corp_alpha,usr_622,agt_2,"SELECT id, carrier FROM shipments WHERE id = 41726",SELECT,shipments,300,0.9296,inventory_check,200
sess_1122,2026-05-23 17:03:48,ent_corp_alpha,usr_622,agt_2,"SELECT carrier, id FROM shipments WHERE id = 98757",SELECT,shipments,217,0.995,inventory_check,200
sess_1122,2026-05-23 17:05:24,ent_corp_alpha,usr_622,agt_2,"SELECT price, category FROM products WHERE id = 35918",SELECT,products,1911,0.8104,inventory_check,200
sess_1122,2026-05-23 17:07:47,ent_corp_alpha,usr_622,agt_2,"SELECT id, stock FROM inventory WHERE id = 98526",SELECT,inventory,52,0.995,inventory_check,200
sess_1122,2026-05-23 17:08:51,ent_corp_alpha,usr_622,agt_2,"SELECT name, price FROM products WHERE id = 91038",SELECT,products,98,0.8859,inventory_check,200
sess_1122,2026-05-23 17:09:40,ent_corp_alpha,usr_622,agt_2,UPDATE shipments SET carrier = '2629' WHERE id = 1561,UPDATE,shipments,1688,0.7905,inventory_check,403
sess_1122,2026-05-23 17:12:15,ent_corp_alpha,usr_622,agt_2,UPDATE shipments SET order_id = '8377' WHERE id = 7614,UPDATE,shipments,375,0.9365,inventory_check,200
sess_1122,2026-05-23 17:17:29,ent_corp_alpha,usr_622,agt_2,"SELECT id, carrier FROM shipments WHERE id = 66755",SELECT,shipments,149,0.9597,inventory_check,200
sess_1122,2026-05-23 17:17:57,ent_corp_alpha,usr_622,agt_2,"SELECT id, SUM(amount) FROM inventory GROUP BY id",AGGREGATION,inventory,2441,0.9348,inventory_check,200
sess_1122,2026-05-23 17:19:32,ent_corp_alpha,usr_622,agt_2,"SELECT id, category FROM products WHERE id = 94267",SELECT,products,1897,0.9029,inventory_check,200
sess_1123,2026-05-09 02:17:16,ent_nexus_beta,usr_623,agt_9,"SELECT id, SUM(amount) FROM orders GROUP BY id",AGGREGATION,orders,4294,0.7566,order_management,200
sess_1123,2026-05-09 02:18:08,ent_nexus_beta,usr_623,agt_9,"SELECT email, created_at FROM customers WHERE id = 22475",SELECT,customers,3111,0.8682,order_management,200
sess_1123,2026-05-09 02:19:03,ent_nexus_beta,usr_623,agt_9,"SELECT eta, id FROM shipments WHERE id = 71020",SELECT,shipments,348,0.8555,order_management,200
sess_1123,2026-05-09 02:19:52,ent_nexus_beta,usr_623,agt_9,"SELECT shipments.id, customers.id FROM shipments JOIN customers ON shipments.id = customers.id",JOIN,"shipments,customers",3122,0.8445,order_management,200
sess_1123,2026-05-09 02:21:57,ent_nexus_beta,usr_623,agt_9,"SELECT email, id FROM customers WHERE id = 69508",SELECT,customers,369,0.9907,order_management,200
sess_1123,2026-05-09 02:23:03,ent_nexus_beta,usr_623,agt_9,"SELECT carrier, order_id FROM shipments WHERE id = 31653",SELECT,shipments,78,0.8169,order_management,200
sess_1123,2026-05-09 02:26:11,ent_nexus_beta,usr_623,agt_9,"SELECT id, name FROM customers WHERE id = 82076",SELECT,customers,608,0.9274,order_management,200
sess_1123,2026-05-09 02:26:33,ent_nexus_beta,usr_623,agt_9,"SELECT carrier, order_id FROM shipments WHERE id = 61325",SELECT,shipments,467,0.7718,order_management,200
sess_1123,2026-05-09 02:28:55,ent_nexus_beta,usr_623,agt_9,"SELECT region, name FROM customers WHERE id = 81627",SELECT,customers,172,0.8837,order_management,200
sess_1123,2026-05-09 02:31:49,ent_nexus_beta,usr_623,agt_9,"SELECT created_at, id FROM customers WHERE id = 73909",SELECT,customers,894,0.9265,order_management,200
sess_1123,2026-05-09 02:32:20,ent_nexus_beta,usr_623,agt_9,"SELECT id, eta FROM shipments WHERE id = 60289",SELECT,shipments,263,0.9618,order_management,200
sess_1123,2026-05-09 02:32:29,ent_nexus_beta,usr_623,agt_9,"SELECT eta, id FROM shipments WHERE id = 59061",SELECT,shipments,117,0.9602,order_management,200
sess_1123,2026-05-09 02:33:17,ent_nexus_beta,usr_623,agt_9,"SELECT order_id, eta FROM shipments WHERE id = 37914",SELECT,shipments,184,0.9934,order_management,200
sess_1123,2026-05-09 02:37:32,ent_nexus_beta,usr_623,agt_9,"SELECT status, customer_id FROM orders WHERE id = 82896",SELECT,orders,1092,0.9654,order_management,200
sess_1124,2026-05-07 03:24:45,ent_nexus_beta,usr_624,agt_1,"SELECT id, MAX(id) FROM shipments GROUP BY id",AGGREGATION,shipments,897,0.995,inventory_check,200
sess_1124,2026-05-07 03:24:51,ent_nexus_beta,usr_624,agt_1,"SELECT id, COUNT(*) FROM inventory GROUP BY id",AGGREGATION,inventory,175,0.939,inventory_check,200
sess_1124,2026-05-07 03:28:00,ent_nexus_beta,usr_624,agt_1,"SELECT eta, AVG(amount) FROM shipments GROUP BY eta",AGGREGATION,shipments,7799,0.9316,inventory_check,200
sess_1124,2026-05-07 03:28:16,ent_nexus_beta,usr_624,agt_1,"SELECT warehouse, id FROM inventory WHERE id = 28354",SELECT,inventory,1576,0.8963,inventory_check,200
sess_1124,2026-05-07 03:30:19,ent_nexus_beta,usr_624,agt_1,"SELECT id, MAX(id) FROM products GROUP BY id",AGGREGATION,products,240,0.7224,inventory_check,200
sess_1124,2026-05-07 03:32:57,ent_nexus_beta,usr_624,agt_1,"SELECT sku, id FROM inventory WHERE id = 8361",SELECT,inventory,1366,0.8082,inventory_check,200
sess_1124,2026-05-07 03:37:03,ent_nexus_beta,usr_624,agt_1,"SELECT secret_hash, id FROM system_credentials WHERE id = 61512",SELECT,system_credentials,98,0.4718,inventory_check,200
sess_1124,2026-05-07 03:37:08,ent_nexus_beta,usr_624,agt_1,"SELECT id, AVG(amount) FROM shipments GROUP BY id",AGGREGATION,shipments,865,0.9444,inventory_check,200
sess_1124,2026-05-07 03:38:24,ent_nexus_beta,usr_624,agt_1,"SELECT id, SUM(amount) FROM products GROUP BY id",AGGREGATION,products,498,0.8494,inventory_check,200
sess_1124,2026-05-07 03:38:27,ent_nexus_beta,usr_624,agt_1,"SELECT sku, COUNT(*) FROM inventory GROUP BY sku",AGGREGATION,inventory,3837,0.9526,inventory_check,200
sess_1124,2026-05-07 03:40:49,ent_nexus_beta,usr_624,agt_1,"SELECT updated_at, stock FROM inventory WHERE id = 10666",SELECT,inventory,3600,0.995,inventory_check,200
sess_1124,2026-05-07 03:41:18,ent_nexus_beta,usr_624,agt_1,"SELECT eta, carrier FROM shipments WHERE id = 53898",SELECT,shipments,386,0.8079,inventory_check,200
sess_1124,2026-05-07 03:41:21,ent_nexus_beta,usr_624,agt_1,"SELECT price, category FROM products WHERE id = 28662",SELECT,products,6136,0.8905,inventory_check,200
sess_1124,2026-05-07 03:41:28,ent_nexus_beta,usr_624,agt_1,"SELECT sku, SUM(amount) FROM inventory GROUP BY sku",AGGREGATION,inventory,238,0.9869,inventory_check,200
sess_1125,2026-05-05 04:55:32,ent_corp_alpha,usr_625,agt_7,"SELECT year, total_comp FROM executive_compensation WHERE id = 8258",SELECT,executive_compensation,575,0.9233,compensation_review,200
sess_1125,2026-05-05 04:55:34,ent_corp_alpha,usr_625,agt_7,"SELECT bonus, employee_id FROM employee_salaries WHERE id = 78886",SELECT,employee_salaries,74,0.995,compensation_review,200
sess_1125,2026-05-05 04:55:44,ent_corp_alpha,usr_625,agt_7,"SELECT executive_compensation.id, employee_salaries.id FROM executive_compensation JOIN employee_salaries ON executive_compensation.id = employee_salaries.id",JOIN,"executive_compensation,employee_salaries",1078,0.995,compensation_review,200
sess_1125,2026-05-05 04:55:48,ent_corp_alpha,usr_625,agt_7,"SELECT equity, exec_id FROM executive_compensation WHERE id = 70526",SELECT,executive_compensation,55,0.9797,compensation_review,200
sess_1125,2026-05-05 04:56:24,ent_corp_alpha,usr_625,agt_7,"SELECT grade, bonus FROM employee_salaries WHERE id = 54268",SELECT,employee_salaries,52,0.7958,compensation_review,200
sess_1125,2026-05-05 04:58:49,ent_corp_alpha,usr_625,agt_7,"SELECT employee_id, id FROM employee_salaries WHERE id = 58727",SELECT,employee_salaries,300,0.995,compensation_review,200
sess_1125,2026-05-05 05:03:42,ent_corp_alpha,usr_625,agt_7,"SELECT total_comp, exec_id FROM executive_compensation WHERE id = 37000",SELECT,executive_compensation,65,0.9384,compensation_review,200
sess_1125,2026-05-05 05:04:44,ent_corp_alpha,usr_625,agt_7,UPDATE employee_salaries SET base_salary = '5554' WHERE id = 8956,UPDATE,employee_salaries,212,0.9204,compensation_review,200
sess_1125,2026-05-05 05:07:41,ent_corp_alpha,usr_625,agt_7,"SELECT exec_id, id FROM executive_compensation WHERE id = 15796",SELECT,executive_compensation,51,0.8207,compensation_review,200
sess_1126,2026-05-01 07:19:52,ent_corp_alpha,usr_626,agt_8,"SELECT name, price FROM products WHERE id = 63563",SELECT,products,2278,0.8126,inventory_check,200
sess_1126,2026-05-01 07:20:42,ent_corp_alpha,usr_626,agt_8,"SELECT warehouse, sku FROM inventory WHERE id = 57567",SELECT,inventory,4297,0.8806,inventory_check,200
sess_1126,2026-05-01 07:20:44,ent_corp_alpha,usr_626,agt_8,"SELECT name, MAX(id) FROM products GROUP BY name",AGGREGATION,products,8552,0.7836,inventory_check,200
sess_1126,2026-05-01 07:21:27,ent_corp_alpha,usr_626,agt_8,"SELECT id, category FROM products WHERE id = 43265",SELECT,products,1535,0.9395,inventory_check,500
sess_1126,2026-05-01 07:22:07,ent_corp_alpha,usr_626,agt_8,"SELECT products.id, inventory.id FROM products JOIN inventory ON products.id = inventory.id",JOIN,"products,inventory",1426,0.7872,inventory_check,200
sess_1126,2026-05-01 07:22:44,ent_corp_alpha,usr_626,agt_8,"SELECT stock, AVG(amount) FROM inventory GROUP BY stock",AGGREGATION,inventory,15164,0.9434,inventory_check,200
sess_1126,2026-05-01 07:24:15,ent_corp_alpha,usr_626,agt_8,"SELECT stock, warehouse FROM inventory WHERE id = 9379",SELECT,inventory,1579,0.7609,inventory_check,200
sess_1126,2026-05-01 07:25:51,ent_corp_alpha,usr_626,agt_8,"SELECT name, MAX(id) FROM products GROUP BY name",AGGREGATION,products,3953,0.9059,inventory_check,200
sess_1126,2026-05-01 07:26:37,ent_corp_alpha,usr_626,agt_8,UPDATE products SET category = '6896' WHERE id = 2907,UPDATE,products,65,0.8045,inventory_check,200
sess_1126,2026-05-01 07:31:14,ent_corp_alpha,usr_626,agt_8,"SELECT category, id FROM products WHERE id = 24849",SELECT,products,29,0.995,inventory_check,200
sess_1126,2026-05-01 07:32:17,ent_corp_alpha,usr_626,agt_8,"SELECT id, category FROM products WHERE id = 20452",SELECT,products,2118,0.9088,inventory_check,200
sess_1126,2026-05-01 07:33:40,ent_corp_alpha,usr_626,agt_8,UPDATE inventory SET id = '2094' WHERE id = 9989,UPDATE,inventory,189,0.8486,inventory_check,200
sess_1126,2026-05-01 07:34:00,ent_corp_alpha,usr_626,agt_8,"SELECT category, id FROM products WHERE id = 101",SELECT,products,22,0.995,inventory_check,200
sess_1127,2026-04-29 11:15:48,ent_corp_alpha,usr_627,agt_10,"SELECT name, category FROM products WHERE id = 31502",SELECT,products,1530,0.9545,report_generation,200
sess_1127,2026-04-29 11:18:03,ent_corp_alpha,usr_627,agt_10,"SELECT billing_records.id, page_views.id FROM billing_records JOIN page_views ON billing_records.id = page_views.id",JOIN,"billing_records,page_views",499,0.9893,report_generation,200
sess_1127,2026-04-29 11:19:04,ent_corp_alpha,usr_627,agt_10,"SELECT amount, created_at FROM orders WHERE id = 31842",SELECT,orders,1247,0.8335,report_generation,200
sess_1127,2026-04-29 11:21:17,ent_corp_alpha,usr_627,agt_10,"SELECT customer_id, month FROM billing_records WHERE id = 93883",SELECT,billing_records,656,0.995,report_generation,200
sess_1127,2026-04-29 11:22:07,ent_corp_alpha,usr_627,agt_10,"SELECT customer_id, created_at FROM orders WHERE id = 13538",SELECT,orders,950,0.8737,report_generation,200
sess_1127,2026-04-29 11:23:24,ent_corp_alpha,usr_627,agt_10,"SELECT amount, customer_id FROM billing_records WHERE id = 44396",SELECT,billing_records,508,0.995,report_generation,200
sess_1127,2026-04-29 11:25:26,ent_corp_alpha,usr_627,agt_10,"SELECT name, price FROM products WHERE id = 56278",SELECT,products,2025,0.8863,report_generation,200
sess_1127,2026-04-29 11:25:50,ent_corp_alpha,usr_627,agt_10,"SELECT month, SUM(amount) FROM billing_records GROUP BY month",AGGREGATION,billing_records,1822,0.8695,report_generation,200
sess_1127,2026-04-29 11:25:56,ent_corp_alpha,usr_627,agt_10,"SELECT customer_id, amount FROM orders WHERE id = 33888",SELECT,orders,206,0.8993,report_generation,200
sess_1127,2026-04-29 11:26:12,ent_corp_alpha,usr_627,agt_10,"SELECT customers.id, orders.id FROM customers JOIN orders ON customers.id = orders.id",JOIN,"customers,orders",262,0.7768,report_generation,200
sess_1127,2026-04-29 11:27:26,ent_corp_alpha,usr_627,agt_10,"SELECT amount, id FROM billing_records WHERE id = 46904",SELECT,billing_records,2194,0.8438,schema_audit,200
sess_1127,2026-04-29 11:29:39,ent_corp_alpha,usr_627,agt_10,"SELECT id, name FROM customers WHERE id = 72870",SELECT,customers,150,0.995,schema_audit,200
sess_1127,2026-04-29 11:32:00,ent_corp_alpha,usr_627,agt_10,"SELECT updated_at, warehouse FROM inventory WHERE id = 1347",SELECT,inventory,1400,0.8014,schema_audit,200
sess_1127,2026-04-29 11:33:17,ent_corp_alpha,usr_627,agt_10,"SELECT status, SUM(amount) FROM orders GROUP BY status",AGGREGATION,orders,2613,0.8808,schema_audit,200
sess_1127,2026-04-29 11:33:21,ent_corp_alpha,usr_627,agt_10,"SELECT customer_id, amount FROM orders WHERE id = 43676",SELECT,orders,2499,0.9005,schema_audit,200
sess_1127,2026-04-29 11:38:20,ent_corp_alpha,usr_627,agt_10,"SELECT price, category FROM products WHERE id = 32114",SELECT,products,250,0.9909,schema_audit,200
sess_1128,2026-05-07 10:30:45,ent_corp_alpha,usr_628,agt_5,"SELECT id, total_comp FROM executive_compensation WHERE id = 50808",SELECT,executive_compensation,54,0.9726,compensation_review,200
sess_1128,2026-05-07 10:31:24,ent_corp_alpha,usr_628,agt_5,"SELECT equity, total_comp FROM executive_compensation WHERE id = 75067",SELECT,executive_compensation,750,0.7195,compensation_review,200
sess_1128,2026-05-07 10:32:17,ent_corp_alpha,usr_628,agt_5,"SELECT employee_salaries.id, executive_compensation.id FROM employee_salaries JOIN executive_compensation ON employee_salaries.id = executive_compensation.id",JOIN,"employee_salaries,executive_compensation",1574,0.8764,compensation_review,200
sess_1128,2026-05-07 10:34:23,ent_corp_alpha,usr_628,agt_5,"SELECT base_salary, SUM(amount) FROM employee_salaries GROUP BY base_salary",AGGREGATION,employee_salaries,1843,0.8747,compensation_review,200
sess_1128,2026-05-07 10:35:03,ent_corp_alpha,usr_628,agt_5,UPDATE executive_compensation SET id = '1734' WHERE id = 2140,UPDATE,executive_compensation,470,0.8812,compensation_review,200
sess_1128,2026-05-07 10:35:08,ent_corp_alpha,usr_628,agt_5,"SELECT equity, year FROM executive_compensation WHERE id = 88097",SELECT,executive_compensation,163,0.8133,compensation_review,200
sess_1128,2026-05-07 10:37:34,ent_corp_alpha,usr_628,agt_5,"SELECT total_comp, exec_id FROM executive_compensation WHERE id = 11560",SELECT,executive_compensation,1077,0.967,compensation_review,200
sess_1128,2026-05-07 10:37:46,ent_corp_alpha,usr_628,agt_5,"SELECT total_comp, id FROM executive_compensation WHERE id = 60181",SELECT,executive_compensation,116,0.9932,compensation_review,200
sess_1128,2026-05-07 10:39:10,ent_corp_alpha,usr_628,agt_5,"SELECT grade, COUNT(*) FROM employee_salaries GROUP BY grade",AGGREGATION,employee_salaries,10476,0.6421,compensation_review,200
sess_1128,2026-05-07 10:41:55,ent_corp_alpha,usr_628,agt_5,"SELECT grade, bonus FROM employee_salaries WHERE id = 58839",SELECT,employee_salaries,59,0.9559,compensation_review,200
sess_1128,2026-05-07 10:44:44,ent_corp_alpha,usr_628,agt_5,"SELECT id, COUNT(*) FROM employee_salaries GROUP BY id",AGGREGATION,employee_salaries,3799,0.8703,compensation_review,200
sess_1128,2026-05-07 10:47:22,ent_corp_alpha,usr_628,agt_5,"SELECT grade, employee_id FROM employee_salaries WHERE id = 25706",SELECT,employee_salaries,645,0.7313,compensation_review,200
sess_1128,2026-05-07 10:49:10,ent_corp_alpha,usr_628,agt_5,"SELECT exec_id, MAX(id) FROM executive_compensation GROUP BY exec_id",AGGREGATION,executive_compensation,28074,0.9814,compensation_review,200
sess_1128,2026-05-07 10:49:16,ent_corp_alpha,usr_628,agt_5,"SELECT employee_id, base_salary FROM employee_salaries WHERE id = 5857",SELECT,employee_salaries,362,0.8783,compensation_review,200
sess_1128,2026-05-07 10:49:33,ent_corp_alpha,usr_628,agt_5,"SELECT equity, exec_id FROM executive_compensation WHERE id = 53190",SELECT,executive_compensation,226,0.995,compensation_review,200
sess_1128,2026-05-07 10:50:38,ent_corp_alpha,usr_628,agt_5,"SELECT base_salary, SUM(amount) FROM employee_salaries GROUP BY base_salary",AGGREGATION,employee_salaries,1152,0.8158,compensation_review,200
sess_1128,2026-05-07 10:53:42,ent_corp_alpha,usr_628,agt_5,"SELECT exec_id, id FROM executive_compensation WHERE id = 92161",SELECT,executive_compensation,363,0.9006,compensation_review,200
sess_1128,2026-05-07 10:57:40,ent_corp_alpha,usr_628,agt_5,"SELECT id, total_comp FROM executive_compensation WHERE id = 47885",SELECT,executive_compensation,730,0.7833,compensation_review,200
sess_1129,2026-05-11 11:41:19,ent_apex_gamma,usr_629,agt_8,"SELECT eta, order_id FROM shipments WHERE id = 78215",SELECT,shipments,3576,0.9113,order_management,200
sess_1129,2026-05-11 11:45:24,ent_apex_gamma,usr_629,agt_8,"SELECT status, AVG(amount) FROM orders GROUP BY status",AGGREGATION,orders,2650,0.8877,order_management,200
sess_1129,2026-05-11 11:46:39,ent_apex_gamma,usr_629,agt_8,"SELECT id, SUM(amount) FROM orders GROUP BY id",AGGREGATION,orders,3138,0.9411,order_management,200
sess_1129,2026-05-11 11:47:03,ent_apex_gamma,usr_629,agt_8,"SELECT created_at, SUM(amount) FROM customers GROUP BY created_at",AGGREGATION,customers,3794,0.7835,order_management,200
sess_1129,2026-05-11 11:47:56,ent_apex_gamma,usr_629,agt_8,"SELECT amount, customer_id FROM orders WHERE id = 9891",SELECT,orders,899,0.931,order_management,200
sess_1129,2026-05-11 11:49:49,ent_apex_gamma,usr_629,agt_8,"SELECT customer_id, AVG(amount) FROM orders GROUP BY customer_id",AGGREGATION,orders,17909,0.8548,order_management,200
sess_1129,2026-05-11 11:51:19,ent_apex_gamma,usr_629,agt_8,"SELECT orders.id, shipments.id FROM orders JOIN shipments ON orders.id = shipments.id",JOIN,"orders,shipments",1354,0.6395,order_management,200
sess_1129,2026-05-11 11:56:37,ent_apex_gamma,usr_629,agt_8,"SELECT email, AVG(amount) FROM customers GROUP BY email",AGGREGATION,customers,5775,0.8712,order_management,200
sess_1129,2026-05-11 12:01:01,ent_apex_gamma,usr_629,agt_8,"SELECT customers.id, orders.id FROM customers JOIN orders ON customers.id = orders.id",JOIN,"customers,orders",881,0.9704,order_management,200
sess_1129,2026-05-11 12:05:04,ent_apex_gamma,usr_629,agt_8,"SELECT customer_id, SUM(amount) FROM orders GROUP BY customer_id",AGGREGATION,orders,27860,0.8995,order_management,200
sess_1129,2026-05-11 12:06:47,ent_apex_gamma,usr_629,agt_8,"SELECT orders.id, shipments.id FROM orders JOIN shipments ON orders.id = shipments.id",JOIN,"orders,shipments",563,0.8163,order_management,200
sess_1129,2026-05-11 12:10:41,ent_apex_gamma,usr_629,agt_8,"SELECT customer_id, created_at FROM orders WHERE id = 63388",SELECT,orders,813,0.9354,order_management,200
sess_1129,2026-05-11 12:10:58,ent_apex_gamma,usr_629,agt_8,"SELECT status, created_at FROM orders WHERE id = 34303",SELECT,orders,523,0.995,order_management,200
sess_1130,2026-04-29 07:47:12,ent_nexus_beta,usr_630,agt_11,"SELECT status, subject FROM support_tickets WHERE id = 88704",SELECT,support_tickets,6372,0.8565,customer_lookup,200
sess_1130,2026-04-29 07:47:35,ent_nexus_beta,usr_630,agt_11,"SELECT status, amount FROM orders WHERE id = 37728",SELECT,orders,2942,0.911,customer_lookup,200
sess_1130,2026-04-29 07:48:33,ent_nexus_beta,usr_630,agt_11,"SELECT customer_id, SUM(amount) FROM orders GROUP BY customer_id",AGGREGATION,orders,11505,0.7223,customer_lookup,200
sess_1130,2026-04-29 07:51:58,ent_nexus_beta,usr_630,agt_11,"SELECT priority, customer_id FROM support_tickets WHERE id = 72310",SELECT,support_tickets,2225,0.8149,customer_lookup,200
sess_1130,2026-04-29 07:52:01,ent_nexus_beta,usr_630,agt_11,"SELECT name, email FROM customers WHERE id = 9615",SELECT,customers,948,0.5919,customer_lookup,200
sess_1130,2026-04-29 07:52:10,ent_nexus_beta,usr_630,agt_11,"SELECT subject, customer_id FROM support_tickets WHERE id = 60173",SELECT,support_tickets,2854,0.995,customer_lookup,200
sess_1130,2026-04-29 07:54:20,ent_nexus_beta,usr_630,agt_11,"SELECT id, name FROM customers WHERE id = 19010",SELECT,customers,655,0.8104,customer_lookup,200
sess_1130,2026-04-29 07:54:39,ent_nexus_beta,usr_630,agt_11,"SELECT created_at, id FROM customers WHERE id = 21391",SELECT,customers,1941,0.9872,customer_lookup,200
sess_1130,2026-04-29 07:54:46,ent_nexus_beta,usr_630,agt_11,"SELECT priority, COUNT(*) FROM support_tickets GROUP BY priority",AGGREGATION,support_tickets,757,0.995,customer_lookup,200
sess_1130,2026-04-29 08:00:55,ent_nexus_beta,usr_630,agt_11,"SELECT created_at, customer_id FROM orders WHERE id = 67818",SELECT,orders,1650,0.9857,customer_lookup,200
sess_1130,2026-04-29 08:03:30,ent_nexus_beta,usr_630,agt_11,"SELECT created_at, region FROM customers WHERE id = 62531",SELECT,customers,380,0.9761,customer_lookup,200
sess_1130,2026-04-29 08:04:42,ent_nexus_beta,usr_630,agt_11,"SELECT customer_id, created_at FROM orders WHERE id = 91613",SELECT,orders,10355,0.9577,customer_lookup,200
sess_1130,2026-04-29 08:07:13,ent_nexus_beta,usr_630,agt_11,"SELECT table_schema, table_name FROM information_schema.tables WHERE id = 17651",SELECT,information_schema.tables,83,0.6006,customer_lookup,200
sess_1130,2026-04-29 08:12:43,ent_nexus_beta,usr_630,agt_11,"SELECT role, last_login FROM users WHERE id = 27248",SELECT,users,296,0.6985,customer_lookup,200
sess_1131,2026-05-13 02:36:13,ent_nexus_beta,usr_631,agt_9,"SELECT orders.id, products.id FROM orders JOIN products ON orders.id = products.id",JOIN,"orders,products",1177,0.8634,report_generation,200
sess_1131,2026-05-13 02:36:37,ent_nexus_beta,usr_631,agt_9,"SELECT id, status FROM orders WHERE id = 39754",SELECT,orders,1232,0.7141,report_generation,200
sess_1131,2026-05-13 02:36:55,ent_nexus_beta,usr_631,agt_9,"SELECT customer_id, id FROM orders WHERE id = 97258",SELECT,orders,1925,0.7662,report_generation,200
sess_1131,2026-05-13 02:40:27,ent_nexus_beta,usr_631,agt_9,"SELECT id, amount FROM orders WHERE id = 1779",SELECT,orders,456,0.8599,report_generation,200
sess_1131,2026-05-13 02:45:39,ent_nexus_beta,usr_631,agt_9,"SELECT id, amount FROM orders WHERE id = 43570",SELECT,orders,367,0.9357,report_generation,200
sess_1131,2026-05-13 02:45:41,ent_nexus_beta,usr_631,agt_9,"SELECT id, created_at FROM customers WHERE id = 59317",SELECT,customers,149,0.5305,report_generation,200
sess_1131,2026-05-13 02:46:29,ent_nexus_beta,usr_631,agt_9,"SELECT name, id FROM products WHERE id = 41976",SELECT,products,3493,0.8646,report_generation,200
sess_1131,2026-05-13 02:49:31,ent_nexus_beta,usr_631,agt_9,UPDATE customers SET name = '3763' WHERE id = 2950,UPDATE,customers,161,0.6402,report_generation,200
sess_1131,2026-05-13 02:50:48,ent_nexus_beta,usr_631,agt_9,"SELECT id, region FROM customers WHERE id = 73419",SELECT,customers,18,0.995,report_generation,200
sess_1131,2026-05-13 02:51:45,ent_nexus_beta,usr_631,agt_9,UPDATE customers SET region = '6492' WHERE id = 6388,UPDATE,customers,79,0.995,report_generation,200
sess_1132,2026-05-21 12:27:05,ent_nexus_beta,usr_632,agt_12,"SELECT email, COUNT(*) FROM customers GROUP BY email",AGGREGATION,customers,16550,0.8729,report_generation,200
sess_1132,2026-05-21 12:27:12,ent_nexus_beta,usr_632,agt_12,"SELECT region, email FROM customers WHERE id = 55157",SELECT,customers,3985,0.7911,report_generation,200
sess_1132,2026-05-21 12:28:10,ent_nexus_beta,usr_632,agt_12,"SELECT id, region FROM customers WHERE id = 19874",SELECT,customers,29,0.8454,report_generation,200
sess_1132,2026-05-21 12:29:36,ent_nexus_beta,usr_632,agt_12,UPDATE orders SET id = '2377' WHERE id = 2981,UPDATE,orders,4440,0.7143,report_generation,200
sess_1132,2026-05-21 12:30:42,ent_nexus_beta,usr_632,agt_12,"SELECT created_at, amount FROM orders WHERE id = 96795",SELECT,orders,1541,0.7806,report_generation,200
sess_1132,2026-05-21 12:33:50,ent_nexus_beta,usr_632,agt_12,"SELECT region, id FROM customers WHERE id = 75992",SELECT,customers,157,0.9469,report_generation,200
sess_1132,2026-05-21 12:37:07,ent_nexus_beta,usr_632,agt_12,"SELECT products.id, orders.id FROM products JOIN orders ON products.id = orders.id",JOIN,"products,orders",1313,0.988,report_generation,200
sess_1132,2026-05-21 12:37:34,ent_nexus_beta,usr_632,agt_12,"SELECT id, status FROM orders WHERE id = 96975",SELECT,orders,1388,0.8161,report_generation,200
sess_1132,2026-05-21 12:37:46,ent_nexus_beta,usr_632,agt_12,UPDATE orders SET created_at = '1915' WHERE id = 4798,UPDATE,orders,188,0.8786,report_generation,200
sess_1133,2026-04-30 15:18:16,ent_corp_alpha,usr_633,agt_9,"SELECT amount, COUNT(*) FROM billing_records GROUP BY amount",AGGREGATION,billing_records,9039,0.8273,billing_summary,200
sess_1133,2026-04-30 15:21:11,ent_corp_alpha,usr_633,agt_9,"SELECT id, customer_id FROM billing_records WHERE id = 5117",SELECT,billing_records,898,0.8111,billing_summary,200
sess_1133,2026-04-30 15:25:07,ent_corp_alpha,usr_633,agt_9,"SELECT id, created_at FROM orders WHERE id = 41185",SELECT,orders,13,0.9635,billing_summary,200
sess_1133,2026-04-30 15:27:54,ent_corp_alpha,usr_633,agt_9,"SELECT amount, month FROM billing_records WHERE id = 10687",SELECT,billing_records,202,0.8594,billing_summary,200
sess_1133,2026-04-30 15:28:01,ent_corp_alpha,usr_633,agt_9,"SELECT name, COUNT(*) FROM customers GROUP BY name",AGGREGATION,customers,11134,0.9841,billing_summary,200
sess_1133,2026-04-30 15:29:20,ent_corp_alpha,usr_633,agt_9,"SELECT id, SUM(amount) FROM orders GROUP BY id",AGGREGATION,orders,18781,0.9313,billing_summary,200
sess_1133,2026-04-30 15:31:09,ent_corp_alpha,usr_633,agt_9,"SELECT status, amount FROM orders WHERE id = 13376",SELECT,orders,283,0.8389,billing_summary,200
sess_1133,2026-04-30 15:33:35,ent_corp_alpha,usr_633,agt_9,"SELECT email, name FROM customers WHERE id = 9689",SELECT,customers,111,0.8445,billing_summary,200
sess_1133,2026-04-30 15:33:59,ent_corp_alpha,usr_633,agt_9,UPDATE billing_records SET month = '4279' WHERE id = 8738,UPDATE,billing_records,1682,0.7635,billing_summary,200
sess_1133,2026-04-30 15:40:53,ent_corp_alpha,usr_633,agt_9,"SELECT billing_records.id, customers.id FROM billing_records JOIN customers ON billing_records.id = customers.id",JOIN,"billing_records,customers",1221,0.784,billing_summary,200
sess_1133,2026-04-30 15:42:22,ent_corp_alpha,usr_633,agt_9,"SELECT name, created_at FROM customers WHERE id = 30991",SELECT,customers,191,0.8708,billing_summary,200
sess_1133,2026-04-30 15:44:32,ent_corp_alpha,usr_633,agt_9,"SELECT id, SUM(amount) FROM billing_records GROUP BY id",AGGREGATION,billing_records,26451,0.8283,billing_summary,200
sess_1133,2026-04-30 15:45:54,ent_corp_alpha,usr_633,agt_9,"SELECT customers.id, billing_records.id FROM customers JOIN billing_records ON customers.id = billing_records.id",JOIN,"customers,billing_records",2831,0.7514,billing_summary,200
sess_1133,2026-04-30 15:46:21,ent_corp_alpha,usr_633,agt_9,"SELECT month, method FROM billing_records WHERE id = 7995",SELECT,billing_records,1843,0.8708,billing_summary,403
sess_1133,2026-04-30 15:49:03,ent_corp_alpha,usr_633,agt_9,"SELECT id, method FROM billing_records WHERE id = 67312",SELECT,billing_records,212,0.7708,billing_summary,200
sess_1134,2026-04-27 08:41:34,ent_apex_gamma,usr_634,agt_11,"SELECT status, customer_id FROM orders WHERE id = 49746",SELECT,orders,83,0.9269,order_management,200
sess_1134,2026-04-27 08:43:03,ent_apex_gamma,usr_634,agt_11,"SELECT carrier, eta FROM shipments WHERE id = 63201",SELECT,shipments,302,0.8374,order_management,200
sess_1134,2026-04-27 08:44:34,ent_apex_gamma,usr_634,agt_11,UPDATE orders SET customer_id = '6066' WHERE id = 8896,UPDATE,orders,128,0.995,order_management,200
sess_1134,2026-04-27 08:44:49,ent_apex_gamma,usr_634,agt_11,"SELECT id, customer_id FROM orders WHERE id = 33538",SELECT,orders,275,0.8719,order_management,200
sess_1134,2026-04-27 08:46:44,ent_apex_gamma,usr_634,agt_11,"SELECT email, MAX(id) FROM customers GROUP BY email",AGGREGATION,customers,10748,0.7888,order_management,200
sess_1134,2026-04-27 08:49:06,ent_apex_gamma,usr_634,agt_11,"SELECT status, created_at FROM orders WHERE id = 61411",SELECT,orders,120,0.9222,order_management,200
sess_1134,2026-04-27 08:50:26,ent_apex_gamma,usr_634,agt_11,UPDATE shipments SET id = '92' WHERE id = 9245,UPDATE,shipments,1599,0.7903,order_management,200
sess_1134,2026-04-27 08:51:33,ent_apex_gamma,usr_634,agt_11,"SELECT region, SUM(amount) FROM customers GROUP BY region",AGGREGATION,customers,7050,0.9414,order_management,200
sess_1134,2026-04-27 08:51:46,ent_apex_gamma,usr_634,agt_11,"SELECT name, email FROM customers WHERE id = 67648",SELECT,customers,267,0.7247,order_management,200
sess_1134,2026-04-27 08:52:48,ent_apex_gamma,usr_634,agt_11,"SELECT customer_id, id FROM orders WHERE id = 31183",SELECT,orders,80,0.8241,order_management,200
sess_1134,2026-04-27 08:54:19,ent_apex_gamma,usr_634,agt_11,"SELECT id, order_id FROM shipments WHERE id = 23303",SELECT,shipments,54,0.8713,order_management,500
sess_1134,2026-04-27 08:58:03,ent_apex_gamma,usr_634,agt_11,"SELECT month, MAX(id) FROM billing_records GROUP BY month",AGGREGATION,billing_records,993,0.9884,billing_summary,200
sess_1135,2026-05-26 07:15:43,ent_apex_gamma,usr_635,agt_4,"SELECT employee_id, bonus FROM employee_salaries WHERE id = 37215",SELECT,employee_salaries,734,0.8571,payroll_processing,200
sess_1135,2026-05-26 07:16:38,ent_apex_gamma,usr_635,agt_4,"SELECT employee_id, grade FROM employee_salaries WHERE id = 74067",SELECT,employee_salaries,116,0.7663,payroll_processing,200
sess_1135,2026-05-26 07:20:12,ent_apex_gamma,usr_635,agt_4,"SELECT employee_salaries.id, users.id FROM employee_salaries JOIN users ON employee_salaries.id = users.id",JOIN,"employee_salaries,users",420,0.9835,payroll_processing,200
sess_1135,2026-05-26 07:23:05,ent_apex_gamma,usr_635,agt_4,"SELECT bonus, employee_id FROM employee_salaries WHERE id = 58548",SELECT,employee_salaries,2946,0.995,payroll_processing,200
sess_1135,2026-05-26 07:26:02,ent_apex_gamma,usr_635,agt_4,"SELECT role, last_login FROM users WHERE id = 88142",SELECT,users,729,0.7848,payroll_processing,200
sess_1135,2026-05-26 07:30:16,ent_apex_gamma,usr_635,agt_4,"SELECT last_login, id FROM users WHERE id = 88113",SELECT,users,68,0.7214,payroll_processing,200
sess_1135,2026-05-26 07:32:03,ent_apex_gamma,usr_635,agt_4,"SELECT role, last_login FROM users WHERE id = 82514",SELECT,users,2580,0.9068,payroll_processing,200
sess_1135,2026-05-26 07:33:04,ent_apex_gamma,usr_635,agt_4,"SELECT grade, employee_id FROM employee_salaries WHERE id = 70936",SELECT,employee_salaries,58,0.995,payroll_processing,200
sess_1135,2026-05-26 07:33:06,ent_apex_gamma,usr_635,agt_4,"SELECT id, grade FROM employee_salaries WHERE id = 47804",SELECT,employee_salaries,620,0.7888,payroll_processing,200
sess_1135,2026-05-26 07:33:46,ent_apex_gamma,usr_635,agt_4,"SELECT base_salary, employee_id FROM employee_salaries WHERE id = 33941",SELECT,employee_salaries,595,0.9896,payroll_processing,200
sess_1136,2026-05-22 12:56:35,ent_apex_gamma,usr_636,agt_11,"SELECT orders.id, billing_records.id FROM orders JOIN billing_records ON orders.id = billing_records.id",JOIN,"orders,billing_records",1677,0.8213,sales_performance,200
sess_1136,2026-05-22 12:58:17,ent_apex_gamma,usr_636,agt_11,"SELECT orders.id, billing_records.id FROM orders JOIN billing_records ON orders.id = billing_records.id",JOIN,"orders,billing_records",178,0.6921,sales_performance,200
sess_1136,2026-05-22 12:58:56,ent_apex_gamma,usr_636,agt_11,"SELECT orders.id, products.id FROM orders JOIN products ON orders.id = products.id",JOIN,"orders,products",5212,0.8264,sales_performance,200
sess_1136,2026-05-22 13:01:12,ent_apex_gamma,usr_636,agt_11,"SELECT category, name FROM products WHERE id = 68039",SELECT,products,102,0.947,sales_performance,200
sess_1136,2026-05-22 13:02:49,ent_apex_gamma,usr_636,agt_11,"SELECT customer_id, AVG(amount) FROM billing_records GROUP BY customer_id",AGGREGATION,billing_records,4930,0.995,sales_performance,200
sess_1136,2026-05-22 13:03:36,ent_apex_gamma,usr_636,agt_11,"SELECT month, amount FROM billing_records WHERE id = 2548",SELECT,billing_records,285,0.6224,sales_performance,200
sess_1136,2026-05-22 13:05:45,ent_apex_gamma,usr_636,agt_11,"SELECT method, month FROM billing_records WHERE id = 49173",SELECT,billing_records,464,0.9733,sales_performance,200
sess_1136,2026-05-22 13:06:03,ent_apex_gamma,usr_636,agt_11,"SELECT created_at, amount FROM orders WHERE id = 34713",SELECT,orders,503,0.9947,sales_performance,200
sess_1136,2026-05-22 13:06:15,ent_apex_gamma,usr_636,agt_11,"SELECT category, id FROM products WHERE id = 34148",SELECT,products,2165,0.6489,sales_performance,200
sess_1136,2026-05-22 13:10:40,ent_apex_gamma,usr_636,agt_11,"SELECT amount, AVG(amount) FROM orders GROUP BY amount",AGGREGATION,orders,11249,0.995,sales_performance,500
sess_1136,2026-05-22 13:16:41,ent_apex_gamma,usr_636,agt_11,"SELECT orders.id, products.id FROM orders JOIN products ON orders.id = products.id",JOIN,"orders,products",606,0.995,sales_performance,200
sess_1136,2026-05-22 13:17:39,ent_apex_gamma,usr_636,agt_11,"SELECT id, MAX(id) FROM billing_records GROUP BY id",AGGREGATION,billing_records,3429,0.8912,sales_performance,200
sess_1136,2026-05-22 13:18:03,ent_apex_gamma,usr_636,agt_11,"SELECT created_at, amount FROM orders WHERE id = 1849",SELECT,orders,351,0.8169,sales_performance,200
sess_1136,2026-05-22 13:18:22,ent_apex_gamma,usr_636,agt_11,"SELECT id, category FROM products WHERE id = 15666",SELECT,products,140,0.8034,sales_performance,200
sess_1137,2026-05-07 23:45:16,ent_nexus_beta,usr_637,agt_10,"SELECT order_id, carrier FROM shipments WHERE id = 40169",SELECT,shipments,30,0.7804,order_management,200
sess_1137,2026-05-07 23:50:27,ent_nexus_beta,usr_637,agt_10,"SELECT shipments.id, orders.id FROM shipments JOIN orders ON shipments.id = orders.id",JOIN,"shipments,orders",6120,0.9772,order_management,200
sess_1137,2026-05-07 23:51:59,ent_nexus_beta,usr_637,agt_10,"SELECT shipments.id, orders.id FROM shipments JOIN orders ON shipments.id = orders.id",JOIN,"shipments,orders",217,0.8951,order_management,200
sess_1137,2026-05-07 23:56:49,ent_nexus_beta,usr_637,agt_10,"SELECT shipments.id, customers.id FROM shipments JOIN customers ON shipments.id = customers.id",JOIN,"shipments,customers",8098,0.995,order_management,200
sess_1137,2026-05-08 00:03:03,ent_nexus_beta,usr_637,agt_10,UPDATE customers SET name = '6675' WHERE id = 9911,UPDATE,customers,45,0.881,order_management,200
sess_1137,2026-05-08 00:03:26,ent_nexus_beta,usr_637,agt_10,"SELECT shipments.id, customers.id FROM shipments JOIN customers ON shipments.id = customers.id",JOIN,"shipments,customers",1593,0.8976,order_management,200
sess_1137,2026-05-08 00:05:00,ent_nexus_beta,usr_637,agt_10,"SELECT created_at, region FROM customers WHERE id = 34206",SELECT,customers,1678,0.8299,order_management,200
sess_1137,2026-05-08 00:06:07,ent_nexus_beta,usr_637,agt_10,"SELECT created_at, MAX(id) FROM orders GROUP BY created_at",AGGREGATION,orders,780,0.7515,compensation_review,200
sess_1137,2026-05-08 00:13:23,ent_nexus_beta,usr_637,agt_10,"SELECT carrier, order_id FROM shipments WHERE id = 51222",SELECT,shipments,270,0.965,order_management,200
sess_1137,2026-05-08 00:15:22,ent_nexus_beta,usr_637,agt_10,UPDATE customers SET email = '2221' WHERE id = 72,UPDATE,customers,477,0.9721,order_management,200
sess_1137,2026-05-08 00:16:18,ent_nexus_beta,usr_637,agt_10,UPDATE shipments SET eta = '3691' WHERE id = 1963,UPDATE,shipments,659,0.9654,order_management,200
sess_1137,2026-05-08 00:17:48,ent_nexus_beta,usr_637,agt_10,"SELECT id, order_id FROM shipments WHERE id = 21491",SELECT,shipments,181,0.9158,order_management,200
sess_1138,2026-05-03 02:09:27,ent_nexus_beta,usr_638,agt_0,"SELECT amount, customer_id FROM billing_records WHERE id = 77228",SELECT,billing_records,343,0.8649,report_generation,200
sess_1138,2026-05-03 02:10:23,ent_nexus_beta,usr_638,agt_0,"SELECT id, created_at FROM orders WHERE id = 43245",SELECT,orders,25,0.8526,report_generation,200
sess_1138,2026-05-03 02:11:41,ent_nexus_beta,usr_638,agt_0,"SELECT id, name FROM products WHERE id = 71688",SELECT,products,201,0.8598,report_generation,200
sess_1138,2026-05-03 02:13:30,ent_nexus_beta,usr_638,agt_0,"SELECT id, status FROM orders WHERE id = 76062",SELECT,orders,107,0.823,report_generation,200
sess_1138,2026-05-03 02:13:32,ent_nexus_beta,usr_638,agt_0,"SELECT id, status FROM orders WHERE id = 71258",SELECT,orders,536,0.9527,report_generation,200
sess_1138,2026-05-03 02:17:12,ent_nexus_beta,usr_638,agt_0,"SELECT customer_id, AVG(amount) FROM billing_records GROUP BY customer_id",AGGREGATION,billing_records,12586,0.995,report_generation,200
sess_1138,2026-05-03 02:18:00,ent_nexus_beta,usr_638,agt_0,"SELECT customers.id, orders.id FROM customers JOIN orders ON customers.id = orders.id",JOIN,"customers,orders",1360,0.9312,report_generation,200
sess_1138,2026-05-03 02:18:30,ent_nexus_beta,usr_638,agt_0,"SELECT id, name FROM customers WHERE id = 78898",SELECT,customers,231,0.7,report_generation,200
sess_1138,2026-05-03 02:19:21,ent_nexus_beta,usr_638,agt_0,"SELECT price, id FROM products WHERE id = 47498",SELECT,products,49,0.995,report_generation,403
sess_1139,2026-05-27 07:24:14,ent_corp_alpha,usr_639,agt_6,"SELECT target, id FROM audit_log WHERE id = 18967",SELECT,audit_log,328,0.9085,schema_audit,200
sess_1139,2026-05-27 07:29:08,ent_corp_alpha,usr_639,agt_6,"SELECT method, amount FROM billing_records WHERE id = 7128",SELECT,billing_records,745,0.7539,sales_performance,200
sess_1139,2026-05-27 07:30:39,ent_corp_alpha,usr_639,agt_6,"SELECT data_type, table_name FROM information_schema.columns WHERE id = 79778",SELECT,information_schema.columns,1570,0.995,schema_audit,200
sess_1139,2026-05-27 07:34:01,ent_corp_alpha,usr_639,agt_6,UPDATE information_schema.tables SET row_count = '2530' WHERE id = 248,UPDATE,information_schema.tables,271,0.8485,schema_audit,200
sess_1139,2026-05-27 07:39:04,ent_corp_alpha,usr_639,agt_6,UPDATE information_schema.tables SET table_schema = '840' WHERE id = 6469,UPDATE,information_schema.tables,473,0.9338,schema_audit,200
sess_1139,2026-05-27 07:43:20,ent_corp_alpha,usr_639,agt_6,"SELECT actor, id FROM audit_log WHERE id = 2298",SELECT,audit_log,702,0.8094,schema_audit,200
sess_1139,2026-05-27 07:44:00,ent_corp_alpha,usr_639,agt_6,"SELECT id, created_at FROM orders WHERE id = 75562",SELECT,orders,46,0.995,customer_lookup,200
sess_1139,2026-05-27 07:46:15,ent_corp_alpha,usr_639,agt_6,"SELECT information_schema.tables.id, audit_log.id FROM information_schema.tables JOIN audit_log ON information_schema.tables.id = audit_log.id",JOIN,"information_schema.tables,audit_log",553,0.8473,schema_audit,200
sess_1139,2026-05-27 07:49:47,ent_corp_alpha,usr_639,agt_6,"SELECT table_name, row_count FROM information_schema.tables WHERE id = 46579",SELECT,information_schema.tables,1249,0.8162,schema_audit,200
sess_1139,2026-05-27 07:54:16,ent_corp_alpha,usr_639,agt_6,"SELECT action, SUM(amount) FROM audit_log GROUP BY action",AGGREGATION,audit_log,2135,0.638,schema_audit,200
sess_1139,2026-05-27 07:55:36,ent_corp_alpha,usr_639,agt_6,"SELECT table_name, data_type FROM information_schema.columns WHERE id = 26498",SELECT,information_schema.columns,1247,0.8841,schema_audit,200
sess_1139,2026-05-27 07:57:03,ent_corp_alpha,usr_639,agt_6,"SELECT row_count, table_schema FROM information_schema.tables WHERE id = 29756",SELECT,information_schema.tables,3045,0.995,schema_audit,200
sess_1140,2026-05-24 16:25:11,ent_corp_alpha,usr_640,agt_2,"SELECT carrier, COUNT(*) FROM shipments GROUP BY carrier",AGGREGATION,shipments,30750,0.909,order_management,200
sess_1140,2026-05-24 16:27:02,ent_corp_alpha,usr_640,agt_2,"SELECT customers.id, orders.id FROM customers JOIN orders ON customers.id = orders.id",JOIN,"customers,orders",679,0.8589,order_management,200
sess_1140,2026-05-24 16:29:36,ent_corp_alpha,usr_640,agt_2,"SELECT created_at, id FROM orders WHERE id = 41684",SELECT,orders,75,0.8254,order_management,200
sess_1140,2026-05-24 16:30:02,ent_corp_alpha,usr_640,agt_2,"SELECT id, AVG(amount) FROM shipments GROUP BY id",AGGREGATION,shipments,3099,0.9052,order_management,200
sess_1140,2026-05-24 16:32:07,ent_corp_alpha,usr_640,agt_2,"SELECT created_at, status FROM orders WHERE id = 18556",SELECT,orders,2236,0.9815,order_management,200
sess_1140,2026-05-24 16:32:44,ent_corp_alpha,usr_640,agt_2,"SELECT shipments.id, orders.id FROM shipments JOIN orders ON shipments.id = orders.id",JOIN,"shipments,orders",363,0.6823,order_management,200
sess_1140,2026-05-24 16:32:48,ent_corp_alpha,usr_640,agt_2,"SELECT eta, carrier FROM shipments WHERE id = 80968",SELECT,shipments,1944,0.9932,order_management,200
sess_1140,2026-05-24 16:35:00,ent_corp_alpha,usr_640,agt_2,"SELECT created_at, COUNT(*) FROM orders GROUP BY created_at",AGGREGATION,orders,3226,0.995,order_management,200
sess_1140,2026-05-24 16:35:10,ent_corp_alpha,usr_640,agt_2,"SELECT email, id FROM customers WHERE id = 99549",SELECT,customers,131,0.7551,order_management,200
sess_1140,2026-05-24 16:36:13,ent_corp_alpha,usr_640,agt_2,"SELECT id, carrier FROM shipments WHERE id = 50615",SELECT,shipments,313,0.8645,order_management,200
sess_1140,2026-05-24 16:37:03,ent_corp_alpha,usr_640,agt_2,"SELECT customers.id, shipments.id FROM customers JOIN shipments ON customers.id = shipments.id",JOIN,"customers,shipments",604,0.9443,order_management,200
sess_1141,2026-05-22 09:31:10,ent_apex_gamma,usr_641,agt_10,"SELECT table_schema, table_name FROM information_schema.tables WHERE id = 97082",SELECT,information_schema.tables,1151,0.995,schema_audit,200
sess_1141,2026-05-22 09:32:00,ent_apex_gamma,usr_641,agt_10,"SELECT actor, action FROM audit_log WHERE id = 75025",SELECT,audit_log,309,0.7253,schema_audit,200
sess_1141,2026-05-22 09:33:16,ent_apex_gamma,usr_641,agt_10,"SELECT target, MAX(id) FROM audit_log GROUP BY target",AGGREGATION,audit_log,4256,0.6361,schema_audit,200
sess_1141,2026-05-22 09:34:16,ent_apex_gamma,usr_641,agt_10,"SELECT actor, ts FROM audit_log WHERE id = 45957",SELECT,audit_log,772,0.8242,schema_audit,200
sess_1141,2026-05-22 09:34:20,ent_apex_gamma,usr_641,agt_10,"SELECT information_schema.tables.id, audit_log.id FROM information_schema.tables JOIN audit_log ON information_schema.tables.id = audit_log.id",JOIN,"information_schema.tables,audit_log",11624,0.8616,schema_audit,200
sess_1141,2026-05-22 09:36:50,ent_apex_gamma,usr_641,agt_10,"SELECT action, ts FROM audit_log WHERE id = 17867",SELECT,audit_log,738,0.8723,schema_audit,200
sess_1141,2026-05-22 09:38:54,ent_apex_gamma,usr_641,agt_10,"SELECT data_type, table_name FROM information_schema.columns WHERE id = 9052",SELECT,information_schema.columns,66,0.897,schema_audit,200
sess_1141,2026-05-22 09:43:20,ent_apex_gamma,usr_641,agt_10,"SELECT target, COUNT(*) FROM audit_log GROUP BY target",AGGREGATION,audit_log,3921,0.8834,schema_audit,500
sess_1141,2026-05-22 09:45:51,ent_apex_gamma,usr_641,agt_10,"SELECT row_count, table_schema FROM information_schema.tables WHERE id = 31946",SELECT,information_schema.tables,29,0.6784,schema_audit,200
sess_1141,2026-05-22 09:48:45,ent_apex_gamma,usr_641,agt_10,"SELECT row_count, table_schema FROM information_schema.tables WHERE id = 50250",SELECT,information_schema.tables,1026,0.8556,schema_audit,200
sess_1141,2026-05-22 09:50:17,ent_apex_gamma,usr_641,agt_10,"SELECT id, AVG(amount) FROM audit_log GROUP BY id",AGGREGATION,audit_log,969,0.7242,schema_audit,200
sess_1141,2026-05-22 09:50:22,ent_apex_gamma,usr_641,agt_10,"SELECT table_name, SUM(amount) FROM information_schema.columns GROUP BY table_name",AGGREGATION,information_schema.columns,434,0.9908,schema_audit,200
sess_1142,2026-05-19 12:17:15,ent_apex_gamma,usr_642,agt_12,"SELECT subject, status FROM support_tickets WHERE id = 22077",SELECT,support_tickets,2217,0.995,customer_lookup,200
sess_1142,2026-05-19 12:19:21,ent_apex_gamma,usr_642,agt_12,"SELECT orders.id, orders.id FROM orders JOIN orders ON orders.id = orders.id",JOIN,"orders,orders",1439,0.879,customer_lookup,200
sess_1142,2026-05-19 12:20:34,ent_apex_gamma,usr_642,agt_12,"SELECT customer_id, id FROM support_tickets WHERE id = 12841",SELECT,support_tickets,554,0.7486,customer_lookup,200
sess_1142,2026-05-19 12:20:40,ent_apex_gamma,usr_642,agt_12,"SELECT priority, id FROM support_tickets WHERE id = 86819",SELECT,support_tickets,2521,0.767,customer_lookup,200
sess_1142,2026-05-19 12:21:43,ent_apex_gamma,usr_642,agt_12,"SELECT id, SUM(amount) FROM orders GROUP BY id",AGGREGATION,orders,837,0.6415,customer_lookup,200
sess_1142,2026-05-19 12:22:37,ent_apex_gamma,usr_642,agt_12,"SELECT region, id FROM customers WHERE id = 40530",SELECT,customers,1068,0.7558,support_triage,200
sess_1142,2026-05-19 12:22:52,ent_apex_gamma,usr_642,agt_12,"SELECT status, created_at FROM orders WHERE id = 50090",SELECT,orders,4701,0.639,support_triage,200
sess_1142,2026-05-19 12:24:51,ent_apex_gamma,usr_642,agt_12,"SELECT email, region FROM customers WHERE id = 20190",SELECT,customers,653,0.8268,support_triage,200
sess_1142,2026-05-19 12:25:21,ent_apex_gamma,usr_642,agt_12,"SELECT customer_id, COUNT(*) FROM support_tickets GROUP BY customer_id",AGGREGATION,support_tickets,612,0.6723,support_triage,200
sess_1142,2026-05-19 12:26:48,ent_apex_gamma,usr_642,agt_12,"SELECT id, customer_id FROM orders WHERE id = 72527",SELECT,orders,6222,0.741,support_triage,200
sess_1142,2026-05-19 12:27:02,ent_apex_gamma,usr_642,agt_12,"SELECT status, AVG(amount) FROM support_tickets GROUP BY status",AGGREGATION,support_tickets,1220,0.7834,support_triage,200
sess_1142,2026-05-19 12:32:25,ent_apex_gamma,usr_642,agt_12,"SELECT status, amount FROM orders WHERE id = 32254",SELECT,orders,2625,0.8132,support_triage,200
sess_1142,2026-05-19 12:33:07,ent_apex_gamma,usr_642,agt_12,"SELECT status, created_at FROM orders WHERE id = 39197",SELECT,orders,959,0.8311,support_triage,200
sess_1142,2026-05-19 12:33:30,ent_apex_gamma,usr_642,agt_12,"SELECT customer_id, MAX(id) FROM orders GROUP BY customer_id",AGGREGATION,orders,413,0.995,support_triage,200
sess_1142,2026-05-19 12:33:33,ent_apex_gamma,usr_642,agt_12,"SELECT created_at, id FROM orders WHERE id = 72873",SELECT,orders,294,0.8774,support_triage,200
sess_1142,2026-05-19 12:34:15,ent_apex_gamma,usr_642,agt_12,"SELECT status, amount FROM orders WHERE id = 24097",SELECT,orders,516,0.9053,support_triage,200
sess_1143,2026-05-26 08:46:53,ent_apex_gamma,usr_643,agt_12,"SELECT email, name FROM customers WHERE id = 21302",SELECT,customers,2614,0.743,billing_summary,200
sess_1143,2026-05-26 08:46:55,ent_apex_gamma,usr_643,agt_12,"SELECT id, amount FROM orders WHERE id = 76790",SELECT,orders,2496,0.8625,billing_summary,200
sess_1143,2026-05-26 08:49:16,ent_apex_gamma,usr_643,agt_12,"SELECT id, COUNT(*) FROM customers GROUP BY id",AGGREGATION,customers,6492,0.7459,billing_summary,200
sess_1143,2026-05-26 08:49:51,ent_apex_gamma,usr_643,agt_12,"SELECT month, id FROM billing_records WHERE id = 14863",SELECT,billing_records,1099,0.995,billing_summary,200
sess_1143,2026-05-26 08:50:21,ent_apex_gamma,usr_643,agt_12,"SELECT customer_id, created_at FROM orders WHERE id = 90173",SELECT,orders,1961,0.995,billing_summary,200
sess_1143,2026-05-26 08:50:52,ent_apex_gamma,usr_643,agt_12,"SELECT email, COUNT(*) FROM customers GROUP BY email",AGGREGATION,customers,2098,0.9796,billing_summary,200
sess_1143,2026-05-26 08:51:04,ent_apex_gamma,usr_643,agt_12,"SELECT customers.id, orders.id FROM customers JOIN orders ON customers.id = orders.id",JOIN,"customers,orders",504,0.995,billing_summary,200
sess_1143,2026-05-26 08:53:39,ent_apex_gamma,usr_643,agt_12,"SELECT customer_id, MAX(id) FROM orders GROUP BY customer_id",AGGREGATION,orders,5751,0.9513,billing_summary,200
sess_1143,2026-05-26 08:57:48,ent_apex_gamma,usr_643,agt_12,"SELECT created_at, status FROM orders WHERE id = 38784",SELECT,orders,309,0.656,billing_summary,200
sess_1143,2026-05-26 08:59:54,ent_apex_gamma,usr_643,agt_12,"SELECT id, amount FROM orders WHERE id = 2752",SELECT,orders,909,0.995,billing_summary,200
sess_1143,2026-05-26 09:00:47,ent_apex_gamma,usr_643,agt_12,"SELECT amount, created_at FROM orders WHERE id = 25815",SELECT,orders,309,0.8337,billing_summary,200
sess_1143,2026-05-26 09:02:31,ent_apex_gamma,usr_643,agt_12,"SELECT created_at, AVG(amount) FROM orders GROUP BY created_at",AGGREGATION,orders,17492,0.9778,billing_summary,200
sess_1143,2026-05-26 09:04:04,ent_apex_gamma,usr_643,agt_12,"SELECT email, MAX(id) FROM customers GROUP BY email",AGGREGATION,customers,3266,0.995,billing_summary,200
sess_1143,2026-05-26 09:05:28,ent_apex_gamma,usr_643,agt_12,"SELECT method, customer_id FROM billing_records WHERE id = 94607",SELECT,billing_records,7221,0.7399,billing_summary,403
sess_1143,2026-05-26 09:05:30,ent_apex_gamma,usr_643,agt_12,"SELECT customer_id, method FROM billing_records WHERE id = 13020",SELECT,billing_records,44,0.7368,billing_summary,200
sess_1144,2026-05-16 12:42:42,ent_apex_gamma,usr_644,agt_7,"SELECT url, ts FROM page_views WHERE id = 20099",SELECT,page_views,89,0.8109,system_health_check,200
sess_1144,2026-05-16 12:43:20,ent_apex_gamma,usr_644,agt_7,"SELECT id, MAX(id) FROM page_views GROUP BY id",AGGREGATION,page_views,8791,0.9001,system_health_check,200
sess_1144,2026-05-16 12:45:50,ent_apex_gamma,usr_644,agt_7,"SELECT id, COUNT(*) FROM logs GROUP BY id",AGGREGATION,logs,1997,0.9195,system_health_check,200
sess_1144,2026-05-16 12:49:45,ent_apex_gamma,usr_644,agt_7,"SELECT ts, SUM(amount) FROM page_views GROUP BY ts",AGGREGATION,page_views,5540,0.8528,system_health_check,200
sess_1144,2026-05-16 12:52:57,ent_apex_gamma,usr_644,agt_7,"SELECT user_id, url FROM page_views WHERE id = 38867",SELECT,page_views,95,0.8622,system_health_check,200
sess_1144,2026-05-16 12:55:28,ent_apex_gamma,usr_644,agt_7,"SELECT row_count, SUM(amount) FROM information_schema.tables GROUP BY row_count",AGGREGATION,information_schema.tables,2523,0.9633,system_health_check,200
sess_1144,2026-05-16 12:57:13,ent_apex_gamma,usr_644,agt_7,"SELECT row_count, table_name FROM information_schema.tables WHERE id = 15976",SELECT,information_schema.tables,136,0.995,system_health_check,200
sess_1144,2026-05-16 12:59:20,ent_apex_gamma,usr_644,agt_7,"SELECT id, ts FROM logs WHERE id = 71124",SELECT,logs,2674,0.7257,system_health_check,200
sess_1144,2026-05-16 12:59:25,ent_apex_gamma,usr_644,agt_7,"SELECT message, ts FROM logs WHERE id = 31411",SELECT,logs,78,0.8085,system_health_check,200
sess_1144,2026-05-16 13:00:48,ent_apex_gamma,usr_644,agt_7,"SELECT id, level FROM logs WHERE id = 1898",SELECT,logs,2597,0.9572,system_health_check,200
sess_1144,2026-05-16 13:03:50,ent_apex_gamma,usr_644,agt_7,"SELECT id, url FROM page_views WHERE id = 72315",SELECT,page_views,692,0.995,system_health_check,200
sess_1144,2026-05-16 13:08:06,ent_apex_gamma,usr_644,agt_7,"SELECT ts, url FROM page_views WHERE id = 31883",SELECT,page_views,54,0.7274,system_health_check,200
sess_1144,2026-05-16 13:08:24,ent_apex_gamma,usr_644,agt_7,UPDATE information_schema.tables SET table_name = '5926' WHERE id = 4777,UPDATE,information_schema.tables,378,0.9675,system_health_check,200
sess_1144,2026-05-16 13:10:17,ent_apex_gamma,usr_644,agt_7,"SELECT message, id FROM logs WHERE id = 38691",SELECT,logs,53,0.995,system_health_check,200
sess_1144,2026-05-16 13:13:45,ent_apex_gamma,usr_644,agt_7,"SELECT ts, url FROM page_views WHERE id = 18855",SELECT,page_views,146,0.9655,system_health_check,200
sess_1144,2026-05-16 13:13:56,ent_apex_gamma,usr_644,agt_7,"SELECT id, ts FROM page_views WHERE id = 92130",SELECT,page_views,7439,0.7921,system_health_check,200
sess_1144,2026-05-16 13:15:12,ent_apex_gamma,usr_644,agt_7,"SELECT id, user_id FROM page_views WHERE id = 71701",SELECT,page_views,407,0.912,system_health_check,200
sess_1144,2026-05-16 13:23:00,ent_apex_gamma,usr_644,agt_7,"SELECT url, id FROM page_views WHERE id = 46341",SELECT,page_views,1131,0.9338,system_health_check,200
sess_1144,2026-05-16 13:24:53,ent_apex_gamma,usr_644,agt_7,"SELECT table_name, row_count FROM information_schema.tables WHERE id = 4669",SELECT,information_schema.tables,1112,0.995,system_health_check,200
sess_1145,2026-05-21 12:37:45,ent_corp_alpha,usr_645,agt_5,"SELECT target, actor FROM audit_log WHERE id = 60",SELECT,audit_log,762,0.8606,schema_audit,200
sess_1145,2026-05-21 12:39:55,ent_corp_alpha,usr_645,agt_5,"SELECT row_count, table_schema FROM information_schema.tables WHERE id = 36556",SELECT,information_schema.tables,3238,0.729,schema_audit,200
sess_1145,2026-05-21 12:44:02,ent_corp_alpha,usr_645,agt_5,"SELECT table_schema, table_name FROM information_schema.tables WHERE id = 40308",SELECT,information_schema.tables,784,0.8645,schema_audit,200
sess_1145,2026-05-21 12:44:26,ent_corp_alpha,usr_645,agt_5,"SELECT data_type, COUNT(*) FROM information_schema.columns GROUP BY data_type",AGGREGATION,information_schema.columns,6222,0.9904,schema_audit,200
sess_1145,2026-05-21 12:46:52,ent_corp_alpha,usr_645,agt_5,"SELECT table_schema, table_name FROM information_schema.tables WHERE id = 21993",SELECT,information_schema.tables,4067,0.995,schema_audit,200
sess_1145,2026-05-21 12:47:26,ent_corp_alpha,usr_645,agt_5,"SELECT action, target FROM audit_log WHERE id = 34884",SELECT,audit_log,242,0.9143,schema_audit,200
sess_1145,2026-05-21 12:47:44,ent_corp_alpha,usr_645,agt_5,UPDATE information_schema.columns SET column_name = '2728' WHERE id = 9495,UPDATE,information_schema.columns,300,0.8377,schema_audit,200
sess_1145,2026-05-21 12:49:29,ent_corp_alpha,usr_645,agt_5,"SELECT data_type, table_name FROM information_schema.columns WHERE id = 64316",SELECT,information_schema.columns,147,0.9184,schema_audit,200
sess_1145,2026-05-21 12:50:17,ent_corp_alpha,usr_645,agt_5,"SELECT actor, MAX(id) FROM audit_log GROUP BY actor",AGGREGATION,audit_log,1529,0.995,schema_audit,200
sess_1145,2026-05-21 12:52:36,ent_corp_alpha,usr_645,agt_5,"SELECT row_count, MAX(id) FROM information_schema.tables GROUP BY row_count",AGGREGATION,information_schema.tables,1517,0.8098,schema_audit,200
sess_1145,2026-05-21 12:53:09,ent_corp_alpha,usr_645,agt_5,"SELECT row_count, table_schema FROM information_schema.tables WHERE id = 67498",SELECT,information_schema.tables,109,0.9407,schema_audit,200
sess_1146,2026-04-30 14:08:05,ent_corp_alpha,usr_646,agt_11,"SELECT billing_records.id, orders.id FROM billing_records JOIN orders ON billing_records.id = orders.id",JOIN,"billing_records,orders",206,0.995,sales_performance,200
sess_1146,2026-04-30 14:10:25,ent_corp_alpha,usr_646,agt_11,"SELECT method, month FROM billing_records WHERE id = 18322",SELECT,billing_records,1236,0.8092,sales_performance,200
sess_1146,2026-04-30 14:11:33,ent_corp_alpha,usr_646,agt_11,UPDATE products SET name = '8499' WHERE id = 2868,UPDATE,products,7135,0.9005,sales_performance,200
sess_1146,2026-04-30 14:11:38,ent_corp_alpha,usr_646,agt_11,"SELECT id, category FROM products WHERE id = 33614",SELECT,products,922,0.9918,sales_performance,200
sess_1146,2026-04-30 14:11:40,ent_corp_alpha,usr_646,agt_11,"SELECT id, month FROM billing_records WHERE id = 1238",SELECT,billing_records,576,0.7142,sales_performance,200
sess_1146,2026-04-30 14:13:21,ent_corp_alpha,usr_646,agt_11,"SELECT created_at, MAX(id) FROM orders GROUP BY created_at",AGGREGATION,orders,5527,0.9497,sales_performance,200
sess_1146,2026-04-30 14:13:58,ent_corp_alpha,usr_646,agt_11,"SELECT method, id FROM billing_records WHERE id = 6819",SELECT,billing_records,2000,0.857,sales_performance,200
sess_1146,2026-04-30 14:14:42,ent_corp_alpha,usr_646,agt_11,"SELECT name, category FROM products WHERE id = 75490",SELECT,products,138,0.7768,sales_performance,200
sess_1146,2026-04-30 14:15:10,ent_corp_alpha,usr_646,agt_11,"SELECT customer_id, amount FROM billing_records WHERE id = 63308",SELECT,billing_records,119,0.8211,sales_performance,200
sess_1146,2026-04-30 14:16:32,ent_corp_alpha,usr_646,agt_11,"SELECT id, customer_id FROM billing_records WHERE id = 69871",SELECT,billing_records,339,0.6841,sales_performance,200
sess_1146,2026-04-30 14:17:25,ent_corp_alpha,usr_646,agt_11,"SELECT created_at, MAX(id) FROM orders GROUP BY created_at",AGGREGATION,orders,4114,0.9926,sales_performance,200
sess_1146,2026-04-30 14:19:46,ent_corp_alpha,usr_646,agt_11,"SELECT billing_records.id, orders.id FROM billing_records JOIN orders ON billing_records.id = orders.id",JOIN,"billing_records,orders",8312,0.8946,sales_performance,200
sess_1146,2026-04-30 14:20:34,ent_corp_alpha,usr_646,agt_11,"SELECT id, month FROM billing_records WHERE id = 23421",SELECT,billing_records,190,0.7429,sales_performance,200
sess_1146,2026-04-30 14:22:55,ent_corp_alpha,usr_646,agt_11,"SELECT amount, created_at FROM orders WHERE id = 30705",SELECT,orders,1740,0.7936,sales_performance,200
sess_1146,2026-04-30 14:23:10,ent_corp_alpha,usr_646,agt_11,"SELECT amount, method FROM billing_records WHERE id = 46162",SELECT,billing_records,145,0.7336,sales_performance,200
sess_1147,2026-05-22 14:30:50,ent_nexus_beta,usr_647,agt_12,"SELECT name, created_at FROM customers WHERE id = 23770",SELECT,customers,490,0.9555,billing_summary,200
sess_1147,2026-05-22 14:32:07,ent_nexus_beta,usr_647,agt_12,"SELECT name, email FROM customers WHERE id = 74060",SELECT,customers,1816,0.8942,billing_summary,403
sess_1147,2026-05-22 14:33:48,ent_nexus_beta,usr_647,agt_12,"SELECT customer_id, id FROM orders WHERE id = 33387",SELECT,orders,228,0.7886,billing_summary,403
sess_1147,2026-05-22 14:35:34,ent_nexus_beta,usr_647,agt_12,"SELECT id, amount FROM billing_records WHERE id = 79199",SELECT,billing_records,753,0.6669,billing_summary,200
sess_1147,2026-05-22 14:36:07,ent_nexus_beta,usr_647,agt_12,"SELECT id, MAX(id) FROM customers GROUP BY id",AGGREGATION,customers,2336,0.8479,billing_summary,200
sess_1147,2026-05-22 14:36:10,ent_nexus_beta,usr_647,agt_12,"SELECT status, amount FROM orders WHERE id = 81998",SELECT,orders,3549,0.995,sales_performance,200
sess_1147,2026-05-22 14:38:50,ent_nexus_beta,usr_647,agt_12,"SELECT customer_id, created_at FROM orders WHERE id = 32295",SELECT,orders,2252,0.8362,sales_performance,200
sess_1147,2026-05-22 14:39:24,ent_nexus_beta,usr_647,agt_12,"SELECT created_at, COUNT(*) FROM orders GROUP BY created_at",AGGREGATION,orders,846,0.8343,sales_performance,200
sess_1147,2026-05-22 14:40:22,ent_nexus_beta,usr_647,agt_12,"SELECT id, amount FROM orders WHERE id = 70084",SELECT,orders,1508,0.8513,sales_performance,200
sess_1147,2026-05-22 14:44:07,ent_nexus_beta,usr_647,agt_12,"SELECT price, name FROM products WHERE id = 13970",SELECT,products,3437,0.7882,sales_performance,200
sess_1147,2026-05-22 14:44:13,ent_nexus_beta,usr_647,agt_12,"SELECT amount, created_at FROM orders WHERE id = 74943",SELECT,orders,1140,0.7277,sales_performance,200
sess_1147,2026-05-22 14:45:30,ent_nexus_beta,usr_647,agt_12,"SELECT amount, status FROM orders WHERE id = 37737",SELECT,orders,1814,0.995,sales_performance,200
sess_1148,2026-05-07 15:16:21,ent_apex_gamma,usr_648,agt_12,"SELECT orders.id, customers.id FROM orders JOIN customers ON orders.id = customers.id",JOIN,"orders,customers",3690,0.8943,customer_lookup,200
sess_1148,2026-05-07 15:19:58,ent_apex_gamma,usr_648,agt_12,"SELECT amount, customer_id FROM orders WHERE id = 18530",SELECT,orders,2286,0.9756,customer_lookup,200
sess_1148,2026-05-07 15:20:19,ent_apex_gamma,usr_648,agt_12,"SELECT orders.id, support_tickets.id FROM orders JOIN support_tickets ON orders.id = support_tickets.id",JOIN,"orders,support_tickets",574,0.9641,customer_lookup,200
sess_1148,2026-05-07 15:20:24,ent_apex_gamma,usr_648,agt_12,UPDATE support_tickets SET id = '9898' WHERE id = 3093,UPDATE,support_tickets,72,0.9381,customer_lookup,200
sess_1148,2026-05-07 15:20:38,ent_apex_gamma,usr_648,agt_12,"SELECT id, region FROM customers WHERE id = 1646",SELECT,customers,733,0.9308,customer_lookup,200
sess_1148,2026-05-07 15:23:22,ent_apex_gamma,usr_648,agt_12,"SELECT id, amount FROM orders WHERE id = 69485",SELECT,orders,738,0.8872,customer_lookup,200
sess_1148,2026-05-07 15:27:50,ent_apex_gamma,usr_648,agt_12,"SELECT status, COUNT(*) FROM orders GROUP BY status",AGGREGATION,orders,7572,0.8491,customer_lookup,200
sess_1148,2026-05-07 15:32:11,ent_apex_gamma,usr_648,agt_12,"SELECT created_at, status FROM orders WHERE id = 482",SELECT,orders,245,0.8152,customer_lookup,200
sess_1148,2026-05-07 15:37:43,ent_apex_gamma,usr_648,agt_12,"SELECT priority, id FROM support_tickets WHERE id = 39632",SELECT,support_tickets,83,0.9022,customer_lookup,200
sess_1148,2026-05-07 15:44:34,ent_apex_gamma,usr_648,agt_12,"SELECT email, region FROM customers WHERE id = 25249",SELECT,customers,5161,0.9175,customer_lookup,200
sess_1148,2026-05-07 15:50:17,ent_apex_gamma,usr_648,agt_12,"SELECT customers.id, orders.id FROM customers JOIN orders ON customers.id = orders.id",JOIN,"customers,orders",1623,0.7015,customer_lookup,200
sess_1148,2026-05-07 15:52:35,ent_apex_gamma,usr_648,agt_12,"SELECT id, customer_id FROM orders WHERE id = 12010",SELECT,orders,4545,0.9108,customer_lookup,200
sess_1148,2026-05-07 15:53:47,ent_apex_gamma,usr_648,agt_12,"SELECT amount, id FROM orders WHERE id = 8136",SELECT,orders,163,0.9114,customer_lookup,200
sess_1148,2026-05-07 15:56:22,ent_apex_gamma,usr_648,agt_12,"SELECT subject, MAX(id) FROM support_tickets GROUP BY subject",AGGREGATION,support_tickets,6260,0.8079,customer_lookup,200
sess_1148,2026-05-07 15:58:13,ent_apex_gamma,usr_648,agt_12,"SELECT status, MAX(id) FROM orders GROUP BY status",AGGREGATION,orders,7470,0.9015,customer_lookup,200
sess_1149,2026-05-03 14:31:03,ent_nexus_beta,usr_649,agt_0,"SELECT created_at, email FROM customers WHERE id = 43486",SELECT,customers,233,0.7065,billing_summary,200
sess_1149,2026-05-03 14:35:19,ent_nexus_beta,usr_649,agt_0,"SELECT region, COUNT(*) FROM customers GROUP BY region",AGGREGATION,customers,5151,0.8082,billing_summary,200
sess_1149,2026-05-03 14:37:15,ent_nexus_beta,usr_649,agt_0,"SELECT customer_id, amount FROM billing_records WHERE id = 98963",SELECT,billing_records,735,0.9429,billing_summary,500
sess_1149,2026-05-03 14:39:21,ent_nexus_beta,usr_649,agt_0,"SELECT id, customer_id FROM orders WHERE id = 63738",SELECT,orders,71,0.8664,billing_summary,200
sess_1149,2026-05-03 14:41:04,ent_nexus_beta,usr_649,agt_0,"SELECT customer_id, SUM(amount) FROM orders GROUP BY customer_id",AGGREGATION,orders,16876,0.995,billing_summary,200
sess_1149,2026-05-03 14:43:14,ent_nexus_beta,usr_649,agt_0,"SELECT created_at, amount FROM orders WHERE id = 10706",SELECT,orders,560,0.7875,billing_summary,200
sess_1149,2026-05-03 14:47:42,ent_nexus_beta,usr_649,agt_0,"SELECT customer_id, month FROM billing_records WHERE id = 40195",SELECT,billing_records,1576,0.6755,billing_summary,500
sess_1149,2026-05-03 14:48:20,ent_nexus_beta,usr_649,agt_0,"SELECT created_at, amount FROM orders WHERE id = 31667",SELECT,orders,100,0.8746,billing_summary,200
sess_1149,2026-05-03 14:48:43,ent_nexus_beta,usr_649,agt_0,"SELECT month, SUM(amount) FROM billing_records GROUP BY month",AGGREGATION,billing_records,3172,0.8208,billing_summary,200
sess_1149,2026-05-03 14:49:11,ent_nexus_beta,usr_649,agt_0,"SELECT email, id FROM customers WHERE id = 47874",SELECT,customers,1531,0.8804,billing_summary,200
sess_1149,2026-05-03 14:52:01,ent_nexus_beta,usr_649,agt_0,UPDATE billing_records SET amount = '5218' WHERE id = 6116,UPDATE,billing_records,259,0.7372,billing_summary,200
sess_1149,2026-05-03 14:52:22,ent_nexus_beta,usr_649,agt_0,"SELECT region, SUM(amount) FROM customers GROUP BY region",AGGREGATION,customers,3397,0.7374,billing_summary,200
sess_1149,2026-05-03 14:53:23,ent_nexus_beta,usr_649,agt_0,"SELECT name, region FROM customers WHERE id = 18524",SELECT,customers,174,0.9302,billing_summary,200
sess_1149,2026-05-03 14:59:12,ent_nexus_beta,usr_649,agt_0,"SELECT status, MAX(id) FROM orders GROUP BY status",AGGREGATION,orders,3378,0.995,billing_summary,200
sess_1149,2026-05-03 15:02:16,ent_nexus_beta,usr_649,agt_0,"SELECT created_at, customer_id FROM orders WHERE id = 26999",SELECT,orders,504,0.9135,billing_summary,200
sess_1149,2026-05-03 15:02:21,ent_nexus_beta,usr_649,agt_0,"SELECT billing_records.id, customers.id FROM billing_records JOIN customers ON billing_records.id = customers.id",JOIN,"billing_records,customers",526,0.7107,billing_summary,200
sess_1150,2026-05-09 19:24:45,ent_corp_alpha,usr_650,agt_10,"SELECT bonus, employee_id FROM employee_salaries WHERE id = 29455",SELECT,employee_salaries,3240,0.995,payroll_processing,200
sess_1150,2026-05-09 19:25:07,ent_corp_alpha,usr_650,agt_10,"SELECT users.id, employee_salaries.id FROM users JOIN employee_salaries ON users.id = employee_salaries.id",JOIN,"users,employee_salaries",5202,0.8399,payroll_processing,200
sess_1150,2026-05-09 19:25:14,ent_corp_alpha,usr_650,agt_10,"SELECT bonus, COUNT(*) FROM employee_salaries GROUP BY bonus",AGGREGATION,employee_salaries,14074,0.739,payroll_processing,200
sess_1150,2026-05-09 19:29:00,ent_corp_alpha,usr_650,agt_10,"SELECT role, username FROM users WHERE id = 93610",SELECT,users,75,0.7352,payroll_processing,200
sess_1150,2026-05-09 19:29:05,ent_corp_alpha,usr_650,agt_10,"SELECT role, id FROM users WHERE id = 41544",SELECT,users,75,0.8814,payroll_processing,200
sess_1150,2026-05-09 19:30:16,ent_corp_alpha,usr_650,agt_10,"SELECT id, grade FROM employee_salaries WHERE id = 1037",SELECT,employee_salaries,52,0.8803,payroll_processing,200
sess_1150,2026-05-09 19:31:40,ent_corp_alpha,usr_650,agt_10,"SELECT customer_id, MAX(id) FROM billing_records GROUP BY customer_id",AGGREGATION,billing_records,4084,0.8828,report_generation,200
sess_1150,2026-05-09 19:31:43,ent_corp_alpha,usr_650,agt_10,"SELECT base_salary, bonus FROM employee_salaries WHERE id = 98313",SELECT,employee_salaries,1669,0.8904,payroll_processing,200
sess_1150,2026-05-09 19:32:07,ent_corp_alpha,usr_650,agt_10,UPDATE users SET id = '9748' WHERE id = 9872,UPDATE,users,23,0.995,payroll_processing,200
sess_1150,2026-05-09 19:32:52,ent_corp_alpha,usr_650,agt_10,"SELECT employee_id, base_salary FROM employee_salaries WHERE id = 64011",SELECT,employee_salaries,1347,0.8895,payroll_processing,200
sess_1150,2026-05-09 19:38:52,ent_corp_alpha,usr_650,agt_10,"SELECT month, AVG(amount) FROM billing_records GROUP BY month",AGGREGATION,billing_records,6251,0.7856,billing_summary,500
sess_1150,2026-05-09 19:41:47,ent_corp_alpha,usr_650,agt_10,UPDATE employee_salaries SET bonus = '3068' WHERE id = 8651,UPDATE,employee_salaries,222,0.9849,payroll_processing,200
sess_1151,2026-05-22 12:19:28,ent_corp_alpha,usr_651,agt_0,"SELECT id, email FROM customers WHERE id = 78443",SELECT,customers,2487,0.995,report_generation,200
sess_1151,2026-05-22 12:19:31,ent_corp_alpha,usr_651,agt_0,"SELECT amount, id FROM billing_records WHERE id = 19508",SELECT,billing_records,97,0.995,report_generation,200
sess_1151,2026-05-22 12:23:58,ent_corp_alpha,usr_651,agt_0,"SELECT name, price FROM products WHERE id = 25414",SELECT,products,482,0.9127,report_generation,200
sess_1151,2026-05-22 12:28:11,ent_corp_alpha,usr_651,agt_0,"SELECT created_at, AVG(amount) FROM orders GROUP BY created_at",AGGREGATION,orders,10080,0.8777,report_generation,200
sess_1151,2026-05-22 12:29:40,ent_corp_alpha,usr_651,agt_0,"SELECT name, created_at FROM customers WHERE id = 20310",SELECT,customers,727,0.9358,report_generation,200
sess_1151,2026-05-22 12:32:16,ent_corp_alpha,usr_651,agt_0,"SELECT created_at, customer_id FROM orders WHERE id = 33324",SELECT,orders,358,0.995,report_generation,200
sess_1151,2026-05-22 12:36:54,ent_corp_alpha,usr_651,agt_0,UPDATE orders SET id = '2259' WHERE id = 5471,UPDATE,orders,224,0.8396,report_generation,200
sess_1151,2026-05-22 12:37:26,ent_corp_alpha,usr_651,agt_0,"SELECT id, name FROM products WHERE id = 12596",SELECT,products,1057,0.8231,report_generation,200
sess_1151,2026-05-22 12:40:38,ent_corp_alpha,usr_651,agt_0,"SELECT name, price FROM products WHERE id = 82958",SELECT,products,62,0.9198,report_generation,200
sess_1151,2026-05-22 12:45:57,ent_corp_alpha,usr_651,agt_0,"SELECT id, COUNT(*) FROM employee_salaries GROUP BY id",AGGREGATION,employee_salaries,7584,0.8967,compensation_review,200
sess_1151,2026-05-22 12:45:59,ent_corp_alpha,usr_651,agt_0,"SELECT amount, id FROM orders WHERE id = 72169",SELECT,orders,597,0.9262,report_generation,200
sess_1151,2026-05-22 12:46:32,ent_corp_alpha,usr_651,agt_0,"SELECT id, region FROM customers WHERE id = 74747",SELECT,customers,439,0.9165,report_generation,200
sess_1151,2026-05-22 12:47:07,ent_corp_alpha,usr_651,agt_0,"SELECT id, month FROM billing_records WHERE id = 30173",SELECT,billing_records,45,0.8632,report_generation,200
sess_1151,2026-05-22 12:47:40,ent_corp_alpha,usr_651,agt_0,"SELECT customer_id, amount FROM billing_records WHERE id = 3851",SELECT,billing_records,1543,0.9557,report_generation,200
sess_1151,2026-05-22 12:54:19,ent_corp_alpha,usr_651,agt_0,"SELECT created_at, name FROM customers WHERE id = 16955",SELECT,customers,256,0.8445,report_generation,200
sess_1151,2026-05-22 12:55:34,ent_corp_alpha,usr_651,agt_0,"SELECT status, customer_id FROM orders WHERE id = 41946",SELECT,orders,132,0.9717,report_generation,200
sess_1152,2026-05-01 17:19:54,ent_nexus_beta,usr_652,agt_10,"SELECT level, COUNT(*) FROM logs GROUP BY level",AGGREGATION,logs,3346,0.5778,report_generation,403
sess_1152,2026-05-01 17:22:52,ent_nexus_beta,usr_652,agt_10,"SELECT message, SUM(amount) FROM logs GROUP BY message",AGGREGATION,logs,1079,0.5938,inventory_check,200
sess_1152,2026-05-01 17:24:26,ent_nexus_beta,usr_652,agt_10,"SELECT region, created_at FROM customers WHERE id = 70406",SELECT,customers,797,0.369,inventory_check,200
sess_1152,2026-05-01 17:24:59,ent_nexus_beta,usr_652,agt_10,"SELECT stock, AVG(amount) FROM inventory GROUP BY stock",AGGREGATION,inventory,168,0.3493,payroll_processing,200
sess_1152,2026-05-01 17:26:39,ent_nexus_beta,usr_652,agt_10,"SELECT name, id FROM products WHERE id = 38763",SELECT,products,157,0.69,compensation_review,200
sess_1152,2026-05-01 17:27:48,ent_nexus_beta,usr_652,agt_10,"SELECT id, amount FROM billing_records WHERE id = 84428",SELECT,billing_records,597,0.7295,billing_summary,200
sess_1152,2026-05-01 17:27:50,ent_nexus_beta,usr_652,agt_10,ALTER TABLE inventory ADD COLUMN flag_4 BOOLEAN,DDL,inventory,125,0.7308,billing_summary,200
sess_1152,2026-05-01 17:31:48,ent_nexus_beta,usr_652,agt_10,"SELECT created_at, customer_id FROM orders WHERE id = 56061",SELECT,orders,1745,0.7209,customer_lookup,200
sess_1152,2026-05-01 17:33:38,ent_nexus_beta,usr_652,agt_10,"SELECT stock, id FROM inventory WHERE id = 61924",SELECT,inventory,550,0.7679,schema_audit,200
sess_1152,2026-05-01 17:33:40,ent_nexus_beta,usr_652,agt_10,"SELECT month, AVG(amount) FROM billing_records GROUP BY month",AGGREGATION,billing_records,219,0.5765,payroll_processing,200
sess_1152,2026-05-01 17:34:02,ent_nexus_beta,usr_652,agt_10,UPDATE logs SET id = '3962' WHERE id = 2257,UPDATE,logs,418,0.7148,customer_lookup,200
sess_1152,2026-05-01 17:34:59,ent_nexus_beta,usr_652,agt_10,"SELECT logs.id, products.id FROM logs JOIN products ON logs.id = products.id",JOIN,"logs,products",36,0.5822,support_triage,200
sess_1152,2026-05-01 17:37:15,ent_nexus_beta,usr_652,agt_10,"SELECT month, customer_id FROM billing_records WHERE id = 52383",SELECT,billing_records,136,0.6842,sales_performance,200
sess_1152,2026-05-01 17:37:17,ent_nexus_beta,usr_652,agt_10,"SELECT billing_records.id, orders.id FROM billing_records JOIN orders ON billing_records.id = orders.id",JOIN,"billing_records,orders",54,0.5221,order_management,200
sess_1153,2026-05-02 12:55:01,ent_nexus_beta,usr_653,agt_0,"SELECT customer_id, AVG(amount) FROM orders GROUP BY customer_id",AGGREGATION,orders,4613,0.995,sales_performance,200
sess_1153,2026-05-02 13:03:49,ent_nexus_beta,usr_653,agt_0,"SELECT created_at, AVG(amount) FROM orders GROUP BY created_at",AGGREGATION,orders,2273,0.9773,sales_performance,200
sess_1153,2026-05-02 13:06:46,ent_nexus_beta,usr_653,agt_0,"SELECT name, COUNT(*) FROM products GROUP BY name",AGGREGATION,products,2018,0.7542,sales_performance,200
sess_1153,2026-05-02 13:08:01,ent_nexus_beta,usr_653,agt_0,"SELECT method, id FROM billing_records WHERE id = 15498",SELECT,billing_records,1133,0.8242,sales_performance,200
sess_1153,2026-05-02 13:09:47,ent_nexus_beta,usr_653,agt_0,"SELECT amount, SUM(amount) FROM billing_records GROUP BY amount",AGGREGATION,billing_records,3990,0.9132,sales_performance,200
sess_1153,2026-05-02 13:10:07,ent_nexus_beta,usr_653,agt_0,"SELECT name, price FROM products WHERE id = 5169",SELECT,products,68,0.8747,sales_performance,200
sess_1153,2026-05-02 13:14:24,ent_nexus_beta,usr_653,agt_0,"SELECT id, amount FROM orders WHERE id = 19683",SELECT,orders,163,0.995,sales_performance,200
sess_1153,2026-05-02 13:14:35,ent_nexus_beta,usr_653,agt_0,"SELECT amount, SUM(amount) FROM billing_records GROUP BY amount",AGGREGATION,billing_records,5290,0.995,sales_performance,200
sess_1153,2026-05-02 13:15:07,ent_nexus_beta,usr_653,agt_0,"SELECT amount, status FROM orders WHERE id = 55418",SELECT,orders,1078,0.7396,sales_performance,200
sess_1153,2026-05-02 13:22:36,ent_nexus_beta,usr_653,agt_0,"SELECT price, category FROM products WHERE id = 1384",SELECT,products,517,0.995,sales_performance,200
sess_1153,2026-05-02 13:23:54,ent_nexus_beta,usr_653,agt_0,"SELECT billing_records.id, products.id FROM billing_records JOIN products ON billing_records.id = products.id",JOIN,"billing_records,products",1579,0.995,sales_performance,200
sess_1153,2026-05-02 13:25:26,ent_nexus_beta,usr_653,agt_0,"SELECT method, customer_id FROM billing_records WHERE id = 59816",SELECT,billing_records,147,0.8764,sales_performance,200
sess_1153,2026-05-02 13:28:31,ent_nexus_beta,usr_653,agt_0,"SELECT method, amount FROM billing_records WHERE id = 70501",SELECT,billing_records,1039,0.9407,sales_performance,200
sess_1153,2026-05-02 13:28:37,ent_nexus_beta,usr_653,agt_0,"SELECT name, id FROM products WHERE id = 5442",SELECT,products,1539,0.9041,sales_performance,500
sess_1153,2026-05-02 13:29:24,ent_nexus_beta,usr_653,agt_0,"SELECT id, name FROM products WHERE id = 56606",SELECT,products,119,0.995,sales_performance,200
sess_1154,2026-05-27 13:21:06,ent_nexus_beta,usr_654,agt_0,"SELECT id, price FROM products WHERE id = 3908",SELECT,products,1703,0.8263,inventory_check,200
sess_1154,2026-05-27 13:21:31,ent_nexus_beta,usr_654,agt_0,"SELECT warehouse, sku FROM inventory WHERE id = 86473",SELECT,inventory,723,0.8939,inventory_check,200
sess_1154,2026-05-27 13:25:16,ent_nexus_beta,usr_654,agt_0,"SELECT stock, updated_at FROM inventory WHERE id = 31698",SELECT,inventory,663,0.7619,inventory_check,200
sess_1154,2026-05-27 13:25:37,ent_nexus_beta,usr_654,agt_0,"SELECT email, id FROM customers WHERE id = 65254",SELECT,customers,3830,0.9374,customer_lookup,200
sess_1154,2026-05-27 13:28:31,ent_nexus_beta,usr_654,agt_0,"SELECT status, id FROM orders WHERE id = 76943",SELECT,orders,597,0.8958,customer_lookup,200
sess_1154,2026-05-27 13:28:59,ent_nexus_beta,usr_654,agt_0,"SELECT amount, customer_id FROM orders WHERE id = 97272",SELECT,orders,291,0.6887,customer_lookup,200
sess_1154,2026-05-27 13:29:32,ent_nexus_beta,usr_654,agt_0,"SELECT id, MAX(id) FROM orders GROUP BY id",AGGREGATION,orders,506,0.9103,customer_lookup,200
sess_1154,2026-05-27 13:31:37,ent_nexus_beta,usr_654,agt_0,"SELECT amount, id FROM orders WHERE id = 60218",SELECT,orders,427,0.9085,customer_lookup,200
sess_1154,2026-05-27 13:31:40,ent_nexus_beta,usr_654,agt_0,"SELECT created_at, amount FROM orders WHERE id = 73171",SELECT,orders,660,0.8342,customer_lookup,200
sess_1154,2026-05-27 13:33:14,ent_nexus_beta,usr_654,agt_0,"SELECT email, MAX(id) FROM customers GROUP BY email",AGGREGATION,customers,1752,0.8564,customer_lookup,200
sess_1155,2026-05-12 23:15:46,ent_apex_gamma,usr_655,agt_1,"SELECT table_schema, table_name FROM information_schema.tables WHERE id = 50210",SELECT,information_schema.tables,1174,0.6608,schema_audit,200
sess_1155,2026-05-12 23:18:16,ent_apex_gamma,usr_655,agt_1,"SELECT id, SUM(amount) FROM audit_log GROUP BY id",AGGREGATION,audit_log,7204,0.9169,schema_audit,200
sess_1155,2026-05-12 23:21:58,ent_apex_gamma,usr_655,agt_1,"SELECT table_name, table_schema FROM information_schema.tables WHERE id = 61191",SELECT,information_schema.tables,715,0.9477,schema_audit,200
sess_1155,2026-05-12 23:26:06,ent_apex_gamma,usr_655,agt_1,"SELECT table_name, AVG(amount) FROM information_schema.columns GROUP BY table_name",AGGREGATION,information_schema.columns,1918,0.9055,schema_audit,200
sess_1155,2026-05-12 23:27:10,ent_apex_gamma,usr_655,agt_1,"SELECT support_tickets.id, audit_log.id FROM support_tickets JOIN audit_log ON support_tickets.id = audit_log.id",JOIN,"support_tickets,audit_log",1837,0.8304,support_triage,200
sess_1155,2026-05-12 23:28:59,ent_apex_gamma,usr_655,agt_1,"SELECT column_name, table_name FROM information_schema.columns WHERE id = 12227",SELECT,information_schema.columns,801,0.8009,schema_audit,200
sess_1155,2026-05-12 23:34:11,ent_apex_gamma,usr_655,agt_1,"SELECT id, ts FROM audit_log WHERE id = 30977",SELECT,audit_log,115,0.7646,schema_audit,200
sess_1155,2026-05-12 23:38:12,ent_apex_gamma,usr_655,agt_1,"SELECT created_at, AVG(amount) FROM orders GROUP BY created_at",AGGREGATION,orders,3029,0.8904,sales_performance,200
sess_1155,2026-05-12 23:38:43,ent_apex_gamma,usr_655,agt_1,"SELECT data_type, SUM(amount) FROM information_schema.columns GROUP BY data_type",AGGREGATION,information_schema.columns,4504,0.8233,schema_audit,200
sess_1155,2026-05-12 23:42:32,ent_apex_gamma,usr_655,agt_1,"SELECT table_name, table_schema FROM information_schema.tables WHERE id = 44407",SELECT,information_schema.tables,1356,0.995,schema_audit,200
sess_1155,2026-05-12 23:42:34,ent_apex_gamma,usr_655,agt_1,"SELECT ts, actor FROM audit_log WHERE id = 48154",SELECT,audit_log,1930,0.6535,schema_audit,200
sess_1155,2026-05-12 23:42:56,ent_apex_gamma,usr_655,agt_1,"SELECT id, target FROM audit_log WHERE id = 77682",SELECT,audit_log,360,0.8563,schema_audit,200
sess_1155,2026-05-12 23:44:21,ent_apex_gamma,usr_655,agt_1,"SELECT id, ts FROM audit_log WHERE id = 28574",SELECT,audit_log,595,0.9158,schema_audit,200
sess_1155,2026-05-12 23:49:16,ent_apex_gamma,usr_655,agt_1,UPDATE information_schema.columns SET data_type = '7151' WHERE id = 4960,UPDATE,information_schema.columns,106,0.7857,schema_audit,200
sess_1156,2026-04-27 11:39:12,ent_nexus_beta,usr_656,agt_2,"SELECT id, created_at FROM customers WHERE id = 40793",SELECT,customers,179,0.9713,report_generation,200
sess_1156,2026-04-27 11:46:46,ent_nexus_beta,usr_656,agt_2,"SELECT amount, customer_id FROM orders WHERE id = 24654",SELECT,orders,73,0.9785,report_generation,200
sess_1156,2026-04-27 11:48:26,ent_nexus_beta,usr_656,agt_2,"SELECT id, category FROM products WHERE id = 54765",SELECT,products,88,0.8818,report_generation,200
sess_1156,2026-04-27 11:49:38,ent_nexus_beta,usr_656,agt_2,"SELECT name, price FROM products WHERE id = 92204",SELECT,products,206,0.8927,report_generation,200
sess_1156,2026-04-27 11:55:04,ent_nexus_beta,usr_656,agt_2,"SELECT category, price FROM products WHERE id = 8845",SELECT,products,337,0.8713,report_generation,200
sess_1156,2026-04-27 11:58:09,ent_nexus_beta,usr_656,agt_2,"SELECT amount, method FROM billing_records WHERE id = 27452",SELECT,billing_records,602,0.995,report_generation,200
sess_1156,2026-04-27 12:09:49,ent_nexus_beta,usr_656,agt_2,"SELECT id, category FROM products WHERE id = 68973",SELECT,products,236,0.7576,report_generation,200
sess_1156,2026-04-27 12:11:17,ent_nexus_beta,usr_656,agt_2,"SELECT customer_id, month FROM billing_records WHERE id = 6264",SELECT,billing_records,253,0.995,report_generation,200
sess_1156,2026-04-27 12:11:37,ent_nexus_beta,usr_656,agt_2,"SELECT status, created_at FROM orders WHERE id = 40389",SELECT,orders,78,0.8672,report_generation,200
sess_1156,2026-04-27 12:12:27,ent_nexus_beta,usr_656,agt_2,"SELECT id, category FROM products WHERE id = 51064",SELECT,products,103,0.4632,order_management,200
sess_1156,2026-04-27 12:12:47,ent_nexus_beta,usr_656,agt_2,"SELECT employee_id, id FROM employee_salaries WHERE id = 68922",SELECT,employee_salaries,611,0.7826,report_generation,200
sess_1156,2026-04-27 12:14:03,ent_nexus_beta,usr_656,agt_2,"SELECT customer_id, month FROM billing_records WHERE id = 45996",SELECT,billing_records,46,0.6157,inventory_check,200
sess_1156,2026-04-27 12:19:37,ent_nexus_beta,usr_656,agt_2,"SELECT price, name FROM products WHERE id = 91048",SELECT,products,81,0.6112,sales_performance,200
sess_1156,2026-04-27 12:21:01,ent_nexus_beta,usr_656,agt_2,"SELECT base_salary, employee_id FROM employee_salaries WHERE id = 53891",SELECT,employee_salaries,49,0.7966,report_generation,200
sess_1156,2026-04-27 12:22:46,ent_nexus_beta,usr_656,agt_2,"SELECT service, secret_hash FROM system_credentials WHERE id = 863",SELECT,system_credentials,96,0.5991,compensation_review,200
sess_1156,2026-04-27 12:25:08,ent_nexus_beta,usr_656,agt_2,"SELECT rotated_at, service FROM system_credentials WHERE id = 42173",SELECT,system_credentials,59,0.7267,payroll_processing,200
sess_1156,2026-04-27 12:26:38,ent_nexus_beta,usr_656,agt_2,"SELECT category, name FROM products WHERE id = 35207",SELECT,products,83,0.384,support_triage,200
sess_1156,2026-04-27 12:27:50,ent_nexus_beta,usr_656,agt_2,"SELECT year, id FROM executive_compensation WHERE id = 66881",SELECT,executive_compensation,130,0.5969,payroll_processing,200
sess_1156,2026-04-27 12:30:02,ent_nexus_beta,usr_656,agt_2,"SELECT created_at, id FROM customers WHERE id = 18943",SELECT,customers,40,0.3367,support_triage,200
sess_1156,2026-04-27 12:30:22,ent_nexus_beta,usr_656,agt_2,"SELECT target, actor FROM audit_log WHERE id = 80438",SELECT,audit_log,74,0.5756,support_triage,200
sess_1156,2026-04-27 12:30:50,ent_nexus_beta,usr_656,agt_2,"SELECT id, amount FROM billing_records WHERE id = 87176",SELECT,billing_records,162,0.5992,payroll_processing,200
sess_1156,2026-04-27 12:34:58,ent_nexus_beta,usr_656,agt_2,"SELECT category, id FROM products WHERE id = 95164",SELECT,products,648,0.6959,schema_audit,200
sess_1156,2026-04-27 12:36:46,ent_nexus_beta,usr_656,agt_2,"SELECT customer_id, amount FROM billing_records WHERE id = 44267",SELECT,billing_records,91,0.4973,schema_audit,200
sess_1156,2026-04-27 12:44:56,ent_nexus_beta,usr_656,agt_2,"SELECT employee_id, grade FROM employee_salaries WHERE id = 52859",SELECT,employee_salaries,248,0.6266,inventory_check,200
sess_1156,2026-04-27 12:45:16,ent_nexus_beta,usr_656,agt_2,"SELECT grade, employee_id FROM employee_salaries WHERE id = 46871",SELECT,employee_salaries,128,0.5327,support_triage,200
sess_1156,2026-04-27 12:47:08,ent_nexus_beta,usr_656,agt_2,"SELECT amount, method FROM billing_records WHERE id = 49564",SELECT,billing_records,74,0.445,support_triage,500
sess_1156,2026-04-27 12:52:32,ent_nexus_beta,usr_656,agt_2,"SELECT ts, actor FROM audit_log WHERE id = 42484",SELECT,audit_log,588,0.6164,sales_performance,200
sess_1156,2026-04-27 12:55:53,ent_nexus_beta,usr_656,agt_2,"SELECT created_at, customer_id FROM orders WHERE id = 49521",SELECT,orders,146,0.6835,support_triage,200
sess_1156,2026-04-27 12:57:52,ent_nexus_beta,usr_656,agt_2,"SELECT id, email FROM customers WHERE id = 20852",SELECT,customers,224,0.7733,inventory_check,200
sess_1156,2026-04-27 12:59:04,ent_nexus_beta,usr_656,agt_2,"SELECT actor, target FROM audit_log WHERE id = 99831",SELECT,audit_log,48,0.7772,sales_performance,200
sess_1156,2026-04-27 13:02:33,ent_nexus_beta,usr_656,agt_2,"SELECT bonus, grade FROM employee_salaries WHERE id = 27870",SELECT,employee_salaries,78,0.8579,payroll_processing,200
sess_1156,2026-04-27 13:15:34,ent_nexus_beta,usr_656,agt_2,"SELECT id, action FROM audit_log WHERE id = 63441",SELECT,audit_log,260,0.7778,inventory_check,200
sess_1156,2026-04-27 13:25:25,ent_nexus_beta,usr_656,agt_2,"SELECT customer_id, id FROM billing_records WHERE id = 32265",SELECT,billing_records,206,0.5375,sales_performance,200
sess_1156,2026-04-27 13:29:39,ent_nexus_beta,usr_656,agt_2,"SELECT action, id FROM audit_log WHERE id = 24768",SELECT,audit_log,134,0.838,schema_audit,200
sess_1156,2026-04-27 13:33:14,ent_nexus_beta,usr_656,agt_2,"SELECT id, month FROM billing_records WHERE id = 82256",SELECT,billing_records,1177,0.7736,schema_audit,200
sess_1156,2026-04-27 13:41:22,ent_nexus_beta,usr_656,agt_2,"SELECT price, category FROM products WHERE id = 98160",SELECT,products,180,0.4744,customer_lookup,200
sess_1157,2026-04-27 02:49:45,ent_nexus_beta,usr_657,agt_3,DROP TABLE users,DDL,users,1574,0.6313,support_triage,200
sess_1157,2026-04-27 02:50:22,ent_nexus_beta,usr_657,agt_3,"SELECT id, category FROM products WHERE id = 75270",SELECT,products,788,0.4215,compensation_review,200
sess_1157,2026-04-27 02:50:24,ent_nexus_beta,usr_657,agt_3,UPDATE system_credentials SET service = '701' WHERE id = 4769,UPDATE,system_credentials,6063,0.4595,report_generation,200
sess_1157,2026-04-27 02:50:51,ent_nexus_beta,usr_657,agt_3,UPDATE products SET category = '7829' WHERE id = 2177,UPDATE,products,24791,0.7328,support_triage,200
sess_1157,2026-04-27 02:53:19,ent_nexus_beta,usr_657,agt_3,"SELECT username, COUNT(*) FROM users GROUP BY username",AGGREGATION,users,326,0.4458,customer_lookup,200
sess_1157,2026-04-27 02:53:52,ent_nexus_beta,usr_657,agt_3,"SELECT id, email FROM customers WHERE id = 22598",SELECT,customers,13524,0.5774,compensation_review,200
sess_1157,2026-04-27 02:54:04,ent_nexus_beta,usr_657,agt_3,"SELECT orders.id, inventory.id FROM orders JOIN inventory ON orders.id = inventory.id",JOIN,"orders,inventory",1426,0.6954,compensation_review,200
sess_1157,2026-04-27 02:55:14,ent_nexus_beta,usr_657,agt_3,ALTER TABLE employee_salaries ADD COLUMN flag_17 BOOLEAN,DDL,employee_salaries,14052,0.6119,system_health_check,200
sess_1157,2026-04-27 02:55:26,ent_nexus_beta,usr_657,agt_3,"SELECT system_credentials.id, products.id FROM system_credentials JOIN products ON system_credentials.id = products.id",JOIN,"system_credentials,products",100,0.8364,billing_summary,200
sess_1157,2026-04-27 02:55:43,ent_nexus_beta,usr_657,agt_3,"SELECT ssn, phone FROM customer_pii WHERE id = 83921",SELECT,customer_pii,1002,0.6393,compensation_review,200
sess_1157,2026-04-27 02:56:48,ent_nexus_beta,usr_657,agt_3,"SELECT name, price FROM products WHERE id = 53981",SELECT,products,391,0.7229,sales_performance,200
sess_1157,2026-04-27 02:57:19,ent_nexus_beta,usr_657,agt_3,"SELECT table_name, data_type FROM information_schema.columns WHERE id = 81443",SELECT,information_schema.columns,244,0.554,system_health_check,200
sess_1157,2026-04-27 02:57:27,ent_nexus_beta,usr_657,agt_3,"SELECT secret_hash, id FROM system_credentials WHERE id = 93581",SELECT,system_credentials,176,0.3092,compensation_review,200
sess_1157,2026-04-27 02:59:03,ent_nexus_beta,usr_657,agt_3,"SELECT system_credentials.id, information_schema.columns.id FROM system_credentials JOIN information_schema.columns ON system_credentials.id = information_schema.columns.id",JOIN,"system_credentials,information_schema.columns",197,0.6117,system_health_check,200
sess_1157,2026-04-27 03:00:22,ent_nexus_beta,usr_657,agt_3,UPDATE products SET price = '8054' WHERE id = 4675,UPDATE,products,135,0.6807,billing_summary,200
sess_1157,2026-04-27 03:00:24,ent_nexus_beta,usr_657,agt_3,UPDATE employee_salaries SET base_salary = '4888' WHERE id = 9339,UPDATE,employee_salaries,748,0.627,sales_performance,200
sess_1157,2026-04-27 03:02:24,ent_nexus_beta,usr_657,agt_3,"SELECT last_login, AVG(amount) FROM users GROUP BY last_login",AGGREGATION,users,132,0.7106,payroll_processing,200
sess_1157,2026-04-27 03:02:26,ent_nexus_beta,usr_657,agt_3,DROP TABLE information_schema.columns,DDL,information_schema.columns,242,0.4819,report_generation,200
sess_1157,2026-04-27 03:03:38,ent_nexus_beta,usr_657,agt_3,"SELECT shipments.id, customer_pii.id FROM shipments JOIN customer_pii ON shipments.id = customer_pii.id",JOIN,"shipments,customer_pii",933,0.6252,support_triage,200
sess_1157,2026-04-27 03:03:40,ent_nexus_beta,usr_657,agt_3,"SELECT price, SUM(amount) FROM products GROUP BY price",AGGREGATION,products,980,0.5911,report_generation,200
sess_1157,2026-04-27 03:05:06,ent_nexus_beta,usr_657,agt_3,"SELECT id, COUNT(*) FROM page_views GROUP BY id",AGGREGATION,page_views,183,0.4846,system_health_check,200
sess_1157,2026-04-27 03:05:53,ent_nexus_beta,usr_657,agt_3,DROP TABLE customer_pii,DDL,customer_pii,444,0.6829,customer_lookup,200
sess_1157,2026-04-27 03:06:34,ent_nexus_beta,usr_657,agt_3,UPDATE customer_pii SET ssn = '9060' WHERE id = 7301,UPDATE,customer_pii,11312,0.7347,billing_summary,200
sess_1157,2026-04-27 03:08:09,ent_nexus_beta,usr_657,agt_3,"SELECT table_name, data_type FROM information_schema.columns WHERE id = 93703",SELECT,information_schema.columns,3415,0.6173,billing_summary,200
sess_1157,2026-04-27 03:08:21,ent_nexus_beta,usr_657,agt_3,"SELECT customer_pii.id, inventory.id FROM customer_pii JOIN inventory ON customer_pii.id = inventory.id",JOIN,"customer_pii,inventory",640,0.6893,compensation_review,200
sess_1158,2026-05-11 23:15:25,ent_apex_gamma,usr_658,agt_3,"SELECT id, COUNT(*) FROM customers GROUP BY id",AGGREGATION,customers,1753,0.9498,billing_summary,200
sess_1158,2026-05-11 23:17:39,ent_apex_gamma,usr_658,agt_3,"SELECT status, COUNT(*) FROM orders GROUP BY status",AGGREGATION,orders,3477,0.995,billing_summary,200
sess_1158,2026-05-11 23:20:42,ent_apex_gamma,usr_658,agt_3,"SELECT customer_id, MAX(id) FROM orders GROUP BY customer_id",AGGREGATION,orders,1862,0.995,billing_summary,200
sess_1158,2026-05-11 23:24:33,ent_apex_gamma,usr_658,agt_3,SELECT * FROM billing_records,SELECT,billing_records,205076,0.995,billing_summary,200
sess_1158,2026-05-11 23:24:39,ent_apex_gamma,usr_658,agt_3,"SELECT id, amount FROM billing_records WHERE id = 2597",SELECT,billing_records,536,0.7692,billing_summary,200
sess_1158,2026-05-11 23:25:53,ent_apex_gamma,usr_658,agt_3,SELECT * FROM billing_records,SELECT,billing_records,78055,0.843,billing_summary,200
sess_1158,2026-05-11 23:26:43,ent_apex_gamma,usr_658,agt_3,"SELECT id, AVG(amount) FROM orders GROUP BY id",AGGREGATION,orders,11483,0.8307,billing_summary,200
sess_1158,2026-05-11 23:29:46,ent_apex_gamma,usr_658,agt_3,"SELECT created_at, id FROM orders WHERE id = 43238",SELECT,orders,2000,0.6303,billing_summary,200
sess_1158,2026-05-11 23:30:34,ent_apex_gamma,usr_658,agt_3,SELECT * FROM customers,SELECT,customers,82630,0.737,billing_summary,200
sess_1159,2026-04-27 11:23:28,ent_nexus_beta,usr_659,agt_15,"SELECT orders.id, shipments.id FROM orders JOIN shipments ON orders.id = shipments.id",JOIN,"orders,shipments",977,0.858,order_management,200
sess_1159,2026-04-27 11:23:59,ent_nexus_beta,usr_659,agt_15,"SELECT eta, COUNT(*) FROM shipments GROUP BY eta",AGGREGATION,shipments,3165,0.8411,order_management,200
sess_1159,2026-04-27 11:24:47,ent_nexus_beta,usr_659,agt_15,"SELECT email, region FROM customers WHERE id = 4876",SELECT,customers,998,0.7913,order_management,200
sess_1159,2026-04-27 11:25:13,ent_nexus_beta,usr_659,agt_15,"SELECT created_at, id FROM orders WHERE id = 17782",SELECT,orders,113,0.995,order_management,200
sess_1159,2026-04-27 11:26:30,ent_nexus_beta,usr_659,agt_15,"SELECT region, COUNT(*) FROM customers GROUP BY region",AGGREGATION,customers,11330,0.9077,order_management,200
sess_1159,2026-04-27 11:30:29,ent_nexus_beta,usr_659,agt_15,"SELECT id, MAX(id) FROM orders GROUP BY id",AGGREGATION,orders,2561,0.9171,order_management,403
sess_1159,2026-04-27 11:31:05,ent_nexus_beta,usr_659,agt_15,"SELECT orders.id, shipments.id FROM orders JOIN shipments ON orders.id = shipments.id",JOIN,"orders,shipments",1827,0.7854,order_management,200
sess_1159,2026-04-27 11:32:28,ent_nexus_beta,usr_659,agt_15,"SELECT id, email FROM customers WHERE id = 70074",SELECT,customers,1776,0.8145,order_management,200
sess_1159,2026-04-27 11:33:07,ent_nexus_beta,usr_659,agt_15,"SELECT region, name FROM customers WHERE id = 31756",SELECT,customers,282,0.8084,order_management,200
sess_1159,2026-04-27 11:34:10,ent_nexus_beta,usr_659,agt_15,"SELECT name, AVG(amount) FROM customers GROUP BY name",AGGREGATION,customers,8668,0.9654,order_management,200
sess_1159,2026-04-27 11:35:31,ent_nexus_beta,usr_659,agt_15,"SELECT order_id, id FROM shipments WHERE id = 67688",SELECT,shipments,559,0.8181,order_management,200
sess_1159,2026-04-27 11:37:05,ent_nexus_beta,usr_659,agt_15,"SELECT id, eta FROM shipments WHERE id = 88221",SELECT,shipments,774,0.9276,order_management,200
sess_1160,2026-05-09 16:28:36,ent_nexus_beta,usr_660,agt_5,"SELECT created_at, customer_id FROM orders WHERE id = 45914",SELECT,orders,1156,0.7715,support_triage,200
sess_1160,2026-05-09 16:28:50,ent_nexus_beta,usr_660,agt_5,"SELECT priority, id FROM support_tickets WHERE id = 88416",SELECT,support_tickets,5205,0.9342,support_triage,200
sess_1160,2026-05-09 16:30:21,ent_nexus_beta,usr_660,agt_5,"SELECT status, created_at FROM orders WHERE id = 55688",SELECT,orders,474,0.9021,support_triage,200
sess_1160,2026-05-09 16:30:58,ent_nexus_beta,usr_660,agt_5,"SELECT region, name FROM customers WHERE id = 62998",SELECT,customers,608,0.9175,support_triage,200
sess_1160,2026-05-09 16:33:13,ent_nexus_beta,usr_660,agt_5,"SELECT created_at, region FROM customers WHERE id = 66253",SELECT,customers,98,0.8802,report_generation,200
sess_1160,2026-05-09 16:33:43,ent_nexus_beta,usr_660,agt_5,"SELECT subject, priority FROM support_tickets WHERE id = 36037",SELECT,support_tickets,91,0.977,payroll_processing,200
sess_1160,2026-05-09 16:33:46,ent_nexus_beta,usr_660,agt_5,UPDATE customers SET created_at = '3794' WHERE id = 7961,UPDATE,customers,128,0.7583,support_triage,200
sess_1160,2026-05-09 16:34:36,ent_nexus_beta,usr_660,agt_5,"SELECT email, created_at FROM customers WHERE id = 2470",SELECT,customers,51,0.9193,order_management,200
sess_1160,2026-05-09 16:34:39,ent_nexus_beta,usr_660,agt_5,"SELECT id, status FROM orders WHERE id = 87717",SELECT,orders,550,0.7926,support_triage,200
sess_1160,2026-05-09 16:36:11,ent_nexus_beta,usr_660,agt_5,"SELECT priority, subject FROM support_tickets WHERE id = 32727",SELECT,support_tickets,195,0.9846,support_triage,200
sess_1160,2026-05-09 16:37:11,ent_nexus_beta,usr_660,agt_5,"SELECT customers.id, orders.id FROM customers JOIN orders ON customers.id = orders.id",JOIN,"customers,orders",718,0.8185,support_triage,200
sess_1160,2026-05-09 16:38:41,ent_nexus_beta,usr_660,agt_5,"SELECT email, id FROM customers WHERE id = 69848",SELECT,customers,2015,0.723,support_triage,200
sess_1160,2026-05-09 16:42:56,ent_nexus_beta,usr_660,agt_5,"SELECT email, region FROM customers WHERE id = 28333",SELECT,customers,4155,0.995,support_triage,200
sess_1160,2026-05-09 16:46:46,ent_nexus_beta,usr_660,agt_5,"SELECT status, SUM(amount) FROM support_tickets GROUP BY status",AGGREGATION,support_tickets,2152,0.8881,support_triage,200
sess_1160,2026-05-09 16:47:57,ent_nexus_beta,usr_660,agt_5,"SELECT status, id FROM support_tickets WHERE id = 56353",SELECT,support_tickets,591,0.804,support_triage,200
sess_1160,2026-05-09 16:49:24,ent_nexus_beta,usr_660,agt_5,"SELECT support_tickets.id, customers.id FROM support_tickets JOIN customers ON support_tickets.id = customers.id",JOIN,"support_tickets,customers",800,0.8856,customer_lookup,200
sess_1161,2026-05-09 10:32:19,ent_corp_alpha,usr_661,agt_12,"SELECT customer_id, SUM(amount) FROM billing_records GROUP BY customer_id",AGGREGATION,billing_records,1352,0.8878,report_generation,200
sess_1161,2026-05-09 10:32:56,ent_corp_alpha,usr_661,agt_12,"SELECT id, category FROM products WHERE id = 21994",SELECT,products,1230,0.9653,report_generation,200
sess_1161,2026-05-09 10:33:08,ent_corp_alpha,usr_661,agt_12,"SELECT name, region FROM customers WHERE id = 71912",SELECT,customers,713,0.913,report_generation,200
sess_1161,2026-05-09 10:34:24,ent_corp_alpha,usr_661,agt_12,"SELECT status, customer_id FROM orders WHERE id = 80932",SELECT,orders,3551,0.8219,report_generation,200
sess_1161,2026-05-09 10:34:31,ent_corp_alpha,usr_661,agt_12,"SELECT phone, ssn FROM customer_pii WHERE id = 34339",SELECT,customer_pii,33,0.7036,report_generation,200
sess_1161,2026-05-09 10:34:34,ent_corp_alpha,usr_661,agt_12,"SELECT name, COUNT(*) FROM customers GROUP BY name",AGGREGATION,customers,181,0.9308,report_generation,200
sess_1161,2026-05-09 10:35:18,ent_corp_alpha,usr_661,agt_12,"SELECT email, created_at FROM customers WHERE id = 16950",SELECT,customers,598,0.9351,report_generation,200
sess_1161,2026-05-09 10:38:43,ent_corp_alpha,usr_661,agt_12,"SELECT id, grade FROM employee_salaries WHERE id = 23371",SELECT,employee_salaries,150,0.4342,report_generation,200
sess_1161,2026-05-09 10:40:14,ent_corp_alpha,usr_661,agt_12,"SELECT name, COUNT(*) FROM customers GROUP BY name",AGGREGATION,customers,274,0.7767,report_generation,200
sess_1161,2026-05-09 10:43:38,ent_corp_alpha,usr_661,agt_12,"SELECT id, COUNT(*) FROM billing_records GROUP BY id",AGGREGATION,billing_records,1140,0.9416,report_generation,200
sess_1161,2026-05-09 10:44:24,ent_corp_alpha,usr_661,agt_12,"SELECT created_at, status FROM orders WHERE id = 16408",SELECT,orders,658,0.9562,report_generation,200
sess_1161,2026-05-09 10:45:07,ent_corp_alpha,usr_661,agt_12,"SELECT created_at, AVG(amount) FROM customers GROUP BY created_at",AGGREGATION,customers,737,0.8105,report_generation,200
sess_1162,2026-05-24 17:02:16,ent_corp_alpha,usr_662,agt_12,"SELECT customers.id, orders.id FROM customers JOIN orders ON customers.id = orders.id",JOIN,"customers,orders",270,0.7988,billing_summary,200
sess_1162,2026-05-24 17:03:55,ent_corp_alpha,usr_662,agt_12,"SELECT month, customer_id FROM billing_records WHERE id = 21333",SELECT,billing_records,65,0.707,billing_summary,500
sess_1162,2026-05-24 17:03:57,ent_corp_alpha,usr_662,agt_12,"SELECT billing_records.id, orders.id FROM billing_records JOIN orders ON billing_records.id = orders.id",JOIN,"billing_records,orders",1268,0.9003,billing_summary,200
sess_1162,2026-05-24 17:05:13,ent_corp_alpha,usr_662,agt_12,"SELECT amount, method FROM billing_records WHERE id = 53111",SELECT,billing_records,309,0.9171,billing_summary,200
sess_1162,2026-05-24 17:05:49,ent_corp_alpha,usr_662,agt_12,"SELECT method, id FROM billing_records WHERE id = 61252",SELECT,billing_records,112,0.7849,billing_summary,200
sess_1162,2026-05-24 17:12:33,ent_corp_alpha,usr_662,agt_12,"SELECT created_at, status FROM orders WHERE id = 96257",SELECT,orders,1565,0.9834,billing_summary,200
sess_1162,2026-05-24 17:13:32,ent_corp_alpha,usr_662,agt_12,"SELECT billing_records.id, orders.id FROM billing_records JOIN orders ON billing_records.id = orders.id",JOIN,"billing_records,orders",95,0.9423,billing_summary,200
sess_1162,2026-05-24 17:14:55,ent_corp_alpha,usr_662,agt_12,"SELECT id, created_at FROM customers WHERE id = 98293",SELECT,customers,5657,0.9832,billing_summary,200
sess_1162,2026-05-24 17:16:23,ent_corp_alpha,usr_662,agt_12,"SELECT created_at, region FROM customers WHERE id = 55760",SELECT,customers,1911,0.8463,billing_summary,200
sess_1162,2026-05-24 17:19:26,ent_corp_alpha,usr_662,agt_12,"SELECT id, COUNT(*) FROM customers GROUP BY id",AGGREGATION,customers,11591,0.976,billing_summary,200
sess_1162,2026-05-24 17:19:51,ent_corp_alpha,usr_662,agt_12,"SELECT customer_id, id FROM orders WHERE id = 56159",SELECT,orders,328,0.9333,billing_summary,200
sess_1162,2026-05-24 17:27:06,ent_corp_alpha,usr_662,agt_12,"SELECT created_at, email FROM customers WHERE id = 77211",SELECT,customers,161,0.8112,billing_summary,200
sess_1163,2026-05-04 19:45:35,ent_nexus_beta,usr_663,agt_9,"SELECT name, created_at FROM customers WHERE id = 94982",SELECT,customers,611,0.9298,report_generation,200
sess_1163,2026-05-04 19:49:03,ent_nexus_beta,usr_663,agt_9,"SELECT month, customer_id FROM billing_records WHERE id = 9265",SELECT,billing_records,202,0.8559,report_generation,200
sess_1163,2026-05-04 19:57:10,ent_nexus_beta,usr_663,agt_9,"SELECT customer_id, month FROM billing_records WHERE id = 87351",SELECT,billing_records,157,0.8786,report_generation,200
sess_1163,2026-05-04 19:58:09,ent_nexus_beta,usr_663,agt_9,"SELECT name, category FROM products WHERE id = 26331",SELECT,products,305,0.8709,report_generation,200
sess_1163,2026-05-04 20:01:35,ent_nexus_beta,usr_663,agt_9,"SELECT created_at, email FROM customers WHERE id = 37959",SELECT,customers,304,0.995,report_generation,200
sess_1163,2026-05-04 20:07:33,ent_nexus_beta,usr_663,agt_9,"SELECT name, region FROM customers WHERE id = 56651",SELECT,customers,63,0.9493,report_generation,200
sess_1163,2026-05-04 20:13:16,ent_nexus_beta,usr_663,agt_9,"SELECT region, id FROM customers WHERE id = 76291",SELECT,customers,476,0.8206,report_generation,200
sess_1163,2026-05-04 20:20:58,ent_nexus_beta,usr_663,agt_9,"SELECT name, created_at FROM customers WHERE id = 93901",SELECT,customers,62,0.5189,sales_performance,200
sess_1163,2026-05-04 20:23:14,ent_nexus_beta,usr_663,agt_9,"SELECT category, price FROM products WHERE id = 25620",SELECT,products,47,0.4204,compensation_review,200
sess_1163,2026-05-04 20:29:32,ent_nexus_beta,usr_663,agt_9,"SELECT category, name FROM products WHERE id = 47643",SELECT,products,171,0.7589,payroll_processing,200
sess_1163,2026-05-04 20:38:04,ent_nexus_beta,usr_663,agt_9,"SELECT id, category FROM products WHERE id = 94599",SELECT,products,61,0.7116,support_triage,200
sess_1163,2026-05-04 20:42:19,ent_nexus_beta,usr_663,agt_9,"SELECT created_at, amount FROM orders WHERE id = 58477",SELECT,orders,143,0.4672,support_triage,200
sess_1163,2026-05-04 20:43:37,ent_nexus_beta,usr_663,agt_9,"SELECT year, equity FROM executive_compensation WHERE id = 93359",SELECT,executive_compensation,166,0.5637,schema_audit,200
sess_1163,2026-05-04 20:49:07,ent_nexus_beta,usr_663,agt_9,"SELECT id, price FROM products WHERE id = 68580",SELECT,products,51,0.3251,system_health_check,200
sess_1163,2026-05-04 20:51:47,ent_nexus_beta,usr_663,agt_9,"SELECT grade, id FROM employee_salaries WHERE id = 51245",SELECT,employee_salaries,76,0.491,billing_summary,200
sess_1163,2026-05-04 20:53:30,ent_nexus_beta,usr_663,agt_9,"SELECT grade, employee_id FROM employee_salaries WHERE id = 96123",SELECT,employee_salaries,171,0.7373,schema_audit,200
sess_1163,2026-05-04 20:56:24,ent_nexus_beta,usr_663,agt_9,"SELECT status, amount FROM orders WHERE id = 5363",SELECT,orders,636,0.8629,order_management,200
sess_1163,2026-05-04 20:57:11,ent_nexus_beta,usr_663,agt_9,"SELECT exec_id, total_comp FROM executive_compensation WHERE id = 80762",SELECT,executive_compensation,105,0.5921,sales_performance,200
sess_1163,2026-05-04 21:09:44,ent_nexus_beta,usr_663,agt_9,"SELECT equity, id FROM executive_compensation WHERE id = 40125",SELECT,executive_compensation,122,0.493,order_management,200
sess_1163,2026-05-04 21:15:01,ent_nexus_beta,usr_663,agt_9,"SELECT id, base_salary FROM employee_salaries WHERE id = 77141",SELECT,employee_salaries,55,0.7193,sales_performance,200
sess_1163,2026-05-04 21:20:41,ent_nexus_beta,usr_663,agt_9,"SELECT id, email FROM customers WHERE id = 20889",SELECT,customers,16,0.5529,billing_summary,200
sess_1163,2026-05-04 21:21:42,ent_nexus_beta,usr_663,agt_9,"SELECT base_salary, employee_id FROM employee_salaries WHERE id = 88346",SELECT,employee_salaries,107,0.728,sales_performance,200
sess_1163,2026-05-04 21:27:31,ent_nexus_beta,usr_663,agt_9,"SELECT employee_id, base_salary FROM employee_salaries WHERE id = 55812",SELECT,employee_salaries,165,0.6938,inventory_check,200
sess_1163,2026-05-04 21:28:54,ent_nexus_beta,usr_663,agt_9,"SELECT region, name FROM customers WHERE id = 72762",SELECT,customers,234,0.6127,support_triage,200
sess_1163,2026-05-04 21:32:20,ent_nexus_beta,usr_663,agt_9,"SELECT region, email FROM customers WHERE id = 65885",SELECT,customers,405,0.8076,inventory_check,200
sess_1163,2026-05-04 21:32:40,ent_nexus_beta,usr_663,agt_9,"SELECT year, total_comp FROM executive_compensation WHERE id = 57377",SELECT,executive_compensation,24,0.8002,compensation_review,200
sess_1164,2026-04-27 15:22:39,ent_nexus_beta,usr_664,agt_0,"SELECT employee_salaries.id, executive_compensation.id FROM employee_salaries JOIN executive_compensation ON employee_salaries.id = executive_compensation.id",JOIN,"employee_salaries,executive_compensation",106,0.995,compensation_review,200
sess_1164,2026-04-27 15:22:52,ent_nexus_beta,usr_664,agt_0,"SELECT bonus, employee_id FROM employee_salaries WHERE id = 85445",SELECT,employee_salaries,1762,0.995,compensation_review,200
sess_1164,2026-04-27 15:24:16,ent_nexus_beta,usr_664,agt_0,"SELECT bonus, grade FROM employee_salaries WHERE id = 56480",SELECT,employee_salaries,243,0.9031,compensation_review,200
sess_1164,2026-04-27 15:26:02,ent_nexus_beta,usr_664,agt_0,"SELECT bonus, employee_id FROM employee_salaries WHERE id = 3732",SELECT,employee_salaries,2298,0.6074,compensation_review,200
sess_1164,2026-04-27 15:26:06,ent_nexus_beta,usr_664,agt_0,"SELECT employee_salaries.id, executive_compensation.id FROM employee_salaries JOIN executive_compensation ON employee_salaries.id = executive_compensation.id",JOIN,"employee_salaries,executive_compensation",4098,0.9354,compensation_review,200
sess_1164,2026-04-27 15:28:31,ent_nexus_beta,usr_664,agt_0,UPDATE employee_salaries SET base_salary = '6856' WHERE id = 2019,UPDATE,employee_salaries,587,0.7521,compensation_review,403
sess_1164,2026-04-27 15:28:43,ent_nexus_beta,usr_664,agt_0,"SELECT exec_id, AVG(amount) FROM executive_compensation GROUP BY exec_id",AGGREGATION,executive_compensation,5791,0.5866,compensation_review,200
sess_1164,2026-04-27 15:33:01,ent_nexus_beta,usr_664,agt_0,"SELECT bonus, employee_id FROM employee_salaries WHERE id = 20248",SELECT,employee_salaries,117,0.995,compensation_review,200
sess_1164,2026-04-27 15:34:25,ent_nexus_beta,usr_664,agt_0,"SELECT employee_salaries.id, executive_compensation.id FROM employee_salaries JOIN executive_compensation ON employee_salaries.id = executive_compensation.id",JOIN,"employee_salaries,executive_compensation",2552,0.8763,compensation_review,200
sess_1164,2026-04-27 15:34:45,ent_nexus_beta,usr_664,agt_0,"SELECT employee_salaries.id, executive_compensation.id FROM employee_salaries JOIN executive_compensation ON employee_salaries.id = executive_compensation.id",JOIN,"employee_salaries,executive_compensation",591,0.8723,compensation_review,200
sess_1164,2026-04-27 15:35:13,ent_nexus_beta,usr_664,agt_0,"SELECT year, equity FROM executive_compensation WHERE id = 56752",SELECT,executive_compensation,222,0.9914,compensation_review,200
sess_1165,2026-05-13 12:03:24,ent_apex_gamma,usr_665,agt_9,"SELECT bonus, grade FROM employee_salaries WHERE id = 3548",SELECT,employee_salaries,1361,0.92,compensation_review,200
sess_1165,2026-05-13 12:05:16,ent_apex_gamma,usr_665,agt_9,"SELECT equity, SUM(amount) FROM executive_compensation GROUP BY equity",AGGREGATION,executive_compensation,3370,0.8376,compensation_review,200
sess_1165,2026-05-13 12:05:56,ent_apex_gamma,usr_665,agt_9,"SELECT id, exec_id FROM executive_compensation WHERE id = 88553",SELECT,executive_compensation,114,0.8254,compensation_review,200
sess_1165,2026-05-13 12:08:26,ent_apex_gamma,usr_665,agt_9,"SELECT exec_id, AVG(amount) FROM executive_compensation GROUP BY exec_id",AGGREGATION,executive_compensation,8488,0.995,compensation_review,200
sess_1165,2026-05-13 12:08:28,ent_apex_gamma,usr_665,agt_9,"SELECT bonus, employee_id FROM employee_salaries WHERE id = 19184",SELECT,employee_salaries,572,0.9606,compensation_review,200
sess_1165,2026-05-13 12:08:34,ent_apex_gamma,usr_665,agt_9,"SELECT executive_compensation.id, employee_salaries.id FROM executive_compensation JOIN employee_salaries ON executive_compensation.id = employee_salaries.id",JOIN,"executive_compensation,employee_salaries",867,0.9828,compensation_review,200
sess_1165,2026-05-13 12:11:03,ent_apex_gamma,usr_665,agt_9,"SELECT employee_salaries.id, executive_compensation.id FROM employee_salaries JOIN executive_compensation ON employee_salaries.id = executive_compensation.id",JOIN,"employee_salaries,executive_compensation",1205,0.995,compensation_review,200
sess_1165,2026-05-13 12:13:36,ent_apex_gamma,usr_665,agt_9,"SELECT equity, MAX(id) FROM executive_compensation GROUP BY equity",AGGREGATION,executive_compensation,1410,0.7945,compensation_review,200
sess_1165,2026-05-13 12:15:39,ent_apex_gamma,usr_665,agt_9,"SELECT employee_salaries.id, executive_compensation.id FROM employee_salaries JOIN executive_compensation ON employee_salaries.id = executive_compensation.id",JOIN,"employee_salaries,executive_compensation",1173,0.9165,compensation_review,200
sess_1165,2026-05-13 12:15:48,ent_apex_gamma,usr_665,agt_9,"SELECT employee_id, COUNT(*) FROM employee_salaries GROUP BY employee_id",AGGREGATION,employee_salaries,5320,0.756,compensation_review,200
sess_1165,2026-05-13 12:17:25,ent_apex_gamma,usr_665,agt_9,"SELECT grade, id FROM employee_salaries WHERE id = 83978",SELECT,employee_salaries,328,0.992,compensation_review,200
sess_1165,2026-05-13 12:22:23,ent_apex_gamma,usr_665,agt_9,"SELECT total_comp, MAX(id) FROM executive_compensation GROUP BY total_comp",AGGREGATION,executive_compensation,2282,0.9511,compensation_review,200
sess_1165,2026-05-13 12:23:45,ent_apex_gamma,usr_665,agt_9,"SELECT total_comp, id FROM executive_compensation WHERE id = 19409",SELECT,executive_compensation,1063,0.9764,compensation_review,200
sess_1165,2026-05-13 12:27:40,ent_apex_gamma,usr_665,agt_9,"SELECT employee_id, id FROM employee_salaries WHERE id = 83291",SELECT,employee_salaries,2615,0.9235,compensation_review,200
sess_1165,2026-05-13 12:28:37,ent_apex_gamma,usr_665,agt_9,"SELECT exec_id, year FROM executive_compensation WHERE id = 64697",SELECT,executive_compensation,79,0.8092,compensation_review,200
sess_1166,2026-05-10 19:49:03,ent_corp_alpha,usr_666,agt_5,"SELECT data_type, column_name FROM information_schema.columns WHERE id = 84496",SELECT,information_schema.columns,190,0.9017,schema_audit,200
sess_1166,2026-05-10 19:49:05,ent_corp_alpha,usr_666,agt_5,"SELECT action, ts FROM audit_log WHERE id = 22427",SELECT,audit_log,2907,0.9039,schema_audit,200
sess_1166,2026-05-10 19:52:39,ent_corp_alpha,usr_666,agt_5,"SELECT row_count, table_name FROM information_schema.tables WHERE id = 12780",SELECT,information_schema.tables,110,0.8805,schema_audit,200
sess_1166,2026-05-10 19:53:00,ent_corp_alpha,usr_666,agt_5,"SELECT table_name, SUM(amount) FROM information_schema.tables GROUP BY table_name",AGGREGATION,information_schema.tables,1675,0.7612,schema_audit,200
sess_1166,2026-05-10 19:53:02,ent_corp_alpha,usr_666,agt_5,"SELECT information_schema.columns.id, information_schema.tables.id FROM information_schema.columns JOIN information_schema.tables ON information_schema.columns.id = information_schema.tables.id",JOIN,"information_schema.columns,information_schema.tables",404,0.9126,schema_audit,200
sess_1166,2026-05-10 19:55:25,ent_corp_alpha,usr_666,agt_5,"SELECT row_count, table_schema FROM information_schema.tables WHERE id = 65331",SELECT,information_schema.tables,714,0.8302,schema_audit,200
sess_1166,2026-05-10 19:55:44,ent_corp_alpha,usr_666,agt_5,"SELECT column_name, data_type FROM information_schema.columns WHERE id = 83653",SELECT,information_schema.columns,40,0.9094,schema_audit,200
sess_1166,2026-05-10 19:56:41,ent_corp_alpha,usr_666,agt_5,"SELECT table_name, row_count FROM information_schema.tables WHERE id = 70849",SELECT,information_schema.tables,260,0.842,schema_audit,403
sess_1166,2026-05-10 19:56:43,ent_corp_alpha,usr_666,agt_5,"SELECT action, ts FROM audit_log WHERE id = 61698",SELECT,audit_log,57,0.8972,schema_audit,200
sess_1166,2026-05-10 19:57:09,ent_corp_alpha,usr_666,agt_5,"SELECT id, ts FROM audit_log WHERE id = 62477",SELECT,audit_log,732,0.9518,schema_audit,200
sess_1166,2026-05-10 19:58:00,ent_corp_alpha,usr_666,agt_5,"SELECT data_type, table_name FROM information_schema.columns WHERE id = 77116",SELECT,information_schema.columns,316,0.8954,schema_audit,200
sess_1166,2026-05-10 20:01:43,ent_corp_alpha,usr_666,agt_5,"SELECT ts, target FROM audit_log WHERE id = 775",SELECT,audit_log,1727,0.9356,schema_audit,200
sess_1166,2026-05-10 20:04:06,ent_corp_alpha,usr_666,agt_5,"SELECT row_count, table_name FROM information_schema.tables WHERE id = 90566",SELECT,information_schema.tables,543,0.8136,schema_audit,200
sess_1166,2026-05-10 20:04:08,ent_corp_alpha,usr_666,agt_5,"SELECT table_name, table_schema FROM information_schema.tables WHERE id = 51320",SELECT,information_schema.tables,125,0.7278,schema_audit,200
sess_1166,2026-05-10 20:04:28,ent_corp_alpha,usr_666,agt_5,UPDATE information_schema.tables SET row_count = '4910' WHERE id = 4679,UPDATE,information_schema.tables,370,0.995,schema_audit,200
sess_1166,2026-05-10 20:08:34,ent_corp_alpha,usr_666,agt_5,"SELECT row_count, table_name FROM information_schema.tables WHERE id = 66653",SELECT,information_schema.tables,351,0.926,schema_audit,200
sess_1167,2026-05-16 14:06:34,ent_apex_gamma,usr_667,agt_4,"SELECT id, email FROM customers WHERE id = 70060",SELECT,customers,58,0.995,support_triage,200
sess_1167,2026-05-16 14:07:37,ent_apex_gamma,usr_667,agt_4,"SELECT priority, subject FROM support_tickets WHERE id = 35158",SELECT,support_tickets,151,0.8266,support_triage,200
sess_1167,2026-05-16 14:07:43,ent_apex_gamma,usr_667,agt_4,"SELECT id, amount FROM orders WHERE id = 37815",SELECT,orders,31,0.9093,support_triage,200
sess_1167,2026-05-16 14:09:02,ent_apex_gamma,usr_667,agt_4,"SELECT created_at, COUNT(*) FROM customers GROUP BY created_at",AGGREGATION,customers,1595,0.6607,support_triage,200
sess_1167,2026-05-16 14:09:16,ent_apex_gamma,usr_667,agt_4,UPDATE support_tickets SET status = '324' WHERE id = 9971,UPDATE,support_tickets,956,0.6889,support_triage,200
sess_1167,2026-05-16 14:10:47,ent_apex_gamma,usr_667,agt_4,"SELECT amount, SUM(amount) FROM orders GROUP BY amount",AGGREGATION,orders,60000,0.995,support_triage,200
sess_1167,2026-05-16 14:10:53,ent_apex_gamma,usr_667,agt_4,UPDATE support_tickets SET status = '3051' WHERE id = 5856,UPDATE,support_tickets,1306,0.8695,support_triage,200
sess_1167,2026-05-16 14:11:37,ent_apex_gamma,usr_667,agt_4,"SELECT subject, id FROM support_tickets WHERE id = 48445",SELECT,support_tickets,823,0.9122,support_triage,200
sess_1167,2026-05-16 14:12:21,ent_apex_gamma,usr_667,agt_4,"SELECT customer_id, status FROM orders WHERE id = 36560",SELECT,orders,1973,0.7677,support_triage,200
sess_1167,2026-05-16 14:15:34,ent_apex_gamma,usr_667,agt_4,"SELECT customer_id, status FROM orders WHERE id = 71712",SELECT,orders,997,0.916,support_triage,200
sess_1167,2026-05-16 14:17:43,ent_apex_gamma,usr_667,agt_4,"SELECT created_at, customer_id FROM orders WHERE id = 90658",SELECT,orders,557,0.8576,support_triage,200
sess_1167,2026-05-16 14:17:45,ent_apex_gamma,usr_667,agt_4,"SELECT email, SUM(amount) FROM customers GROUP BY email",AGGREGATION,customers,1318,0.6485,support_triage,200
sess_1167,2026-05-16 14:22:10,ent_apex_gamma,usr_667,agt_4,"SELECT priority, SUM(amount) FROM support_tickets GROUP BY priority",AGGREGATION,support_tickets,5881,0.9847,support_triage,200
sess_1167,2026-05-16 14:23:56,ent_apex_gamma,usr_667,agt_4,"SELECT region, email FROM customers WHERE id = 70009",SELECT,customers,493,0.8236,support_triage,200
sess_1167,2026-05-16 14:27:03,ent_apex_gamma,usr_667,agt_4,UPDATE customers SET region = '9681' WHERE id = 7183,UPDATE,customers,384,0.995,support_triage,200
sess_1167,2026-05-16 14:28:12,ent_apex_gamma,usr_667,agt_4,UPDATE support_tickets SET priority = '2051' WHERE id = 1981,UPDATE,support_tickets,103,0.9443,support_triage,200
sess_1167,2026-05-16 14:29:56,ent_apex_gamma,usr_667,agt_4,"SELECT priority, status FROM support_tickets WHERE id = 77768",SELECT,support_tickets,427,0.9792,support_triage,200
sess_1168,2026-05-22 16:22:53,ent_nexus_beta,usr_668,agt_1,"SELECT region, name FROM customers WHERE id = 68741",SELECT,customers,68,0.9156,customer_lookup,200
sess_1168,2026-05-22 16:23:11,ent_nexus_beta,usr_668,agt_1,UPDATE support_tickets SET subject = '1528' WHERE id = 5847,UPDATE,support_tickets,253,0.995,customer_lookup,200
sess_1168,2026-05-22 16:29:11,ent_nexus_beta,usr_668,agt_1,"SELECT status, customer_id FROM support_tickets WHERE id = 74521",SELECT,support_tickets,124,0.8917,customer_lookup,200
sess_1168,2026-05-22 16:29:55,ent_nexus_beta,usr_668,agt_1,"SELECT priority, id FROM support_tickets WHERE id = 30663",SELECT,support_tickets,73,0.8867,customer_lookup,200
sess_1168,2026-05-22 16:33:35,ent_nexus_beta,usr_668,agt_1,"SELECT customers.id, support_tickets.id FROM customers JOIN support_tickets ON customers.id = support_tickets.id",JOIN,"customers,support_tickets",134,0.9399,customer_lookup,200
sess_1168,2026-05-22 16:38:52,ent_nexus_beta,usr_668,agt_1,UPDATE support_tickets SET status = '3863' WHERE id = 6753,UPDATE,support_tickets,163,0.995,customer_lookup,200
sess_1168,2026-05-22 16:39:15,ent_nexus_beta,usr_668,agt_1,"SELECT email, id FROM customers WHERE id = 9170",SELECT,customers,785,0.8877,customer_lookup,200
sess_1168,2026-05-22 16:41:40,ent_nexus_beta,usr_668,agt_1,"SELECT region, name FROM customers WHERE id = 37512",SELECT,customers,6591,0.86,customer_lookup,200
sess_1168,2026-05-22 16:41:53,ent_nexus_beta,usr_668,agt_1,"SELECT name, email FROM customers WHERE id = 19814",SELECT,customers,135,0.8574,customer_lookup,200
sess_1168,2026-05-22 16:49:51,ent_nexus_beta,usr_668,agt_1,"SELECT id, status FROM support_tickets WHERE id = 86865",SELECT,support_tickets,92,0.961,customer_lookup,200
sess_1168,2026-05-22 16:51:33,ent_nexus_beta,usr_668,agt_1,"SELECT region, name FROM customers WHERE id = 41907",SELECT,customers,264,0.7913,customer_lookup,200
sess_1168,2026-05-22 16:53:59,ent_nexus_beta,usr_668,agt_1,"SELECT id, priority FROM support_tickets WHERE id = 41493",SELECT,support_tickets,72,0.995,customer_lookup,200
sess_1169,2026-05-12 14:43:40,ent_nexus_beta,usr_669,agt_0,"SELECT id, SUM(amount) FROM shipments GROUP BY id",AGGREGATION,shipments,5087,0.6243,order_management,200
sess_1169,2026-05-12 14:45:02,ent_nexus_beta,usr_669,agt_0,"SELECT eta, carrier FROM shipments WHERE id = 96930",SELECT,shipments,4271,0.9189,order_management,200
sess_1169,2026-05-12 14:45:04,ent_nexus_beta,usr_669,agt_0,"SELECT amount, customer_id FROM orders WHERE id = 11441",SELECT,orders,2462,0.9666,order_management,200
sess_1169,2026-05-12 14:48:58,ent_nexus_beta,usr_669,agt_0,"SELECT id, order_id FROM shipments WHERE id = 18281",SELECT,shipments,638,0.6226,order_management,200
sess_1169,2026-05-12 14:49:53,ent_nexus_beta,usr_669,agt_0,"SELECT customer_id, MAX(id) FROM orders GROUP BY customer_id",AGGREGATION,orders,1622,0.8224,order_management,200
sess_1169,2026-05-12 14:54:20,ent_nexus_beta,usr_669,agt_0,"SELECT carrier, id FROM shipments WHERE id = 72183",SELECT,shipments,1842,0.995,order_management,200
sess_1169,2026-05-12 14:56:42,ent_nexus_beta,usr_669,agt_0,"SELECT name, created_at FROM customers WHERE id = 50768",SELECT,customers,690,0.9044,order_management,200
sess_1169,2026-05-12 14:58:51,ent_nexus_beta,usr_669,agt_0,"SELECT order_id, COUNT(*) FROM shipments GROUP BY order_id",AGGREGATION,shipments,3799,0.867,order_management,200
sess_1169,2026-05-12 14:59:41,ent_nexus_beta,usr_669,agt_0,"SELECT shipments.id, orders.id FROM shipments JOIN orders ON shipments.id = orders.id",JOIN,"shipments,orders",273,0.8421,order_management,200
sess_1169,2026-05-12 15:03:39,ent_nexus_beta,usr_669,agt_0,"SELECT orders.id, customers.id FROM orders JOIN customers ON orders.id = customers.id",JOIN,"orders,customers",222,0.8089,order_management,200
sess_1169,2026-05-12 15:04:27,ent_nexus_beta,usr_669,agt_0,"SELECT amount, customer_id FROM orders WHERE id = 43885",SELECT,orders,96,0.7568,order_management,200
sess_1169,2026-05-12 15:05:50,ent_nexus_beta,usr_669,agt_0,"SELECT shipments.id, customers.id FROM shipments JOIN customers ON shipments.id = customers.id",JOIN,"shipments,customers",576,0.9706,order_management,403
sess_1169,2026-05-12 15:06:37,ent_nexus_beta,usr_669,agt_0,"SELECT status, amount FROM orders WHERE id = 95852",SELECT,orders,1640,0.7188,order_management,200
sess_1169,2026-05-12 15:08:48,ent_nexus_beta,usr_669,agt_0,"SELECT id, eta FROM shipments WHERE id = 15490",SELECT,shipments,491,0.7724,order_management,200
sess_1169,2026-05-12 15:11:33,ent_nexus_beta,usr_669,agt_0,"SELECT eta, SUM(amount) FROM shipments GROUP BY eta",AGGREGATION,shipments,1185,0.995,order_management,200
sess_1169,2026-05-12 15:13:39,ent_nexus_beta,usr_669,agt_0,"SELECT customer_id, MAX(id) FROM orders GROUP BY customer_id",AGGREGATION,orders,1420,0.8815,order_management,200
sess_1170,2026-05-02 13:55:24,ent_corp_alpha,usr_670,agt_12,"SELECT email, created_at FROM customers WHERE id = 58952",SELECT,customers,276,0.8847,order_management,200
sess_1170,2026-05-02 13:55:54,ent_corp_alpha,usr_670,agt_12,"SELECT order_id, COUNT(*) FROM shipments GROUP BY order_id",AGGREGATION,shipments,3720,0.9857,order_management,200
sess_1170,2026-05-02 13:56:26,ent_corp_alpha,usr_670,agt_12,"SELECT carrier, MAX(id) FROM shipments GROUP BY carrier",AGGREGATION,shipments,6265,0.7724,order_management,200
sess_1170,2026-05-02 13:58:05,ent_corp_alpha,usr_670,agt_12,"SELECT amount, status FROM orders WHERE id = 86774",SELECT,orders,2761,0.7965,order_management,200
sess_1170,2026-05-02 13:58:08,ent_corp_alpha,usr_670,agt_12,"SELECT id, COUNT(*) FROM customers GROUP BY id",AGGREGATION,customers,4346,0.8249,order_management,200
sess_1170,2026-05-02 14:01:47,ent_corp_alpha,usr_670,agt_12,SELECT * FROM customers,SELECT,customers,204524,0.9003,order_management,200
sess_1170,2026-05-02 14:02:30,ent_corp_alpha,usr_670,agt_12,"SELECT id, AVG(amount) FROM customers GROUP BY id",AGGREGATION,customers,33992,0.9467,order_management,200
sess_1170,2026-05-02 14:04:15,ent_corp_alpha,usr_670,agt_12,"SELECT name, MAX(id) FROM customers GROUP BY name",AGGREGATION,customers,8989,0.8524,order_management,200
sess_1171,2026-05-25 15:32:11,ent_nexus_beta,usr_671,agt_15,"SELECT order_id, id FROM shipments WHERE id = 60417",SELECT,shipments,116,0.8778,inventory_check,200
sess_1171,2026-05-25 15:34:07,ent_nexus_beta,usr_671,agt_15,UPDATE inventory SET id = '4865' WHERE id = 9031,UPDATE,inventory,153,0.806,inventory_check,200
sess_1171,2026-05-25 15:35:19,ent_nexus_beta,usr_671,agt_15,"SELECT category, id FROM products WHERE id = 40947",SELECT,products,2190,0.8857,inventory_check,200
sess_1171,2026-05-25 15:42:26,ent_nexus_beta,usr_671,agt_15,"SELECT sku, id FROM inventory WHERE id = 34865",SELECT,inventory,562,0.8206,inventory_check,200
sess_1171,2026-05-25 15:43:00,ent_nexus_beta,usr_671,agt_15,"SELECT carrier, eta FROM shipments WHERE id = 84826",SELECT,shipments,1779,0.8855,inventory_check,200
sess_1171,2026-05-25 15:44:10,ent_nexus_beta,usr_671,agt_15,"SELECT updated_at, id FROM inventory WHERE id = 40591",SELECT,inventory,1282,0.6837,inventory_check,200
sess_1171,2026-05-25 15:47:10,ent_nexus_beta,usr_671,agt_15,"SELECT inventory.id, shipments.id FROM inventory JOIN shipments ON inventory.id = shipments.id",JOIN,"inventory,shipments",3472,0.7835,inventory_check,200
sess_1171,2026-05-25 15:48:52,ent_nexus_beta,usr_671,agt_15,"SELECT warehouse, stock FROM inventory WHERE id = 35597",SELECT,inventory,192,0.8293,inventory_check,200
sess_1171,2026-05-25 15:51:58,ent_nexus_beta,usr_671,agt_15,"SELECT order_id, SUM(amount) FROM shipments GROUP BY order_id",AGGREGATION,shipments,1170,0.779,inventory_check,200
sess_1171,2026-05-25 15:52:28,ent_nexus_beta,usr_671,agt_15,"SELECT price, id FROM products WHERE id = 52099",SELECT,products,1817,0.995,inventory_check,200
sess_1171,2026-05-25 15:53:56,ent_nexus_beta,usr_671,agt_15,"SELECT warehouse, updated_at FROM inventory WHERE id = 34615",SELECT,inventory,6538,0.9382,inventory_check,200
sess_1171,2026-05-25 15:57:08,ent_nexus_beta,usr_671,agt_15,"SELECT order_id, carrier FROM shipments WHERE id = 83351",SELECT,shipments,134,0.995,inventory_check,200
sess_1171,2026-05-25 15:57:12,ent_nexus_beta,usr_671,agt_15,"SELECT inventory.id, shipments.id FROM inventory JOIN shipments ON inventory.id = shipments.id",JOIN,"inventory,shipments",143,0.995,inventory_check,200
sess_1171,2026-05-25 16:00:05,ent_nexus_beta,usr_671,agt_15,UPDATE inventory SET stock = '8987' WHERE id = 4837,UPDATE,inventory,192,0.9768,inventory_check,200
sess_1171,2026-05-25 16:02:05,ent_nexus_beta,usr_671,agt_15,"SELECT order_id, eta FROM shipments WHERE id = 51263",SELECT,shipments,739,0.8927,inventory_check,200
sess_1171,2026-05-25 16:02:45,ent_nexus_beta,usr_671,agt_15,"SELECT eta, id FROM shipments WHERE id = 98497",SELECT,shipments,193,0.8196,inventory_check,200
sess_1171,2026-05-25 16:04:21,ent_nexus_beta,usr_671,agt_15,"SELECT shipments.id, inventory.id FROM shipments JOIN inventory ON shipments.id = inventory.id",JOIN,"shipments,inventory",7848,0.8695,inventory_check,200
sess_1171,2026-05-25 16:05:44,ent_nexus_beta,usr_671,agt_15,"SELECT price, category FROM products WHERE id = 83441",SELECT,products,649,0.9443,inventory_check,200
sess_1171,2026-05-25 16:07:12,ent_nexus_beta,usr_671,agt_15,"SELECT sku, stock FROM inventory WHERE id = 31071",SELECT,inventory,261,0.9343,inventory_check,200
sess_1172,2026-05-27 19:12:47,ent_corp_alpha,usr_672,agt_4,"SELECT actor, id FROM audit_log WHERE id = 97231",SELECT,audit_log,147,0.9845,schema_audit,200
sess_1172,2026-05-27 19:14:32,ent_corp_alpha,usr_672,agt_4,"SELECT column_name, MAX(id) FROM information_schema.columns GROUP BY column_name",AGGREGATION,information_schema.columns,14509,0.8997,schema_audit,200
sess_1172,2026-05-27 19:16:03,ent_corp_alpha,usr_672,agt_4,"SELECT table_name, data_type FROM information_schema.columns WHERE id = 59652",SELECT,information_schema.columns,7707,0.7716,schema_audit,403
sess_1172,2026-05-27 19:19:29,ent_corp_alpha,usr_672,agt_4,"SELECT action, actor FROM audit_log WHERE id = 44274",SELECT,audit_log,1234,0.995,schema_audit,200
sess_1172,2026-05-27 19:20:31,ent_corp_alpha,usr_672,agt_4,"SELECT column_name, MAX(id) FROM information_schema.columns GROUP BY column_name",AGGREGATION,information_schema.columns,7075,0.8909,schema_audit,200
sess_1172,2026-05-27 19:20:33,ent_corp_alpha,usr_672,agt_4,UPDATE audit_log SET actor = '8841' WHERE id = 6240,UPDATE,audit_log,211,0.9111,schema_audit,200
sess_1172,2026-05-27 19:22:16,ent_corp_alpha,usr_672,agt_4,"SELECT data_type, column_name FROM information_schema.columns WHERE id = 43884",SELECT,information_schema.columns,2598,0.8406,schema_audit,200
sess_1172,2026-05-27 19:23:56,ent_corp_alpha,usr_672,agt_4,"SELECT target, id FROM audit_log WHERE id = 55176",SELECT,audit_log,40,0.7885,schema_audit,200
sess_1172,2026-05-27 19:24:07,ent_corp_alpha,usr_672,agt_4,"SELECT audit_log.id, information_schema.tables.id FROM audit_log JOIN information_schema.tables ON audit_log.id = information_schema.tables.id",JOIN,"audit_log,information_schema.tables",489,0.8276,schema_audit,200
sess_1172,2026-05-27 19:26:26,ent_corp_alpha,usr_672,agt_4,"SELECT row_count, table_name FROM information_schema.tables WHERE id = 68232",SELECT,information_schema.tables,6105,0.9007,schema_audit,200
sess_1172,2026-05-27 19:27:46,ent_corp_alpha,usr_672,agt_4,"SELECT id, actor FROM audit_log WHERE id = 5101",SELECT,audit_log,162,0.8064,schema_audit,200
sess_1172,2026-05-27 19:29:49,ent_corp_alpha,usr_672,agt_4,"SELECT row_count, table_name FROM information_schema.tables WHERE id = 13065",SELECT,information_schema.tables,676,0.9821,schema_audit,200
sess_1172,2026-05-27 19:30:34,ent_corp_alpha,usr_672,agt_4,"SELECT information_schema.tables.id, audit_log.id FROM information_schema.tables JOIN audit_log ON information_schema.tables.id = audit_log.id",JOIN,"information_schema.tables,audit_log",280,0.995,schema_audit,200
sess_1172,2026-05-27 19:32:41,ent_corp_alpha,usr_672,agt_4,"SELECT data_type, column_name FROM information_schema.columns WHERE id = 42414",SELECT,information_schema.columns,81,0.7417,schema_audit,200
sess_1172,2026-05-27 19:33:12,ent_corp_alpha,usr_672,agt_4,"SELECT information_schema.columns.id, audit_log.id FROM information_schema.columns JOIN audit_log ON information_schema.columns.id = audit_log.id",JOIN,"information_schema.columns,audit_log",361,0.6869,schema_audit,200
sess_1172,2026-05-27 19:36:52,ent_corp_alpha,usr_672,agt_4,"SELECT table_name, SUM(amount) FROM information_schema.columns GROUP BY table_name",AGGREGATION,information_schema.columns,13041,0.8241,schema_audit,200
sess_1172,2026-05-27 19:41:09,ent_corp_alpha,usr_672,agt_4,"SELECT row_count, table_name FROM information_schema.tables WHERE id = 51122",SELECT,information_schema.tables,125,0.8908,schema_audit,200
sess_1173,2026-05-12 15:32:16,ent_nexus_beta,usr_673,agt_13,"SELECT level, id FROM logs WHERE id = 92276",SELECT,logs,184,0.8865,system_health_check,200
sess_1173,2026-05-12 15:32:32,ent_nexus_beta,usr_673,agt_13,"SELECT ts, url FROM page_views WHERE id = 72010",SELECT,page_views,67,0.8977,system_health_check,200
sess_1173,2026-05-12 15:33:12,ent_nexus_beta,usr_673,agt_13,"SELECT table_schema, MAX(id) FROM information_schema.tables GROUP BY table_schema",AGGREGATION,information_schema.tables,7631,0.995,system_health_check,200
sess_1173,2026-05-12 15:36:05,ent_nexus_beta,usr_673,agt_13,"SELECT user_id, url FROM page_views WHERE id = 54635",SELECT,page_views,1846,0.8105,system_health_check,200
sess_1173,2026-05-12 15:36:09,ent_nexus_beta,usr_673,agt_13,"SELECT table_schema, table_name FROM information_schema.tables WHERE id = 75774",SELECT,information_schema.tables,2674,0.995,system_health_check,200
sess_1173,2026-05-12 15:36:34,ent_nexus_beta,usr_673,agt_13,"SELECT information_schema.tables.id, page_views.id FROM information_schema.tables JOIN page_views ON information_schema.tables.id = page_views.id",JOIN,"information_schema.tables,page_views",4049,0.8768,system_health_check,200
sess_1173,2026-05-12 15:36:37,ent_nexus_beta,usr_673,agt_13,"SELECT ts, id FROM page_views WHERE id = 5954",SELECT,page_views,216,0.995,system_health_check,200
sess_1173,2026-05-12 15:38:48,ent_nexus_beta,usr_673,agt_13,"SELECT level, MAX(id) FROM logs GROUP BY level",AGGREGATION,logs,12516,0.995,system_health_check,200
sess_1173,2026-05-12 15:40:07,ent_nexus_beta,usr_673,agt_13,"SELECT url, id FROM page_views WHERE id = 23517",SELECT,page_views,69,0.8913,system_health_check,200
sess_1173,2026-05-12 15:40:09,ent_nexus_beta,usr_673,agt_13,"SELECT level, message FROM logs WHERE id = 5528",SELECT,logs,4921,0.8484,system_health_check,200
sess_1173,2026-05-12 15:42:08,ent_nexus_beta,usr_673,agt_13,"SELECT id, url FROM page_views WHERE id = 13212",SELECT,page_views,128,0.8998,system_health_check,200
sess_1173,2026-05-12 15:45:04,ent_nexus_beta,usr_673,agt_13,"SELECT id, COUNT(*) FROM page_views GROUP BY id",AGGREGATION,page_views,545,0.7338,system_health_check,200
sess_1173,2026-05-12 15:45:53,ent_nexus_beta,usr_673,agt_13,"SELECT table_schema, row_count FROM information_schema.tables WHERE id = 76931",SELECT,information_schema.tables,635,0.8847,system_health_check,200
sess_1173,2026-05-12 15:45:56,ent_nexus_beta,usr_673,agt_13,"SELECT message, ts FROM logs WHERE id = 95823",SELECT,logs,207,0.9725,system_health_check,200
sess_1173,2026-05-12 15:46:23,ent_nexus_beta,usr_673,agt_13,"SELECT table_name, table_schema FROM information_schema.tables WHERE id = 91151",SELECT,information_schema.tables,57,0.8558,system_health_check,200
sess_1173,2026-05-12 15:49:27,ent_nexus_beta,usr_673,agt_13,"SELECT logs.id, page_views.id FROM logs JOIN page_views ON logs.id = page_views.id",JOIN,"logs,page_views",1402,0.9289,system_health_check,200
sess_1173,2026-05-12 15:51:22,ent_nexus_beta,usr_673,agt_13,"SELECT message, id FROM logs WHERE id = 20321",SELECT,logs,412,0.841,system_health_check,200
sess_1173,2026-05-12 15:51:32,ent_nexus_beta,usr_673,agt_13,"SELECT ts, SUM(amount) FROM page_views GROUP BY ts",AGGREGATION,page_views,12397,0.8263,system_health_check,200
sess_1174,2026-05-23 09:47:55,ent_nexus_beta,usr_674,agt_9,"SELECT order_id, carrier FROM shipments WHERE id = 40071",SELECT,shipments,105,0.8203,order_management,200
sess_1174,2026-05-23 10:02:32,ent_nexus_beta,usr_674,agt_9,"SELECT amount, status FROM orders WHERE id = 23004",SELECT,orders,123,0.995,order_management,200
sess_1174,2026-05-23 10:08:10,ent_nexus_beta,usr_674,agt_9,"SELECT region, id FROM customers WHERE id = 4586",SELECT,customers,178,0.9546,order_management,200
sess_1174,2026-05-23 10:08:59,ent_nexus_beta,usr_674,agt_9,"SELECT created_at, status FROM orders WHERE id = 35504",SELECT,orders,189,0.7563,order_management,200
sess_1174,2026-05-23 10:12:52,ent_nexus_beta,usr_674,agt_9,"SELECT id, created_at FROM orders WHERE id = 18298",SELECT,orders,117,0.8744,order_management,200
sess_1174,2026-05-23 10:22:12,ent_nexus_beta,usr_674,agt_9,"SELECT order_id, eta FROM shipments WHERE id = 67321",SELECT,shipments,75,0.8137,order_management,200
sess_1174,2026-05-23 10:24:42,ent_nexus_beta,usr_674,agt_9,"SELECT email, created_at FROM customers WHERE id = 30738",SELECT,customers,219,0.9187,order_management,500
sess_1174,2026-05-23 10:29:06,ent_nexus_beta,usr_674,agt_9,"SELECT id, eta FROM shipments WHERE id = 31327",SELECT,shipments,383,0.7591,order_management,200
sess_1174,2026-05-23 10:31:23,ent_nexus_beta,usr_674,agt_9,"SELECT carrier, order_id FROM shipments WHERE id = 76556",SELECT,shipments,151,0.6264,order_management,200
sess_1174,2026-05-23 10:36:06,ent_nexus_beta,usr_674,agt_9,"SELECT email, created_at FROM customers WHERE id = 86462",SELECT,customers,100,0.9288,order_management,200
sess_1174,2026-05-23 10:36:46,ent_nexus_beta,usr_674,agt_9,"SELECT action, target FROM audit_log WHERE id = 36818",SELECT,audit_log,37,0.6718,inventory_check,200
sess_1174,2026-05-23 10:42:21,ent_nexus_beta,usr_674,agt_9,"SELECT customer_id, method FROM billing_records WHERE id = 43993",SELECT,billing_records,90,0.3,compensation_review,200
sess_1174,2026-05-23 10:50:48,ent_nexus_beta,usr_674,agt_9,"SELECT amount, customer_id FROM billing_records WHERE id = 56628",SELECT,billing_records,180,0.6412,sales_performance,200
sess_1174,2026-05-23 10:52:33,ent_nexus_beta,usr_674,agt_9,"SELECT order_id, carrier FROM shipments WHERE id = 58801",SELECT,shipments,99,0.5658,inventory_check,500
sess_1174,2026-05-23 10:57:45,ent_nexus_beta,usr_674,agt_9,"SELECT carrier, order_id FROM shipments WHERE id = 50101",SELECT,shipments,183,0.6204,compensation_review,200
sess_1174,2026-05-23 10:58:17,ent_nexus_beta,usr_674,agt_9,"SELECT id, base_salary FROM employee_salaries WHERE id = 74177",SELECT,employee_salaries,197,0.472,report_generation,200
sess_1174,2026-05-23 11:00:13,ent_nexus_beta,usr_674,agt_9,"SELECT amount, status FROM orders WHERE id = 49405",SELECT,orders,428,0.5851,report_generation,200
sess_1174,2026-05-23 11:04:00,ent_nexus_beta,usr_674,agt_9,"SELECT customer_id, subject FROM support_tickets WHERE id = 13356",SELECT,support_tickets,147,0.508,report_generation,200
sess_1174,2026-05-23 11:05:49,ent_nexus_beta,usr_674,agt_9,"SELECT amount, customer_id FROM orders WHERE id = 85482",SELECT,orders,579,0.6371,customer_lookup,200
sess_1174,2026-05-23 11:08:26,ent_nexus_beta,usr_674,agt_9,"SELECT email, name FROM customers WHERE id = 93312",SELECT,customers,57,0.7562,schema_audit,200
sess_1174,2026-05-23 11:08:46,ent_nexus_beta,usr_674,agt_9,"SELECT status, amount FROM orders WHERE id = 69001",SELECT,orders,349,0.5475,order_management,200
sess_1174,2026-05-23 11:09:06,ent_nexus_beta,usr_674,agt_9,"SELECT region, email FROM customers WHERE id = 74931",SELECT,customers,58,0.5315,order_management,200
sess_1174,2026-05-23 11:23:53,ent_nexus_beta,usr_674,agt_9,"SELECT method, month FROM billing_records WHERE id = 13355",SELECT,billing_records,126,0.4702,billing_summary,200
sess_1174,2026-05-23 11:25:40,ent_nexus_beta,usr_674,agt_9,"SELECT ts, id FROM audit_log WHERE id = 35491",SELECT,audit_log,63,0.4658,sales_performance,200
sess_1174,2026-05-23 11:35:56,ent_nexus_beta,usr_674,agt_9,"SELECT month, method FROM billing_records WHERE id = 25420",SELECT,billing_records,100,0.88,sales_performance,200
sess_1174,2026-05-23 11:40:20,ent_nexus_beta,usr_674,agt_9,"SELECT region, email FROM customers WHERE id = 26092",SELECT,customers,312,0.5652,customer_lookup,200
sess_1174,2026-05-23 11:46:04,ent_nexus_beta,usr_674,agt_9,"SELECT id, action FROM audit_log WHERE id = 61218",SELECT,audit_log,13,0.6476,system_health_check,200
sess_1174,2026-05-23 11:54:54,ent_nexus_beta,usr_674,agt_9,"SELECT ts, actor FROM audit_log WHERE id = 87063",SELECT,audit_log,106,0.6841,system_health_check,200
sess_1174,2026-05-23 11:55:20,ent_nexus_beta,usr_674,agt_9,"SELECT customer_id, subject FROM support_tickets WHERE id = 35615",SELECT,support_tickets,103,0.5111,support_triage,200
sess_1174,2026-05-23 11:55:48,ent_nexus_beta,usr_674,agt_9,"SELECT id, grade FROM employee_salaries WHERE id = 21337",SELECT,employee_salaries,114,0.6,order_management,200
sess_1174,2026-05-23 12:00:03,ent_nexus_beta,usr_674,agt_9,"SELECT carrier, id FROM shipments WHERE id = 42467",SELECT,shipments,103,0.6523,billing_summary,200
sess_1174,2026-05-23 12:05:18,ent_nexus_beta,usr_674,agt_9,"SELECT base_salary, id FROM employee_salaries WHERE id = 78007",SELECT,employee_salaries,111,0.5463,inventory_check,200
sess_1174,2026-05-23 12:08:37,ent_nexus_beta,usr_674,agt_9,"SELECT email, name FROM customers WHERE id = 38110",SELECT,customers,101,0.7551,customer_lookup,200
sess_1174,2026-05-23 12:17:09,ent_nexus_beta,usr_674,agt_9,"SELECT customer_id, status FROM support_tickets WHERE id = 90912",SELECT,support_tickets,93,0.7844,order_management,200
sess_1174,2026-05-23 12:21:42,ent_nexus_beta,usr_674,agt_9,"SELECT amount, method FROM billing_records WHERE id = 1344",SELECT,billing_records,136,0.5834,customer_lookup,200
sess_1174,2026-05-23 12:28:32,ent_nexus_beta,usr_674,agt_9,"SELECT bonus, grade FROM employee_salaries WHERE id = 27608",SELECT,employee_salaries,243,0.74,report_generation,200
sess_1174,2026-05-23 12:30:41,ent_nexus_beta,usr_674,agt_9,"SELECT carrier, eta FROM shipments WHERE id = 99581",SELECT,shipments,77,0.5958,customer_lookup,200
sess_1175,2026-04-27 13:38:06,ent_apex_gamma,usr_675,agt_2,"SELECT table_name, MAX(id) FROM information_schema.columns GROUP BY table_name",AGGREGATION,information_schema.columns,7480,0.9622,schema_audit,200
sess_1175,2026-04-27 13:40:22,ent_apex_gamma,usr_675,agt_2,"SELECT data_type, column_name FROM information_schema.columns WHERE id = 32310",SELECT,information_schema.columns,176,0.995,schema_audit,200
sess_1175,2026-04-27 13:41:14,ent_apex_gamma,usr_675,agt_2,"SELECT target, ts FROM audit_log WHERE id = 60455",SELECT,audit_log,441,0.8751,schema_audit,200
sess_1175,2026-04-27 13:41:16,ent_apex_gamma,usr_675,agt_2,"SELECT information_schema.tables.id, audit_log.id FROM information_schema.tables JOIN audit_log ON information_schema.tables.id = audit_log.id",JOIN,"information_schema.tables,audit_log",1813,0.7464,schema_audit,200
sess_1175,2026-04-27 13:43:24,ent_apex_gamma,usr_675,agt_2,"SELECT column_name, table_name FROM information_schema.columns WHERE id = 59874",SELECT,information_schema.columns,4381,0.9251,schema_audit,200
sess_1175,2026-04-27 13:43:27,ent_apex_gamma,usr_675,agt_2,"SELECT id, target FROM audit_log WHERE id = 97876",SELECT,audit_log,195,0.8849,schema_audit,200
sess_1175,2026-04-27 13:47:07,ent_apex_gamma,usr_675,agt_2,UPDATE audit_log SET action = '7249' WHERE id = 9016,UPDATE,audit_log,220,0.995,schema_audit,200
sess_1175,2026-04-27 13:49:56,ent_apex_gamma,usr_675,agt_2,"SELECT table_name, SUM(amount) FROM information_schema.tables GROUP BY table_name",AGGREGATION,information_schema.tables,3122,0.7979,schema_audit,200
sess_1175,2026-04-27 13:51:08,ent_apex_gamma,usr_675,agt_2,UPDATE audit_log SET ts = '5132' WHERE id = 2630,UPDATE,audit_log,1173,0.7703,schema_audit,200
sess_1176,2026-05-05 11:52:24,ent_apex_gamma,usr_676,agt_7,"SELECT products.id, inventory.id FROM products JOIN inventory ON products.id = inventory.id",JOIN,"products,inventory",1008,0.995,inventory_check,200
sess_1176,2026-05-05 11:52:29,ent_apex_gamma,usr_676,agt_7,"SELECT id, price FROM products WHERE id = 87876",SELECT,products,190,0.8006,inventory_check,200
sess_1176,2026-05-05 11:53:53,ent_apex_gamma,usr_676,agt_7,"SELECT inventory.id, shipments.id FROM inventory JOIN shipments ON inventory.id = shipments.id",JOIN,"inventory,shipments",261,0.9819,inventory_check,200
sess_1176,2026-05-05 11:55:36,ent_apex_gamma,usr_676,agt_7,"SELECT stock, id FROM inventory WHERE id = 47736",SELECT,inventory,59,0.7869,inventory_check,200
sess_1176,2026-05-05 11:57:03,ent_apex_gamma,usr_676,agt_7,"SELECT id, carrier FROM shipments WHERE id = 41401",SELECT,shipments,240,0.933,inventory_check,200
sess_1176,2026-05-05 11:57:18,ent_apex_gamma,usr_676,agt_7,"SELECT price, COUNT(*) FROM products GROUP BY price",AGGREGATION,products,1443,0.7339,inventory_check,200
sess_1176,2026-05-05 11:57:49,ent_apex_gamma,usr_676,agt_7,"SELECT inventory.id, shipments.id FROM inventory JOIN shipments ON inventory.id = shipments.id",JOIN,"inventory,shipments",516,0.8184,inventory_check,200
sess_1176,2026-05-05 11:58:48,ent_apex_gamma,usr_676,agt_7,"SELECT updated_at, SUM(amount) FROM inventory GROUP BY updated_at",AGGREGATION,inventory,3465,0.7898,inventory_check,200
sess_1176,2026-05-05 11:59:22,ent_apex_gamma,usr_676,agt_7,"SELECT id, order_id FROM shipments WHERE id = 36093",SELECT,shipments,452,0.945,inventory_check,200
sess_1176,2026-05-05 12:04:20,ent_apex_gamma,usr_676,agt_7,"SELECT inventory.id, products.id FROM inventory JOIN products ON inventory.id = products.id",JOIN,"inventory,products",1162,0.6581,inventory_check,200
sess_1177,2026-05-04 12:16:11,ent_apex_gamma,usr_677,agt_3,"SELECT orders.id, support_tickets.id FROM orders JOIN support_tickets ON orders.id = support_tickets.id",JOIN,"orders,support_tickets",1542,0.995,support_triage,200
sess_1177,2026-05-04 12:18:51,ent_apex_gamma,usr_677,agt_3,"SELECT id, MAX(id) FROM customers GROUP BY id",AGGREGATION,customers,15536,0.995,support_triage,200
sess_1177,2026-05-04 12:23:26,ent_apex_gamma,usr_677,agt_3,"SELECT created_at, email FROM customers WHERE id = 37249",SELECT,customers,100,0.8834,support_triage,200
sess_1177,2026-05-04 12:24:33,ent_apex_gamma,usr_677,agt_3,"SELECT customers.id, orders.id FROM customers JOIN orders ON customers.id = orders.id",JOIN,"customers,orders",869,0.8738,support_triage,200
sess_1177,2026-05-04 12:30:03,ent_apex_gamma,usr_677,agt_3,"SELECT customer_id, subject FROM support_tickets WHERE id = 93591",SELECT,support_tickets,1653,0.9578,support_triage,200
sess_1177,2026-05-04 12:32:14,ent_apex_gamma,usr_677,agt_3,UPDATE customers SET name = '3499' WHERE id = 1954,UPDATE,customers,96,0.8448,support_triage,200
sess_1177,2026-05-04 12:32:28,ent_apex_gamma,usr_677,agt_3,"SELECT subject, status FROM support_tickets WHERE id = 35898",SELECT,support_tickets,9150,0.962,support_triage,200
sess_1177,2026-05-04 12:32:55,ent_apex_gamma,usr_677,agt_3,"SELECT id, customer_id FROM orders WHERE id = 28590",SELECT,orders,3778,0.9194,support_triage,200
sess_1177,2026-05-04 12:33:21,ent_apex_gamma,usr_677,agt_3,"SELECT name, COUNT(*) FROM customers GROUP BY name",AGGREGATION,customers,14671,0.995,support_triage,200
sess_1177,2026-05-04 12:34:10,ent_apex_gamma,usr_677,agt_3,"SELECT name, SUM(amount) FROM customers GROUP BY name",AGGREGATION,customers,3362,0.8573,support_triage,200
sess_1177,2026-05-04 12:35:26,ent_apex_gamma,usr_677,agt_3,"SELECT priority, subject FROM support_tickets WHERE id = 44263",SELECT,support_tickets,2298,0.9501,support_triage,200
sess_1177,2026-05-04 12:39:44,ent_apex_gamma,usr_677,agt_3,"SELECT created_at, SUM(amount) FROM orders GROUP BY created_at",AGGREGATION,orders,1918,0.995,support_triage,200
sess_1177,2026-05-04 12:39:57,ent_apex_gamma,usr_677,agt_3,"SELECT amount, id FROM orders WHERE id = 26186",SELECT,orders,111,0.7623,support_triage,200
sess_1178,2026-05-15 14:09:37,ent_apex_gamma,usr_678,agt_9,"SELECT customers.id, orders.id FROM customers JOIN orders ON customers.id = orders.id",JOIN,"customers,orders",1139,0.6888,order_management,200
sess_1178,2026-05-15 14:10:28,ent_apex_gamma,usr_678,agt_9,"SELECT created_at, email FROM customers WHERE id = 65761",SELECT,customers,7292,0.754,order_management,200
sess_1178,2026-05-15 14:10:51,ent_apex_gamma,usr_678,agt_9,"SELECT created_at, id FROM customers WHERE id = 6036",SELECT,customers,1540,0.7342,order_management,200
sess_1178,2026-05-15 14:12:49,ent_apex_gamma,usr_678,agt_9,"SELECT carrier, id FROM shipments WHERE id = 98229",SELECT,shipments,1145,0.8881,order_management,200
sess_1178,2026-05-15 14:13:27,ent_apex_gamma,usr_678,agt_9,"SELECT id, order_id FROM shipments WHERE id = 1461",SELECT,shipments,1133,0.9662,order_management,200
sess_1178,2026-05-15 14:17:21,ent_apex_gamma,usr_678,agt_9,"SELECT amount, AVG(amount) FROM orders GROUP BY amount",AGGREGATION,orders,11574,0.9061,order_management,200
sess_1178,2026-05-15 14:20:59,ent_apex_gamma,usr_678,agt_9,"SELECT customers.id, shipments.id FROM customers JOIN shipments ON customers.id = shipments.id",JOIN,"customers,shipments",552,0.995,order_management,200
sess_1178,2026-05-15 14:21:55,ent_apex_gamma,usr_678,agt_9,"SELECT name, region FROM customers WHERE id = 82582",SELECT,customers,189,0.9013,order_management,200
sess_1178,2026-05-15 14:24:03,ent_apex_gamma,usr_678,agt_9,"SELECT created_at, amount FROM orders WHERE id = 77907",SELECT,orders,863,0.7823,order_management,200
sess_1178,2026-05-15 14:24:38,ent_apex_gamma,usr_678,agt_9,UPDATE customers SET region = '4611' WHERE id = 2345,UPDATE,customers,981,0.8734,order_management,200
sess_1179,2026-05-06 11:49:00,ent_apex_gamma,usr_679,agt_3,"SELECT order_id, id FROM shipments WHERE id = 52678",SELECT,shipments,383,0.995,inventory_check,200
sess_1179,2026-05-06 11:49:12,ent_apex_gamma,usr_679,agt_3,UPDATE inventory SET updated_at = '7192' WHERE id = 5053,UPDATE,inventory,268,0.837,inventory_check,200
sess_1179,2026-05-06 11:50:08,ent_apex_gamma,usr_679,agt_3,"SELECT sku, MAX(id) FROM inventory GROUP BY sku",AGGREGATION,inventory,2279,0.6623,inventory_check,200
sess_1179,2026-05-06 11:50:58,ent_apex_gamma,usr_679,agt_3,"SELECT order_id, carrier FROM shipments WHERE id = 15379",SELECT,shipments,177,0.8958,inventory_check,200
sess_1179,2026-05-06 11:51:49,ent_apex_gamma,usr_679,agt_3,"SELECT order_id, eta FROM shipments WHERE id = 12985",SELECT,shipments,136,0.867,inventory_check,200
sess_1179,2026-05-06 11:52:11,ent_apex_gamma,usr_679,agt_3,"SELECT carrier, AVG(amount) FROM shipments GROUP BY carrier",AGGREGATION,shipments,6860,0.8947,inventory_check,200
sess_1179,2026-05-06 11:53:25,ent_apex_gamma,usr_679,agt_3,"SELECT carrier, id FROM shipments WHERE id = 88398",SELECT,shipments,1260,0.995,inventory_check,200
sess_1179,2026-05-06 11:53:34,ent_apex_gamma,usr_679,agt_3,"SELECT order_id, eta FROM shipments WHERE id = 66293",SELECT,shipments,84,0.6263,inventory_check,200
sess_1179,2026-05-06 11:54:40,ent_apex_gamma,usr_679,agt_3,"SELECT warehouse, updated_at FROM inventory WHERE id = 71494",SELECT,inventory,85,0.9177,inventory_check,200
sess_1179,2026-05-06 12:00:45,ent_apex_gamma,usr_679,agt_3,"SELECT price, id FROM products WHERE id = 41138",SELECT,products,1640,0.7069,inventory_check,200
sess_1179,2026-05-06 12:03:23,ent_apex_gamma,usr_679,agt_3,"SELECT shipments.id, inventory.id FROM shipments JOIN inventory ON shipments.id = inventory.id",JOIN,"shipments,inventory",854,0.7319,inventory_check,200
sess_1179,2026-05-06 12:04:57,ent_apex_gamma,usr_679,agt_3,"SELECT price, COUNT(*) FROM products GROUP BY price",AGGREGATION,products,2942,0.812,inventory_check,200
sess_1180,2026-05-02 08:32:50,ent_apex_gamma,usr_680,agt_8,"SELECT id, region FROM customers WHERE id = 34375",SELECT,customers,59,0.9794,report_generation,200
sess_1180,2026-05-02 08:34:48,ent_apex_gamma,usr_680,agt_8,"SELECT customer_id, month FROM billing_records WHERE id = 1569",SELECT,billing_records,4663,0.9932,report_generation,200
sess_1180,2026-05-02 08:36:17,ent_apex_gamma,usr_680,agt_8,"SELECT name, price FROM products WHERE id = 99031",SELECT,products,577,0.8927,inventory_check,200
sess_1180,2026-05-02 08:37:05,ent_apex_gamma,usr_680,agt_8,"SELECT method, MAX(id) FROM billing_records GROUP BY method",AGGREGATION,billing_records,4811,0.9281,report_generation,200
sess_1180,2026-05-02 08:37:07,ent_apex_gamma,usr_680,agt_8,UPDATE billing_records SET id = '1235' WHERE id = 7877,UPDATE,billing_records,456,0.995,report_generation,200
sess_1180,2026-05-02 08:42:52,ent_apex_gamma,usr_680,agt_8,"SELECT price, id FROM products WHERE id = 16384",SELECT,products,96,0.6856,report_generation,200
sess_1180,2026-05-02 08:49:48,ent_apex_gamma,usr_680,agt_8,"SELECT amount, status FROM orders WHERE id = 40351",SELECT,orders,404,0.8362,report_generation,200
sess_1180,2026-05-02 08:50:11,ent_apex_gamma,usr_680,agt_8,"SELECT amount, id FROM orders WHERE id = 22917",SELECT,orders,531,0.995,report_generation,200
sess_1180,2026-05-02 08:51:16,ent_apex_gamma,usr_680,agt_8,"SELECT customers.id, orders.id FROM customers JOIN orders ON customers.id = orders.id",JOIN,"customers,orders",4160,0.995,report_generation,200
sess_1180,2026-05-02 08:54:09,ent_apex_gamma,usr_680,agt_8,"SELECT name, COUNT(*) FROM customers GROUP BY name",AGGREGATION,customers,1538,0.995,report_generation,200
sess_1180,2026-05-02 08:55:28,ent_apex_gamma,usr_680,agt_8,"SELECT products.id, billing_records.id FROM products JOIN billing_records ON products.id = billing_records.id",JOIN,"products,billing_records",4690,0.8916,report_generation,200
sess_1180,2026-05-02 08:56:47,ent_apex_gamma,usr_680,agt_8,"SELECT name, id FROM customers WHERE id = 70734",SELECT,customers,75,0.891,report_generation,200
sess_1180,2026-05-02 08:57:16,ent_apex_gamma,usr_680,agt_8,"SELECT customer_id, status FROM orders WHERE id = 12663",SELECT,orders,615,0.8215,report_generation,200
sess_1180,2026-05-02 08:57:33,ent_apex_gamma,usr_680,agt_8,"SELECT region, name FROM customers WHERE id = 14089",SELECT,customers,101,0.9656,report_generation,200
sess_1180,2026-05-02 08:59:49,ent_apex_gamma,usr_680,agt_8,"SELECT category, id FROM products WHERE id = 94193",SELECT,products,5638,0.995,report_generation,200
sess_1181,2026-05-27 09:49:19,ent_corp_alpha,usr_681,agt_2,"SELECT customer_id, MAX(id) FROM support_tickets GROUP BY customer_id",AGGREGATION,support_tickets,3662,0.764,support_triage,200
sess_1181,2026-05-27 09:49:45,ent_corp_alpha,usr_681,agt_2,"SELECT created_at, name FROM customers WHERE id = 4297",SELECT,customers,939,0.9801,support_triage,200
sess_1181,2026-05-27 09:50:27,ent_corp_alpha,usr_681,agt_2,"SELECT id, SUM(amount) FROM support_tickets GROUP BY id",AGGREGATION,support_tickets,6021,0.847,support_triage,200
sess_1181,2026-05-27 09:54:56,ent_corp_alpha,usr_681,agt_2,"SELECT name, SUM(amount) FROM customers GROUP BY name",AGGREGATION,customers,9519,0.9012,support_triage,200
sess_1181,2026-05-27 09:56:04,ent_corp_alpha,usr_681,agt_2,UPDATE customers SET name = '4836' WHERE id = 4552,UPDATE,customers,1969,0.9255,support_triage,200
sess_1181,2026-05-27 09:59:06,ent_corp_alpha,usr_681,agt_2,"SELECT status, amount FROM orders WHERE id = 65288",SELECT,orders,1629,0.9687,support_triage,200
sess_1181,2026-05-27 09:59:26,ent_corp_alpha,usr_681,agt_2,"SELECT customer_id, created_at FROM orders WHERE id = 4801",SELECT,orders,1045,0.8961,support_triage,200
sess_1181,2026-05-27 10:01:51,ent_corp_alpha,usr_681,agt_2,"SELECT subject, id FROM support_tickets WHERE id = 54859",SELECT,support_tickets,1015,0.7704,support_triage,200
sess_1181,2026-05-27 10:02:25,ent_corp_alpha,usr_681,agt_2,"SELECT priority, customer_id FROM support_tickets WHERE id = 42",SELECT,support_tickets,119,0.995,support_triage,200
sess_1181,2026-05-27 10:05:07,ent_corp_alpha,usr_681,agt_2,"SELECT region, created_at FROM customers WHERE id = 38473",SELECT,customers,138,0.8715,support_triage,200
sess_1181,2026-05-27 10:07:18,ent_corp_alpha,usr_681,agt_2,"SELECT name, AVG(amount) FROM customers GROUP BY name",AGGREGATION,customers,5938,0.8521,support_triage,200
sess_1181,2026-05-27 10:07:36,ent_corp_alpha,usr_681,agt_2,UPDATE orders SET customer_id = '7095' WHERE id = 1873,UPDATE,orders,3164,0.8741,support_triage,200
sess_1181,2026-05-27 10:11:51,ent_corp_alpha,usr_681,agt_2,"SELECT status, priority FROM support_tickets WHERE id = 14446",SELECT,support_tickets,616,0.7719,support_triage,200
sess_1182,2026-05-04 13:56:46,ent_nexus_beta,usr_682,agt_7,SELECT * FROM information_schema.tables,SELECT,information_schema.tables,90191,0.995,system_health_check,200
sess_1182,2026-05-04 13:57:24,ent_nexus_beta,usr_682,agt_7,SELECT * FROM logs,SELECT,logs,32400,0.995,system_health_check,200
sess_1182,2026-05-04 13:57:50,ent_nexus_beta,usr_682,agt_7,SELECT * FROM page_views,SELECT,page_views,66740,0.9006,system_health_check,500
sess_1182,2026-05-04 14:05:02,ent_nexus_beta,usr_682,agt_7,"SELECT ts, COUNT(*) FROM page_views GROUP BY ts",AGGREGATION,page_views,2378,0.7697,system_health_check,200
sess_1182,2026-05-04 14:06:25,ent_nexus_beta,usr_682,agt_7,"SELECT level, ts FROM logs WHERE id = 83996",SELECT,logs,1329,0.995,system_health_check,200
sess_1182,2026-05-04 14:07:48,ent_nexus_beta,usr_682,agt_7,"SELECT id, AVG(amount) FROM logs GROUP BY id",AGGREGATION,logs,9024,0.9328,system_health_check,200
sess_1182,2026-05-04 14:07:55,ent_nexus_beta,usr_682,agt_7,"SELECT level, MAX(id) FROM logs GROUP BY level",AGGREGATION,logs,2576,0.8044,system_health_check,200
sess_1182,2026-05-04 14:10:29,ent_nexus_beta,usr_682,agt_7,"SELECT message, level FROM logs WHERE id = 87789",SELECT,logs,161,0.8132,system_health_check,200
sess_1182,2026-05-04 14:10:37,ent_nexus_beta,usr_682,agt_7,"SELECT id, ts FROM logs WHERE id = 7469",SELECT,logs,5973,0.8652,system_health_check,200
sess_1182,2026-05-04 14:14:49,ent_nexus_beta,usr_682,agt_7,"SELECT id, url FROM page_views WHERE id = 266",SELECT,page_views,995,0.9066,system_health_check,200
sess_1182,2026-05-04 14:16:31,ent_nexus_beta,usr_682,agt_7,"SELECT table_schema, row_count FROM information_schema.tables WHERE id = 69537",SELECT,information_schema.tables,104,0.655,system_health_check,200
sess_1182,2026-05-04 14:18:10,ent_nexus_beta,usr_682,agt_7,"SELECT message, SUM(amount) FROM logs GROUP BY message",AGGREGATION,logs,4525,0.7273,system_health_check,200
sess_1182,2026-05-04 14:18:57,ent_nexus_beta,usr_682,agt_7,"SELECT id, SUM(amount) FROM page_views GROUP BY id",AGGREGATION,page_views,1735,0.8449,system_health_check,200
sess_1183,2026-05-19 00:02:14,ent_apex_gamma,usr_683,agt_8,"SELECT id, COUNT(*) FROM logs GROUP BY id",AGGREGATION,logs,6764,0.995,system_health_check,200
sess_1183,2026-05-19 00:02:28,ent_apex_gamma,usr_683,agt_8,"SELECT logs.id, page_views.id FROM logs JOIN page_views ON logs.id = page_views.id",JOIN,"logs,page_views",3227,0.7919,system_health_check,200
sess_1183,2026-05-19 00:04:11,ent_apex_gamma,usr_683,agt_8,"SELECT id, user_id FROM page_views WHERE id = 37846",SELECT,page_views,214,0.9751,system_health_check,200
sess_1183,2026-05-19 00:04:33,ent_apex_gamma,usr_683,agt_8,"SELECT level, COUNT(*) FROM logs GROUP BY level",AGGREGATION,logs,11517,0.9218,system_health_check,200
sess_1183,2026-05-19 00:04:50,ent_apex_gamma,usr_683,agt_8,"SELECT ts, url FROM page_views WHERE id = 238",SELECT,page_views,965,0.758,system_health_check,200
sess_1183,2026-05-19 00:06:49,ent_apex_gamma,usr_683,agt_8,"SELECT ts, message FROM logs WHERE id = 49525",SELECT,logs,85,0.8871,system_health_check,200
sess_1183,2026-05-19 00:07:01,ent_apex_gamma,usr_683,agt_8,"SELECT table_name, table_schema FROM information_schema.tables WHERE id = 42684",SELECT,information_schema.tables,8009,0.8987,system_health_check,403
sess_1183,2026-05-19 00:10:15,ent_apex_gamma,usr_683,agt_8,"SELECT row_count, table_schema FROM information_schema.tables WHERE id = 71140",SELECT,information_schema.tables,1531,0.8202,system_health_check,200
sess_1183,2026-05-19 00:12:50,ent_apex_gamma,usr_683,agt_8,"SELECT id, ts FROM logs WHERE id = 47088",SELECT,logs,3277,0.9936,system_health_check,200
sess_1183,2026-05-19 00:17:06,ent_apex_gamma,usr_683,agt_8,"SELECT id, AVG(amount) FROM page_views GROUP BY id",AGGREGATION,page_views,397,0.9802,system_health_check,200
sess_1183,2026-05-19 00:18:12,ent_apex_gamma,usr_683,agt_8,"SELECT ts, user_id FROM page_views WHERE id = 30052",SELECT,page_views,891,0.7391,system_health_check,200
sess_1183,2026-05-19 00:19:08,ent_apex_gamma,usr_683,agt_8,"SELECT url, COUNT(*) FROM page_views GROUP BY url",AGGREGATION,page_views,8555,0.9007,system_health_check,200
sess_1183,2026-05-19 00:20:24,ent_apex_gamma,usr_683,agt_8,"SELECT ts, id FROM logs WHERE id = 95611",SELECT,logs,2095,0.8953,system_health_check,200
sess_1183,2026-05-19 00:21:01,ent_apex_gamma,usr_683,agt_8,"SELECT page_views.id, logs.id FROM page_views JOIN logs ON page_views.id = logs.id",JOIN,"page_views,logs",3969,0.8639,system_health_check,200
sess_1184,2026-05-03 17:32:00,ent_apex_gamma,usr_684,agt_1,"SELECT month, SUM(amount) FROM billing_records GROUP BY month",AGGREGATION,billing_records,3148,0.89,report_generation,200
sess_1184,2026-05-03 17:32:38,ent_apex_gamma,usr_684,agt_1,"SELECT created_at, id FROM orders WHERE id = 20737",SELECT,orders,3703,0.9037,report_generation,200
sess_1184,2026-05-03 17:34:04,ent_apex_gamma,usr_684,agt_1,UPDATE orders SET amount = '9091' WHERE id = 413,UPDATE,orders,2859,0.995,report_generation,200
sess_1184,2026-05-03 17:34:19,ent_apex_gamma,usr_684,agt_1,"SELECT name, email FROM customers WHERE id = 83325",SELECT,customers,314,0.818,report_generation,200
sess_1184,2026-05-03 17:37:03,ent_apex_gamma,usr_684,agt_1,"SELECT customer_id, amount FROM orders WHERE id = 23346",SELECT,orders,2227,0.8918,report_generation,200
sess_1184,2026-05-03 17:41:35,ent_apex_gamma,usr_684,agt_1,"SELECT id, month FROM billing_records WHERE id = 43272",SELECT,billing_records,251,0.8571,report_generation,200
sess_1184,2026-05-03 17:43:30,ent_apex_gamma,usr_684,agt_1,"SELECT created_at, email FROM customers WHERE id = 7658",SELECT,customers,88,0.982,report_generation,200
sess_1184,2026-05-03 17:44:03,ent_apex_gamma,usr_684,agt_1,"SELECT id, category FROM products WHERE id = 91261",SELECT,products,3060,0.8418,report_generation,200
sess_1184,2026-05-03 17:45:36,ent_apex_gamma,usr_684,agt_1,"SELECT category, AVG(amount) FROM products GROUP BY category",AGGREGATION,products,7012,0.9939,report_generation,200
sess_1184,2026-05-03 17:47:11,ent_apex_gamma,usr_684,agt_1,"SELECT name, id FROM products WHERE id = 32173",SELECT,products,25,0.995,report_generation,200
sess_1184,2026-05-03 17:48:03,ent_apex_gamma,usr_684,agt_1,"SELECT amount, MAX(id) FROM orders GROUP BY amount",AGGREGATION,orders,3334,0.7856,report_generation,200
sess_1185,2026-05-01 17:30:47,ent_corp_alpha,usr_685,agt_3,"SELECT carrier, eta FROM shipments WHERE id = 27414",SELECT,shipments,217,0.9395,order_management,200
sess_1185,2026-05-01 17:39:47,ent_corp_alpha,usr_685,agt_3,"SELECT created_at, AVG(amount) FROM customers GROUP BY created_at",AGGREGATION,customers,4274,0.6998,order_management,200
sess_1185,2026-05-01 17:45:56,ent_corp_alpha,usr_685,agt_3,"SELECT carrier, order_id FROM shipments WHERE id = 5206",SELECT,shipments,217,0.8232,order_management,200
sess_1185,2026-05-01 17:47:00,ent_corp_alpha,usr_685,agt_3,"SELECT email, created_at FROM customers WHERE id = 6179",SELECT,customers,82,0.8066,order_management,200
sess_1185,2026-05-01 17:49:45,ent_corp_alpha,usr_685,agt_3,"SELECT name, created_at FROM customers WHERE id = 24229",SELECT,customers,705,0.9164,order_management,200
sess_1185,2026-05-01 17:50:31,ent_corp_alpha,usr_685,agt_3,UPDATE orders SET amount = '376' WHERE id = 1252,UPDATE,orders,613,0.7606,order_management,200
sess_1185,2026-05-01 17:50:44,ent_corp_alpha,usr_685,agt_3,"SELECT email, created_at FROM customers WHERE id = 57011",SELECT,customers,1868,0.995,order_management,200
sess_1185,2026-05-01 17:55:15,ent_corp_alpha,usr_685,agt_3,"SELECT status, created_at FROM orders WHERE id = 36740",SELECT,orders,1390,0.9251,order_management,200
sess_1185,2026-05-01 17:56:25,ent_corp_alpha,usr_685,agt_3,"SELECT created_at, id FROM customers WHERE id = 39751",SELECT,customers,1001,0.8066,order_management,200
sess_1185,2026-05-01 17:57:09,ent_corp_alpha,usr_685,agt_3,"SELECT status, amount FROM orders WHERE id = 26110",SELECT,orders,73,0.8313,order_management,200
sess_1185,2026-05-01 17:58:44,ent_corp_alpha,usr_685,agt_3,"SELECT id, MAX(id) FROM shipments GROUP BY id",AGGREGATION,shipments,20616,0.9332,order_management,200
sess_1185,2026-05-01 18:00:52,ent_corp_alpha,usr_685,agt_3,"SELECT status, customer_id FROM orders WHERE id = 10940",SELECT,orders,541,0.6645,order_management,200
sess_1185,2026-05-01 18:01:15,ent_corp_alpha,usr_685,agt_3,"SELECT created_at, region FROM customers WHERE id = 20586",SELECT,customers,200,0.8841,order_management,200
sess_1185,2026-05-01 18:02:09,ent_corp_alpha,usr_685,agt_3,"SELECT id, created_at FROM customers WHERE id = 59900",SELECT,customers,3318,0.995,order_management,200
sess_1186,2026-05-16 10:15:41,ent_nexus_beta,usr_686,agt_3,"SELECT carrier, AVG(amount) FROM shipments GROUP BY carrier",AGGREGATION,shipments,1474,0.9027,inventory_check,200
sess_1186,2026-05-16 10:16:56,ent_nexus_beta,usr_686,agt_3,"SELECT carrier, id FROM shipments WHERE id = 62827",SELECT,shipments,537,0.9563,inventory_check,200
sess_1186,2026-05-16 10:18:35,ent_nexus_beta,usr_686,agt_3,"SELECT inventory.id, shipments.id FROM inventory JOIN shipments ON inventory.id = shipments.id",JOIN,"inventory,shipments",2080,0.9387,inventory_check,200
sess_1186,2026-05-16 10:20:53,ent_nexus_beta,usr_686,agt_3,"SELECT carrier, eta FROM shipments WHERE id = 13588",SELECT,shipments,3902,0.8875,inventory_check,200
sess_1186,2026-05-16 10:27:28,ent_nexus_beta,usr_686,agt_3,"SELECT products.id, inventory.id FROM products JOIN inventory ON products.id = inventory.id",JOIN,"products,inventory",2529,0.7707,inventory_check,200
sess_1186,2026-05-16 10:29:59,ent_nexus_beta,usr_686,agt_3,"SELECT carrier, order_id FROM shipments WHERE id = 96314",SELECT,shipments,121,0.7896,inventory_check,200
sess_1186,2026-05-16 10:30:01,ent_nexus_beta,usr_686,agt_3,"SELECT products.id, inventory.id FROM products JOIN inventory ON products.id = inventory.id",JOIN,"products,inventory",1679,0.9814,inventory_check,200
sess_1186,2026-05-16 10:32:31,ent_nexus_beta,usr_686,agt_3,"SELECT warehouse, sku FROM inventory WHERE id = 63899",SELECT,inventory,649,0.995,inventory_check,200
sess_1186,2026-05-16 10:35:07,ent_nexus_beta,usr_686,agt_3,"SELECT stock, id FROM inventory WHERE id = 6957",SELECT,inventory,1627,0.8285,inventory_check,200
sess_1186,2026-05-16 10:39:46,ent_nexus_beta,usr_686,agt_3,"SELECT price, COUNT(*) FROM products GROUP BY price",AGGREGATION,products,4332,0.995,inventory_check,200
sess_1186,2026-05-16 10:40:12,ent_nexus_beta,usr_686,agt_3,"SELECT id, COUNT(*) FROM shipments GROUP BY id",AGGREGATION,shipments,4536,0.995,inventory_check,200
sess_1186,2026-05-16 10:45:39,ent_nexus_beta,usr_686,agt_3,"SELECT price, AVG(amount) FROM products GROUP BY price",AGGREGATION,products,1012,0.7567,inventory_check,200
sess_1186,2026-05-16 10:46:05,ent_nexus_beta,usr_686,agt_3,"SELECT updated_at, COUNT(*) FROM inventory GROUP BY updated_at",AGGREGATION,inventory,5673,0.7371,inventory_check,200
sess_1187,2026-05-01 14:58:20,ent_apex_gamma,usr_687,agt_4,"SELECT status, customer_id FROM support_tickets WHERE id = 67299",SELECT,support_tickets,188,0.7581,customer_lookup,200
sess_1187,2026-05-01 14:58:42,ent_apex_gamma,usr_687,agt_4,"SELECT created_at, region FROM customers WHERE id = 808",SELECT,customers,316,0.8428,customer_lookup,200
sess_1187,2026-05-01 15:00:22,ent_apex_gamma,usr_687,agt_4,"SELECT email, AVG(amount) FROM customers GROUP BY email",AGGREGATION,customers,546,0.76,customer_lookup,200
sess_1187,2026-05-01 15:00:49,ent_apex_gamma,usr_687,agt_4,"SELECT customer_id, created_at FROM orders WHERE id = 33129",SELECT,orders,877,0.995,customer_lookup,200
sess_1187,2026-05-01 15:01:36,ent_apex_gamma,usr_687,agt_4,"SELECT created_at, region FROM customers WHERE id = 30869",SELECT,customers,1089,0.8307,customer_lookup,200
sess_1187,2026-05-01 15:02:04,ent_apex_gamma,usr_687,agt_4,"SELECT customer_id, MAX(id) FROM support_tickets GROUP BY customer_id",AGGREGATION,support_tickets,14021,0.6432,customer_lookup,200
sess_1187,2026-05-01 15:03:51,ent_apex_gamma,usr_687,agt_4,"SELECT created_at, email FROM customers WHERE id = 84334",SELECT,customers,548,0.7074,customer_lookup,200
sess_1187,2026-05-01 15:06:25,ent_apex_gamma,usr_687,agt_4,"SELECT created_at, MAX(id) FROM customers GROUP BY created_at",AGGREGATION,customers,10175,0.9897,customer_lookup,200
sess_1187,2026-05-01 15:07:00,ent_apex_gamma,usr_687,agt_4,"SELECT created_at, name FROM customers WHERE id = 16873",SELECT,customers,1386,0.995,customer_lookup,200
sess_1187,2026-05-01 15:07:15,ent_apex_gamma,usr_687,agt_4,"SELECT subject, status FROM support_tickets WHERE id = 71232",SELECT,support_tickets,1143,0.8401,customer_lookup,200
sess_1187,2026-05-01 15:08:17,ent_apex_gamma,usr_687,agt_4,"SELECT status, MAX(id) FROM orders GROUP BY status",AGGREGATION,orders,6532,0.814,customer_lookup,200
sess_1187,2026-05-01 15:10:53,ent_apex_gamma,usr_687,agt_4,"SELECT amount, MAX(id) FROM orders GROUP BY amount",AGGREGATION,orders,1747,0.995,customer_lookup,200
sess_1187,2026-05-01 15:11:49,ent_apex_gamma,usr_687,agt_4,"SELECT orders.id, support_tickets.id FROM orders JOIN support_tickets ON orders.id = support_tickets.id",JOIN,"orders,support_tickets",2486,0.7424,customer_lookup,500
sess_1187,2026-05-01 15:16:52,ent_apex_gamma,usr_687,agt_4,"SELECT name, region FROM customers WHERE id = 29673",SELECT,customers,203,0.8289,customer_lookup,200
sess_1188,2026-05-01 16:31:55,ent_apex_gamma,usr_688,agt_2,"SELECT user_id, MAX(id) FROM page_views GROUP BY user_id",AGGREGATION,page_views,4560,0.9357,system_health_check,200
sess_1188,2026-05-01 16:34:00,ent_apex_gamma,usr_688,agt_2,"SELECT message, ts FROM logs WHERE id = 55915",SELECT,logs,396,0.9143,system_health_check,200
sess_1188,2026-05-01 16:35:12,ent_apex_gamma,usr_688,agt_2,"SELECT ts, id FROM logs WHERE id = 99768",SELECT,logs,141,0.6842,system_health_check,200
sess_1188,2026-05-01 16:44:07,ent_apex_gamma,usr_688,agt_2,"SELECT ts, level FROM logs WHERE id = 6677",SELECT,logs,65,0.995,system_health_check,200
sess_1188,2026-05-01 16:45:51,ent_apex_gamma,usr_688,agt_2,UPDATE information_schema.tables SET table_schema = '8974' WHERE id = 2822,UPDATE,information_schema.tables,2578,0.9597,system_health_check,200
sess_1188,2026-05-01 16:48:39,ent_apex_gamma,usr_688,agt_2,"SELECT user_id, id FROM page_views WHERE id = 50483",SELECT,page_views,105,0.995,system_health_check,200
sess_1188,2026-05-01 16:49:02,ent_apex_gamma,usr_688,agt_2,"SELECT ts, url FROM page_views WHERE id = 81241",SELECT,page_views,114,0.7119,system_health_check,200
sess_1188,2026-05-01 16:51:21,ent_apex_gamma,usr_688,agt_2,"SELECT id, level FROM logs WHERE id = 67726",SELECT,logs,3307,0.9921,system_health_check,200
sess_1188,2026-05-01 16:52:31,ent_apex_gamma,usr_688,agt_2,"SELECT ts, id FROM page_views WHERE id = 55976",SELECT,page_views,60,0.8924,system_health_check,200
sess_1188,2026-05-01 16:53:15,ent_apex_gamma,usr_688,agt_2,"SELECT level, id FROM logs WHERE id = 6285",SELECT,logs,331,0.978,system_health_check,200
sess_1189,2026-05-24 11:11:26,ent_corp_alpha,usr_689,agt_3,"SELECT price, id FROM products WHERE id = 969",SELECT,products,151,0.8453,report_generation,200
sess_1189,2026-05-24 11:12:03,ent_corp_alpha,usr_689,agt_3,"SELECT customer_id, amount FROM billing_records WHERE id = 17946",SELECT,billing_records,980,0.7979,report_generation,200
sess_1189,2026-05-24 11:13:32,ent_corp_alpha,usr_689,agt_3,"SELECT id, amount FROM orders WHERE id = 30247",SELECT,orders,65,0.8948,report_generation,200
sess_1189,2026-05-24 11:13:34,ent_corp_alpha,usr_689,agt_3,"SELECT customers.id, billing_records.id FROM customers JOIN billing_records ON customers.id = billing_records.id",JOIN,"customers,billing_records",8780,0.9547,report_generation,200
sess_1189,2026-05-24 11:15:11,ent_corp_alpha,usr_689,agt_3,"SELECT name, category FROM products WHERE id = 86103",SELECT,products,138,0.8216,report_generation,200
sess_1189,2026-05-24 11:21:04,ent_corp_alpha,usr_689,agt_3,"SELECT customer_id, month FROM billing_records WHERE id = 14793",SELECT,billing_records,218,0.8102,report_generation,200
sess_1189,2026-05-24 11:24:07,ent_corp_alpha,usr_689,agt_3,"SELECT name, id FROM products WHERE id = 99522",SELECT,products,215,0.7895,report_generation,200
sess_1189,2026-05-24 11:27:02,ent_corp_alpha,usr_689,agt_3,"SELECT created_at, id FROM orders WHERE id = 7120",SELECT,orders,386,0.8139,report_generation,200
sess_1189,2026-05-24 11:27:04,ent_corp_alpha,usr_689,agt_3,"SELECT id, email FROM customers WHERE id = 56629",SELECT,customers,303,0.9635,report_generation,200
sess_1189,2026-05-24 11:31:46,ent_corp_alpha,usr_689,agt_3,"SELECT status, MAX(id) FROM orders GROUP BY status",AGGREGATION,orders,2298,0.8743,report_generation,403
sess_1189,2026-05-24 11:31:54,ent_corp_alpha,usr_689,agt_3,"SELECT amount, id FROM orders WHERE id = 84741",SELECT,orders,386,0.9202,report_generation,200
sess_1189,2026-05-24 11:33:55,ent_corp_alpha,usr_689,agt_3,"SELECT billing_records.id, customers.id FROM billing_records JOIN customers ON billing_records.id = customers.id",JOIN,"billing_records,customers",3545,0.6617,report_generation,200
sess_1189,2026-05-24 11:35:27,ent_corp_alpha,usr_689,agt_3,UPDATE customers SET email = '259' WHERE id = 4184,UPDATE,customers,2803,0.995,report_generation,200
sess_1189,2026-05-24 11:36:10,ent_corp_alpha,usr_689,agt_3,"SELECT method, SUM(amount) FROM billing_records GROUP BY method",AGGREGATION,billing_records,566,0.7208,report_generation,200
sess_1189,2026-05-24 11:37:48,ent_corp_alpha,usr_689,agt_3,"SELECT customer_id, created_at FROM orders WHERE id = 89555",SELECT,orders,2479,0.7298,report_generation,200
sess_1189,2026-05-24 11:37:59,ent_corp_alpha,usr_689,agt_3,"SELECT month, id FROM billing_records WHERE id = 5107",SELECT,billing_records,868,0.7127,report_generation,200
sess_1189,2026-05-24 11:38:11,ent_corp_alpha,usr_689,agt_3,"SELECT created_at, status FROM orders WHERE id = 25310",SELECT,orders,4938,0.7916,report_generation,200
sess_1190,2026-05-18 13:14:13,ent_nexus_beta,usr_690,agt_8,"SELECT year, total_comp FROM executive_compensation WHERE id = 11606",SELECT,executive_compensation,217,0.9499,compensation_review,200
sess_1190,2026-05-18 13:15:49,ent_nexus_beta,usr_690,agt_8,"SELECT employee_id, base_salary FROM employee_salaries WHERE id = 12541",SELECT,employee_salaries,217,0.9485,compensation_review,200
sess_1190,2026-05-18 13:18:22,ent_nexus_beta,usr_690,agt_8,"SELECT base_salary, SUM(amount) FROM employee_salaries GROUP BY base_salary",AGGREGATION,employee_salaries,26735,0.8154,compensation_review,200
sess_1190,2026-05-18 13:19:45,ent_nexus_beta,usr_690,agt_8,"SELECT year, id FROM executive_compensation WHERE id = 35849",SELECT,executive_compensation,74,0.995,compensation_review,200
sess_1190,2026-05-18 13:19:49,ent_nexus_beta,usr_690,agt_8,"SELECT grade, base_salary FROM employee_salaries WHERE id = 98004",SELECT,employee_salaries,764,0.8668,compensation_review,200
sess_1190,2026-05-18 13:20:30,ent_nexus_beta,usr_690,agt_8,"SELECT exec_id, id FROM executive_compensation WHERE id = 67368",SELECT,executive_compensation,66,0.9381,compensation_review,200
sess_1190,2026-05-18 13:22:20,ent_nexus_beta,usr_690,agt_8,"SELECT bonus, employee_id FROM employee_salaries WHERE id = 76324",SELECT,employee_salaries,1237,0.9288,compensation_review,200
sess_1190,2026-05-18 13:23:04,ent_nexus_beta,usr_690,agt_8,"SELECT id, bonus FROM employee_salaries WHERE id = 11312",SELECT,employee_salaries,4786,0.832,compensation_review,200
sess_1191,2026-05-13 11:07:58,ent_corp_alpha,usr_691,agt_5,"SELECT table_name, data_type FROM information_schema.columns WHERE id = 38984",SELECT,information_schema.columns,1814,0.842,schema_audit,200
sess_1191,2026-05-13 11:08:42,ent_corp_alpha,usr_691,agt_5,"SELECT target, MAX(id) FROM audit_log GROUP BY target",AGGREGATION,audit_log,7946,0.9845,schema_audit,200
sess_1191,2026-05-13 11:08:56,ent_corp_alpha,usr_691,agt_5,"SELECT ts, action FROM audit_log WHERE id = 1825",SELECT,audit_log,273,0.995,schema_audit,200
sess_1191,2026-05-13 11:10:40,ent_corp_alpha,usr_691,agt_5,"SELECT target, MAX(id) FROM audit_log GROUP BY target",AGGREGATION,audit_log,32553,0.8499,schema_audit,200
sess_1191,2026-05-13 11:10:42,ent_corp_alpha,usr_691,agt_5,"SELECT actor, ts FROM audit_log WHERE id = 24440",SELECT,audit_log,615,0.8635,schema_audit,200
sess_1191,2026-05-13 11:11:08,ent_corp_alpha,usr_691,agt_5,"SELECT target, MAX(id) FROM audit_log GROUP BY target",AGGREGATION,audit_log,7553,0.7618,schema_audit,200
sess_1191,2026-05-13 11:12:23,ent_corp_alpha,usr_691,agt_5,"SELECT information_schema.columns.id, information_schema.tables.id FROM information_schema.columns JOIN information_schema.tables ON information_schema.columns.id = information_schema.tables.id",JOIN,"information_schema.columns,information_schema.tables",596,0.9651,schema_audit,200
sess_1191,2026-05-13 11:13:58,ent_corp_alpha,usr_691,agt_5,"SELECT column_name, table_name FROM information_schema.columns WHERE id = 4430",SELECT,information_schema.columns,857,0.8736,schema_audit,200
sess_1191,2026-05-13 11:15:32,ent_corp_alpha,usr_691,agt_5,"SELECT data_type, column_name FROM information_schema.columns WHERE id = 92063",SELECT,information_schema.columns,39,0.8949,schema_audit,200
sess_1191,2026-05-13 11:17:46,ent_corp_alpha,usr_691,agt_5,"SELECT table_name, table_schema FROM information_schema.tables WHERE id = 33288",SELECT,information_schema.tables,474,0.9426,schema_audit,200
sess_1191,2026-05-13 11:18:48,ent_corp_alpha,usr_691,agt_5,"SELECT action, target FROM audit_log WHERE id = 23006",SELECT,audit_log,119,0.8528,schema_audit,200
sess_1191,2026-05-13 11:19:36,ent_corp_alpha,usr_691,agt_5,"SELECT ts, actor FROM audit_log WHERE id = 65807",SELECT,audit_log,92,0.7511,schema_audit,200
sess_1191,2026-05-13 11:23:25,ent_corp_alpha,usr_691,agt_5,"SELECT target, COUNT(*) FROM audit_log GROUP BY target",AGGREGATION,audit_log,6825,0.7468,schema_audit,200
sess_1191,2026-05-13 11:29:26,ent_corp_alpha,usr_691,agt_5,"SELECT row_count, table_name FROM information_schema.tables WHERE id = 30228",SELECT,information_schema.tables,46,0.9601,schema_audit,200
sess_1192,2026-05-04 12:44:25,ent_corp_alpha,usr_692,agt_5,"SELECT id, amount FROM orders WHERE id = 59120",SELECT,orders,15,0.8223,billing_summary,200
sess_1192,2026-05-04 12:49:31,ent_corp_alpha,usr_692,agt_5,"SELECT id, region FROM customers WHERE id = 93094",SELECT,customers,194,0.8603,billing_summary,200
sess_1192,2026-05-04 12:51:02,ent_corp_alpha,usr_692,agt_5,"SELECT created_at, email FROM customers WHERE id = 56260",SELECT,customers,190,0.9395,billing_summary,200
sess_1192,2026-05-04 12:55:21,ent_corp_alpha,usr_692,agt_5,"SELECT month, amount FROM billing_records WHERE id = 28569",SELECT,billing_records,77,0.995,billing_summary,200
sess_1192,2026-05-04 12:58:00,ent_corp_alpha,usr_692,agt_5,"SELECT id, SUM(amount) FROM orders GROUP BY id",AGGREGATION,orders,7306,0.9928,billing_summary,200
sess_1192,2026-05-04 12:58:36,ent_corp_alpha,usr_692,agt_5,"SELECT status, id FROM orders WHERE id = 12625",SELECT,orders,2101,0.788,billing_summary,200
sess_1192,2026-05-04 13:00:42,ent_corp_alpha,usr_692,agt_5,"SELECT status, amount FROM orders WHERE id = 51120",SELECT,orders,319,0.8162,billing_summary,200
sess_1192,2026-05-04 13:01:59,ent_corp_alpha,usr_692,agt_5,"SELECT amount, method FROM billing_records WHERE id = 98732",SELECT,billing_records,114,0.8784,billing_summary,200
sess_1192,2026-05-04 13:04:03,ent_corp_alpha,usr_692,agt_5,"SELECT orders.id, customers.id FROM orders JOIN customers ON orders.id = customers.id",JOIN,"orders,customers",1021,0.8168,billing_summary,200
sess_1192,2026-05-04 13:05:17,ent_corp_alpha,usr_692,agt_5,"SELECT amount, MAX(id) FROM billing_records GROUP BY amount",AGGREGATION,billing_records,10519,0.9542,billing_summary,200
sess_1192,2026-05-04 13:05:53,ent_corp_alpha,usr_692,agt_5,"SELECT billing_records.id, orders.id FROM billing_records JOIN orders ON billing_records.id = orders.id",JOIN,"billing_records,orders",2246,0.8394,billing_summary,200
sess_1192,2026-05-04 13:07:42,ent_corp_alpha,usr_692,agt_5,"SELECT created_at, name FROM customers WHERE id = 29867",SELECT,customers,995,0.9313,billing_summary,200
sess_1192,2026-05-04 13:09:21,ent_corp_alpha,usr_692,agt_5,"SELECT id, amount FROM orders WHERE id = 20361",SELECT,orders,4152,0.843,billing_summary,200
sess_1192,2026-05-04 13:10:06,ent_corp_alpha,usr_692,agt_5,"SELECT name, COUNT(*) FROM customers GROUP BY name",AGGREGATION,customers,60000,0.995,billing_summary,200
sess_1193,2026-05-17 11:56:05,ent_apex_gamma,usr_693,agt_3,"SELECT table_name, MAX(id) FROM information_schema.tables GROUP BY table_name",AGGREGATION,information_schema.tables,9495,0.6904,schema_audit,200
sess_1193,2026-05-17 11:56:37,ent_apex_gamma,usr_693,agt_3,"SELECT table_name, data_type FROM information_schema.columns WHERE id = 15952",SELECT,information_schema.columns,175,0.764,schema_audit,200
sess_1193,2026-05-17 12:00:08,ent_apex_gamma,usr_693,agt_3,"SELECT table_name, row_count FROM information_schema.tables WHERE id = 30734",SELECT,information_schema.tables,1757,0.8502,schema_audit,200
sess_1193,2026-05-17 12:01:56,ent_apex_gamma,usr_693,agt_3,"SELECT actor, target FROM audit_log WHERE id = 71905",SELECT,audit_log,1296,0.883,schema_audit,200
sess_1193,2026-05-17 12:02:30,ent_apex_gamma,usr_693,agt_3,"SELECT action, AVG(amount) FROM audit_log GROUP BY action",AGGREGATION,audit_log,6897,0.9924,schema_audit,200
sess_1193,2026-05-17 12:03:27,ent_apex_gamma,usr_693,agt_3,"SELECT column_name, table_name FROM information_schema.columns WHERE id = 25320",SELECT,information_schema.columns,434,0.7936,schema_audit,200
sess_1193,2026-05-17 12:07:20,ent_apex_gamma,usr_693,agt_3,"SELECT actor, ts FROM audit_log WHERE id = 18789",SELECT,audit_log,1981,0.7192,schema_audit,200
sess_1193,2026-05-17 12:08:22,ent_apex_gamma,usr_693,agt_3,"SELECT table_schema, row_count FROM information_schema.tables WHERE id = 21068",SELECT,information_schema.tables,122,0.6365,schema_audit,200
sess_1193,2026-05-17 12:09:34,ent_apex_gamma,usr_693,agt_3,"SELECT id, target FROM audit_log WHERE id = 26376",SELECT,audit_log,98,0.883,schema_audit,500
sess_1193,2026-05-17 12:12:03,ent_apex_gamma,usr_693,agt_3,"SELECT column_name, table_name FROM information_schema.columns WHERE id = 27765",SELECT,information_schema.columns,150,0.8191,schema_audit,200
sess_1193,2026-05-17 12:12:34,ent_apex_gamma,usr_693,agt_3,"SELECT target, SUM(amount) FROM audit_log GROUP BY target",AGGREGATION,audit_log,2485,0.9157,schema_audit,200
sess_1193,2026-05-17 12:12:51,ent_apex_gamma,usr_693,agt_3,"SELECT data_type, column_name FROM information_schema.columns WHERE id = 59362",SELECT,information_schema.columns,205,0.8394,schema_audit,200
sess_1193,2026-05-17 12:17:10,ent_apex_gamma,usr_693,agt_3,"SELECT actor, action FROM audit_log WHERE id = 54045",SELECT,audit_log,1467,0.7402,schema_audit,200
sess_1193,2026-05-17 12:24:13,ent_apex_gamma,usr_693,agt_3,"SELECT table_schema, table_name FROM information_schema.tables WHERE id = 39667",SELECT,information_schema.tables,840,0.995,schema_audit,500
sess_1193,2026-05-17 12:26:33,ent_apex_gamma,usr_693,agt_3,"SELECT table_name, MAX(id) FROM information_schema.columns GROUP BY table_name",AGGREGATION,information_schema.columns,3853,0.9025,schema_audit,200
sess_1193,2026-05-17 12:27:08,ent_apex_gamma,usr_693,agt_3,"SELECT column_name, table_name FROM information_schema.columns WHERE id = 95547",SELECT,information_schema.columns,1514,0.995,schema_audit,200
sess_1193,2026-05-17 12:27:13,ent_apex_gamma,usr_693,agt_3,"SELECT actor, action FROM audit_log WHERE id = 14534",SELECT,audit_log,54,0.7909,schema_audit,200
sess_1194,2026-05-01 10:20:50,ent_nexus_beta,usr_694,agt_5,UPDATE products SET name = '9461' WHERE id = 1803,UPDATE,products,1222,0.995,report_generation,200
sess_1194,2026-05-01 10:23:07,ent_nexus_beta,usr_694,agt_5,UPDATE products SET id = '9705' WHERE id = 3480,UPDATE,products,131,0.9825,report_generation,200
sess_1194,2026-05-01 10:24:08,ent_nexus_beta,usr_694,agt_5,"SELECT id, SUM(amount) FROM orders GROUP BY id",AGGREGATION,orders,7813,0.9861,report_generation,200
sess_1194,2026-05-01 10:24:33,ent_nexus_beta,usr_694,agt_5,UPDATE executive_compensation SET equity = '979' WHERE id = 1087,UPDATE,executive_compensation,597,0.995,compensation_review,200
sess_1194,2026-05-01 10:24:51,ent_nexus_beta,usr_694,agt_5,"SELECT method, amount FROM billing_records WHERE id = 1226",SELECT,billing_records,51,0.8321,report_generation,200
sess_1194,2026-05-01 10:28:43,ent_nexus_beta,usr_694,agt_5,"SELECT orders.id, customers.id FROM orders JOIN customers ON orders.id = customers.id",JOIN,"orders,customers",1450,0.9052,report_generation,200
sess_1194,2026-05-01 10:32:24,ent_nexus_beta,usr_694,agt_5,"SELECT method, AVG(amount) FROM billing_records GROUP BY method",AGGREGATION,billing_records,4720,0.9196,report_generation,200
sess_1194,2026-05-01 10:34:22,ent_nexus_beta,usr_694,agt_5,"SELECT email, created_at FROM customers WHERE id = 49736",SELECT,customers,205,0.9046,report_generation,500
sess_1194,2026-05-01 10:35:44,ent_nexus_beta,usr_694,agt_5,"SELECT created_at, email FROM customers WHERE id = 99382",SELECT,customers,83,0.8088,report_generation,200
sess_1194,2026-05-01 10:36:52,ent_nexus_beta,usr_694,agt_5,"SELECT name, SUM(amount) FROM customers GROUP BY name",AGGREGATION,customers,1797,0.9416,report_generation,200
sess_1194,2026-05-01 10:42:56,ent_nexus_beta,usr_694,agt_5,"SELECT table_schema, table_name FROM information_schema.tables WHERE id = 12540",SELECT,information_schema.tables,319,0.995,schema_audit,200
sess_1194,2026-05-01 10:43:52,ent_nexus_beta,usr_694,agt_5,"SELECT created_at, name FROM customers WHERE id = 26892",SELECT,customers,3719,0.989,support_triage,200
sess_1194,2026-05-01 10:49:01,ent_nexus_beta,usr_694,agt_5,"SELECT amount, id FROM orders WHERE id = 9870",SELECT,orders,46,0.995,report_generation,200
sess_1194,2026-05-01 10:49:15,ent_nexus_beta,usr_694,agt_5,"SELECT name, category FROM products WHERE id = 49309",SELECT,products,4008,0.85,report_generation,200
sess_1195,2026-05-20 16:58:50,ent_nexus_beta,usr_695,agt_12,"SELECT customer_id, COUNT(*) FROM support_tickets GROUP BY customer_id",AGGREGATION,support_tickets,13919,0.995,support_triage,200
sess_1195,2026-05-20 17:01:39,ent_nexus_beta,usr_695,agt_12,"SELECT email, region FROM customers WHERE id = 88079",SELECT,customers,321,0.8777,support_triage,200
sess_1195,2026-05-20 17:01:41,ent_nexus_beta,usr_695,agt_12,"SELECT id, email FROM customers WHERE id = 6850",SELECT,customers,483,0.8951,support_triage,200
sess_1195,2026-05-20 17:02:24,ent_nexus_beta,usr_695,agt_12,"SELECT status, id FROM orders WHERE id = 89867",SELECT,orders,170,0.6672,support_triage,200
sess_1195,2026-05-20 17:05:17,ent_nexus_beta,usr_695,agt_12,"SELECT customer_id, amount FROM orders WHERE id = 20186",SELECT,orders,523,0.8285,support_triage,200
sess_1195,2026-05-20 17:07:01,ent_nexus_beta,usr_695,agt_12,"SELECT amount, created_at FROM orders WHERE id = 57621",SELECT,orders,151,0.8022,support_triage,200
sess_1195,2026-05-20 17:07:36,ent_nexus_beta,usr_695,agt_12,"SELECT status, id FROM orders WHERE id = 53655",SELECT,orders,416,0.9533,support_triage,200
sess_1195,2026-05-20 17:08:10,ent_nexus_beta,usr_695,agt_12,"SELECT email, region FROM customers WHERE id = 45523",SELECT,customers,182,0.8062,support_triage,200
sess_1195,2026-05-20 17:10:23,ent_nexus_beta,usr_695,agt_12,"SELECT region, id FROM customers WHERE id = 48561",SELECT,customers,8062,0.9479,support_triage,200
sess_1195,2026-05-20 17:10:41,ent_nexus_beta,usr_695,agt_12,"SELECT created_at, id FROM orders WHERE id = 52537",SELECT,orders,239,0.7312,support_triage,200
sess_1195,2026-05-20 17:10:43,ent_nexus_beta,usr_695,agt_12,"SELECT orders.id, support_tickets.id FROM orders JOIN support_tickets ON orders.id = support_tickets.id",JOIN,"orders,support_tickets",681,0.9438,support_triage,200
sess_1195,2026-05-20 17:10:57,ent_nexus_beta,usr_695,agt_12,"SELECT status, amount FROM orders WHERE id = 29308",SELECT,orders,772,0.8076,support_triage,200
sess_1195,2026-05-20 17:11:00,ent_nexus_beta,usr_695,agt_12,"SELECT amount, created_at FROM orders WHERE id = 84132",SELECT,orders,659,0.922,support_triage,200
sess_1195,2026-05-20 17:11:24,ent_nexus_beta,usr_695,agt_12,"SELECT priority, customer_id FROM support_tickets WHERE id = 52422",SELECT,support_tickets,80,0.9291,support_triage,200
sess_1195,2026-05-20 17:13:36,ent_nexus_beta,usr_695,agt_12,"SELECT created_at, region FROM customers WHERE id = 16135",SELECT,customers,721,0.6478,support_triage,200
sess_1196,2026-05-14 20:06:37,ent_apex_gamma,usr_696,agt_2,"SELECT id, customer_id FROM orders WHERE id = 52118",SELECT,orders,48,0.995,order_management,200
sess_1196,2026-05-14 20:08:16,ent_apex_gamma,usr_696,agt_2,"SELECT email, created_at FROM customers WHERE id = 56882",SELECT,customers,652,0.8046,order_management,200
sess_1196,2026-05-14 20:09:16,ent_apex_gamma,usr_696,agt_2,"SELECT carrier, eta FROM shipments WHERE id = 76674",SELECT,shipments,244,0.8889,order_management,200
sess_1196,2026-05-14 20:09:27,ent_apex_gamma,usr_696,agt_2,"SELECT id, eta FROM shipments WHERE id = 1915",SELECT,shipments,878,0.995,order_management,200
sess_1196,2026-05-14 20:10:33,ent_apex_gamma,usr_696,agt_2,"SELECT region, created_at FROM customers WHERE id = 21131",SELECT,customers,381,0.956,order_management,200
sess_1196,2026-05-14 20:10:59,ent_apex_gamma,usr_696,agt_2,"SELECT name, created_at FROM customers WHERE id = 60566",SELECT,customers,2103,0.8622,order_management,200
sess_1196,2026-05-14 20:11:23,ent_apex_gamma,usr_696,agt_2,"SELECT shipments.id, customers.id FROM shipments JOIN customers ON shipments.id = customers.id",JOIN,"shipments,customers",1386,0.8238,order_management,200
sess_1196,2026-05-14 20:12:41,ent_apex_gamma,usr_696,agt_2,"SELECT amount, COUNT(*) FROM orders GROUP BY amount",AGGREGATION,orders,10282,0.8932,order_management,200
sess_1196,2026-05-14 20:12:56,ent_apex_gamma,usr_696,agt_2,"SELECT name, COUNT(*) FROM customers GROUP BY name",AGGREGATION,customers,3854,0.9446,order_management,200
sess_1196,2026-05-14 20:17:31,ent_apex_gamma,usr_696,agt_2,UPDATE shipments SET id = '8258' WHERE id = 2700,UPDATE,shipments,481,0.877,order_management,200
sess_1197,2026-05-19 08:58:11,ent_corp_alpha,usr_697,agt_10,"SELECT id, created_at FROM customers WHERE id = 17559",SELECT,customers,2829,0.8319,report_generation,200
sess_1197,2026-05-19 08:58:22,ent_corp_alpha,usr_697,agt_10,"SELECT amount, id FROM orders WHERE id = 46699",SELECT,orders,94,0.8505,report_generation,200
sess_1197,2026-05-19 08:59:13,ent_corp_alpha,usr_697,agt_10,"SELECT status, created_at FROM orders WHERE id = 24187",SELECT,orders,1013,0.8366,report_generation,200
sess_1197,2026-05-19 09:00:58,ent_corp_alpha,usr_697,agt_10,"SELECT customers.id, orders.id FROM customers JOIN orders ON customers.id = orders.id",JOIN,"customers,orders",6259,0.8723,report_generation,200
sess_1197,2026-05-19 09:04:11,ent_corp_alpha,usr_697,agt_10,"SELECT name, created_at FROM customers WHERE id = 37385",SELECT,customers,191,0.995,report_generation,200
sess_1197,2026-05-19 09:05:45,ent_corp_alpha,usr_697,agt_10,"SELECT id, category FROM products WHERE id = 68986",SELECT,products,304,0.995,report_generation,500
sess_1197,2026-05-19 09:06:00,ent_corp_alpha,usr_697,agt_10,"SELECT method, customer_id FROM billing_records WHERE id = 23597",SELECT,billing_records,930,0.682,report_generation,200
sess_1197,2026-05-19 09:06:19,ent_corp_alpha,usr_697,agt_10,"SELECT customer_id, method FROM billing_records WHERE id = 41555",SELECT,billing_records,1459,0.9271,report_generation,200
sess_1197,2026-05-19 09:07:32,ent_corp_alpha,usr_697,agt_10,"SELECT name, price FROM products WHERE id = 92200",SELECT,products,1556,0.6476,report_generation,200
sess_1197,2026-05-19 09:12:34,ent_corp_alpha,usr_697,agt_10,"SELECT region, email FROM customers WHERE id = 22519",SELECT,customers,196,0.8198,report_generation,200
sess_1197,2026-05-19 09:12:57,ent_corp_alpha,usr_697,agt_10,"SELECT id, price FROM products WHERE id = 19711",SELECT,products,4085,0.995,report_generation,403
sess_1197,2026-05-19 09:16:52,ent_corp_alpha,usr_697,agt_10,"SELECT customer_id, amount FROM billing_records WHERE id = 21122",SELECT,billing_records,11864,0.8312,report_generation,200
sess_1197,2026-05-19 09:18:22,ent_corp_alpha,usr_697,agt_10,"SELECT name, price FROM products WHERE id = 11085",SELECT,products,1392,0.8268,report_generation,200
sess_1197,2026-05-19 09:23:39,ent_corp_alpha,usr_697,agt_10,"SELECT customer_id, month FROM billing_records WHERE id = 33940",SELECT,billing_records,176,0.789,report_generation,200
sess_1197,2026-05-19 09:23:51,ent_corp_alpha,usr_697,agt_10,UPDATE products SET name = '8654' WHERE id = 8381,UPDATE,products,74,0.952,report_generation,200
sess_1197,2026-05-19 09:31:30,ent_corp_alpha,usr_697,agt_10,"SELECT created_at, MAX(id) FROM customers GROUP BY created_at",AGGREGATION,customers,4567,0.9262,report_generation,200
sess_1198,2026-05-12 14:24:24,ent_corp_alpha,usr_698,agt_4,"SELECT id, amount FROM orders WHERE id = 94345",SELECT,orders,2173,0.9101,customer_lookup,200
sess_1198,2026-05-12 14:25:05,ent_corp_alpha,usr_698,agt_4,"SELECT name, email FROM customers WHERE id = 72079",SELECT,customers,107,0.8318,billing_summary,200
sess_1198,2026-05-12 14:25:57,ent_corp_alpha,usr_698,agt_4,"SELECT priority, AVG(amount) FROM support_tickets GROUP BY priority",AGGREGATION,support_tickets,6262,0.7319,customer_lookup,200
sess_1198,2026-05-12 14:26:34,ent_corp_alpha,usr_698,agt_4,"SELECT eta, SUM(amount) FROM shipments GROUP BY eta",AGGREGATION,shipments,3791,0.7979,inventory_check,200
sess_1198,2026-05-12 14:26:44,ent_corp_alpha,usr_698,agt_4,"SELECT email, SUM(amount) FROM customers GROUP BY email",AGGREGATION,customers,14723,0.9688,customer_lookup,200
sess_1198,2026-05-12 14:28:20,ent_corp_alpha,usr_698,agt_4,"SELECT id, status FROM orders WHERE id = 84196",SELECT,orders,39,0.8813,customer_lookup,200
sess_1198,2026-05-12 14:30:28,ent_corp_alpha,usr_698,agt_4,UPDATE customers SET created_at = '2431' WHERE id = 2694,UPDATE,customers,228,0.8181,customer_lookup,200
sess_1198,2026-05-12 14:35:48,ent_corp_alpha,usr_698,agt_4,"SELECT status, created_at FROM orders WHERE id = 2146",SELECT,orders,167,0.9162,customer_lookup,200
sess_1198,2026-05-12 14:36:01,ent_corp_alpha,usr_698,agt_4,"SELECT id, amount FROM orders WHERE id = 94750",SELECT,orders,3668,0.8424,customer_lookup,200
sess_1198,2026-05-12 14:44:40,ent_corp_alpha,usr_698,agt_4,"SELECT subject, id FROM support_tickets WHERE id = 41507",SELECT,support_tickets,206,0.995,customer_lookup,200
sess_1198,2026-05-12 14:46:51,ent_corp_alpha,usr_698,agt_4,"SELECT created_at, region FROM customers WHERE id = 63828",SELECT,customers,205,0.995,customer_lookup,200
sess_1198,2026-05-12 14:47:56,ent_corp_alpha,usr_698,agt_4,"SELECT name, region FROM customers WHERE id = 25028",SELECT,customers,81,0.7375,customer_lookup,200
sess_1198,2026-05-12 14:52:04,ent_corp_alpha,usr_698,agt_4,"SELECT status, amount FROM orders WHERE id = 92798",SELECT,orders,4928,0.995,customer_lookup,200
sess_1198,2026-05-12 14:54:03,ent_corp_alpha,usr_698,agt_4,"SELECT status, SUM(amount) FROM orders GROUP BY status",AGGREGATION,orders,2962,0.8454,customer_lookup,200
sess_1198,2026-05-12 14:54:16,ent_corp_alpha,usr_698,agt_4,UPDATE customers SET name = '6081' WHERE id = 1197,UPDATE,customers,310,0.8857,customer_lookup,200
sess_1198,2026-05-12 14:54:46,ent_corp_alpha,usr_698,agt_4,"SELECT customer_id, status FROM support_tickets WHERE id = 3233",SELECT,support_tickets,1335,0.995,customer_lookup,200
sess_1199,2026-05-16 13:36:26,ent_corp_alpha,usr_699,agt_0,"SELECT table_name, data_type FROM information_schema.columns WHERE id = 6232",SELECT,information_schema.columns,439,0.851,schema_audit,200
sess_1199,2026-05-16 13:40:11,ent_corp_alpha,usr_699,agt_0,"SELECT table_name, SUM(amount) FROM information_schema.columns GROUP BY table_name",AGGREGATION,information_schema.columns,1210,0.995,schema_audit,200
sess_1199,2026-05-16 13:42:07,ent_corp_alpha,usr_699,agt_0,"SELECT column_name, data_type FROM information_schema.columns WHERE id = 17886",SELECT,information_schema.columns,195,0.8409,schema_audit,200
sess_1199,2026-05-16 13:43:06,ent_corp_alpha,usr_699,agt_0,"SELECT table_name, data_type FROM information_schema.columns WHERE id = 47875",SELECT,information_schema.columns,156,0.8512,schema_audit,200
sess_1199,2026-05-16 13:45:34,ent_corp_alpha,usr_699,agt_0,"SELECT audit_log.id, information_schema.columns.id FROM audit_log JOIN information_schema.columns ON audit_log.id = information_schema.columns.id",JOIN,"audit_log,information_schema.columns",3594,0.974,schema_audit,200
sess_1199,2026-05-16 13:46:05,ent_corp_alpha,usr_699,agt_0,"SELECT ts, target FROM audit_log WHERE id = 27732",SELECT,audit_log,861,0.9017,schema_audit,200
sess_1199,2026-05-16 13:47:47,ent_corp_alpha,usr_699,agt_0,"SELECT action, COUNT(*) FROM audit_log GROUP BY action",AGGREGATION,audit_log,559,0.9018,schema_audit,200
sess_1199,2026-05-16 13:48:53,ent_corp_alpha,usr_699,agt_0,"SELECT table_name, AVG(amount) FROM information_schema.tables GROUP BY table_name",AGGREGATION,information_schema.tables,944,0.995,schema_audit,200
sess_1199,2026-05-16 13:49:35,ent_corp_alpha,usr_699,agt_0,"SELECT customer_id, AVG(amount) FROM billing_records GROUP BY customer_id",AGGREGATION,billing_records,721,0.995,report_generation,200
sess_1199,2026-05-16 13:51:53,ent_corp_alpha,usr_699,agt_0,"SELECT created_at, name FROM customers WHERE id = 96292",SELECT,customers,616,0.815,report_generation,200
sess_1199,2026-05-16 13:51:59,ent_corp_alpha,usr_699,agt_0,"SELECT id, created_at FROM customers WHERE id = 64737",SELECT,customers,1704,0.7113,report_generation,200
sess_1199,2026-05-16 13:55:21,ent_corp_alpha,usr_699,agt_0,"SELECT customers.id, orders.id FROM customers JOIN orders ON customers.id = orders.id",JOIN,"customers,orders",1751,0.9112,report_generation,200
sess_1199,2026-05-16 13:59:32,ent_corp_alpha,usr_699,agt_0,"SELECT method, month FROM billing_records WHERE id = 48172",SELECT,billing_records,1784,0.7884,report_generation,200
sess_1199,2026-05-16 14:02:10,ent_corp_alpha,usr_699,agt_0,"SELECT region, name FROM customers WHERE id = 92598",SELECT,customers,3076,0.8907,report_generation,200
sess_1199,2026-05-16 14:02:40,ent_corp_alpha,usr_699,agt_0,"SELECT id, created_at FROM customers WHERE id = 70312",SELECT,customers,2201,0.9724,report_generation,200
sess_1200,2026-05-06 10:38:03,ent_apex_gamma,usr_700,agt_9,"SELECT price, category FROM products WHERE id = 3448",SELECT,products,447,0.995,sales_performance,200
sess_1200,2026-05-06 10:39:27,ent_apex_gamma,usr_700,agt_9,"SELECT status, amount FROM orders WHERE id = 8677",SELECT,orders,134,0.995,sales_performance,200
sess_1200,2026-05-06 10:41:39,ent_apex_gamma,usr_700,agt_9,"SELECT created_at, COUNT(*) FROM orders GROUP BY created_at",AGGREGATION,orders,11393,0.7661,sales_performance,200
sess_1200,2026-05-06 10:42:20,ent_apex_gamma,usr_700,agt_9,"SELECT id, COUNT(*) FROM products GROUP BY id",AGGREGATION,products,1540,0.995,sales_performance,200
sess_1200,2026-05-06 10:42:22,ent_apex_gamma,usr_700,agt_9,"SELECT id, price FROM products WHERE id = 12669",SELECT,products,2057,0.8807,sales_performance,200
sess_1200,2026-05-06 10:43:07,ent_apex_gamma,usr_700,agt_9,"SELECT customer_id, status FROM orders WHERE id = 3975",SELECT,orders,252,0.8534,sales_performance,403
sess_1200,2026-05-06 10:44:09,ent_apex_gamma,usr_700,agt_9,"SELECT customer_id, amount FROM billing_records WHERE id = 29984",SELECT,billing_records,250,0.8996,sales_performance,200
sess_1200,2026-05-06 10:44:57,ent_apex_gamma,usr_700,agt_9,UPDATE billing_records SET month = '1666' WHERE id = 526,UPDATE,billing_records,217,0.9763,sales_performance,200
sess_1200,2026-05-06 10:46:39,ent_apex_gamma,usr_700,agt_9,"SELECT id, customer_id FROM billing_records WHERE id = 24857",SELECT,billing_records,250,0.9079,sales_performance,200
sess_1200,2026-05-06 10:46:43,ent_apex_gamma,usr_700,agt_9,"SELECT amount, status FROM orders WHERE id = 23591",SELECT,orders,558,0.9063,sales_performance,200
sess_1201,2026-05-01 22:22:10,ent_corp_alpha,usr_701,agt_3,"SELECT amount, status FROM orders WHERE id = 8879",SELECT,orders,250,0.8656,support_triage,200
sess_1201,2026-05-01 22:24:40,ent_corp_alpha,usr_701,agt_3,"SELECT id, subject FROM support_tickets WHERE id = 3504",SELECT,support_tickets,83,0.8312,support_triage,200
sess_1201,2026-05-01 22:26:30,ent_corp_alpha,usr_701,agt_3,"SELECT region, id FROM customers WHERE id = 73234",SELECT,customers,2047,0.8581,support_triage,200
sess_1201,2026-05-01 22:27:06,ent_corp_alpha,usr_701,agt_3,"SELECT orders.id, support_tickets.id FROM orders JOIN support_tickets ON orders.id = support_tickets.id",JOIN,"orders,support_tickets",1363,0.9216,support_triage,200
sess_1201,2026-05-01 22:30:34,ent_corp_alpha,usr_701,agt_3,"SELECT region, email FROM customers WHERE id = 49022",SELECT,customers,1214,0.791,support_triage,200
sess_1201,2026-05-01 22:31:34,ent_corp_alpha,usr_701,agt_3,"SELECT status, id FROM support_tickets WHERE id = 80873",SELECT,support_tickets,49,0.8831,support_triage,200
sess_1201,2026-05-01 22:32:36,ent_corp_alpha,usr_701,agt_3,"SELECT priority, customer_id FROM support_tickets WHERE id = 17382",SELECT,support_tickets,173,0.8612,support_triage,200
sess_1201,2026-05-01 22:36:46,ent_corp_alpha,usr_701,agt_3,"SELECT name, id FROM customers WHERE id = 63540",SELECT,customers,2030,0.9592,support_triage,403
sess_1201,2026-05-01 22:38:46,ent_corp_alpha,usr_701,agt_3,"SELECT region, COUNT(*) FROM customers GROUP BY region",AGGREGATION,customers,3293,0.8196,support_triage,200
sess_1201,2026-05-01 22:40:29,ent_corp_alpha,usr_701,agt_3,"SELECT region, AVG(amount) FROM customers GROUP BY region",AGGREGATION,customers,3520,0.995,support_triage,200
sess_1201,2026-05-01 22:41:20,ent_corp_alpha,usr_701,agt_3,"SELECT email, id FROM customers WHERE id = 27742",SELECT,customers,119,0.7263,support_triage,200
sess_1201,2026-05-01 22:44:16,ent_corp_alpha,usr_701,agt_3,"SELECT orders.id, support_tickets.id FROM orders JOIN support_tickets ON orders.id = support_tickets.id",JOIN,"orders,support_tickets",241,0.7518,support_triage,200
sess_1201,2026-05-01 22:46:14,ent_corp_alpha,usr_701,agt_3,"SELECT name, region FROM customers WHERE id = 12217",SELECT,customers,189,0.8489,support_triage,200
sess_1201,2026-05-01 22:48:31,ent_corp_alpha,usr_701,agt_3,"SELECT region, AVG(amount) FROM customers GROUP BY region",AGGREGATION,customers,2138,0.7455,support_triage,200
sess_1201,2026-05-01 22:49:47,ent_corp_alpha,usr_701,agt_3,"SELECT priority, subject FROM support_tickets WHERE id = 65422",SELECT,support_tickets,80,0.8584,support_triage,200
sess_1201,2026-05-01 22:50:58,ent_corp_alpha,usr_701,agt_3,UPDATE orders SET status = '7919' WHERE id = 6698,UPDATE,orders,241,0.8105,support_triage,200
sess_1201,2026-05-01 22:52:25,ent_corp_alpha,usr_701,agt_3,"SELECT support_tickets.id, orders.id FROM support_tickets JOIN orders ON support_tickets.id = orders.id",JOIN,"support_tickets,orders",1930,0.8052,support_triage,200
sess_1201,2026-05-01 22:53:33,ent_corp_alpha,usr_701,agt_3,"SELECT id, priority FROM support_tickets WHERE id = 70839",SELECT,support_tickets,30,0.9051,support_triage,200
sess_1201,2026-05-01 22:53:51,ent_corp_alpha,usr_701,agt_3,"SELECT customer_id, priority FROM support_tickets WHERE id = 43938",SELECT,support_tickets,178,0.8444,support_triage,403
sess_1201,2026-05-01 22:54:08,ent_corp_alpha,usr_701,agt_3,"SELECT status, subject FROM support_tickets WHERE id = 20275",SELECT,support_tickets,627,0.995,support_triage,200
sess_1202,2026-05-13 11:04:05,ent_nexus_beta,usr_702,agt_0,"SELECT amount, COUNT(*) FROM billing_records GROUP BY amount",AGGREGATION,billing_records,5087,0.9276,billing_summary,200
sess_1202,2026-05-13 11:06:18,ent_nexus_beta,usr_702,agt_0,"SELECT name, email FROM customers WHERE id = 70929",SELECT,customers,2180,0.949,billing_summary,200
sess_1202,2026-05-13 11:07:13,ent_nexus_beta,usr_702,agt_0,"SELECT name, region FROM customers WHERE id = 84101",SELECT,customers,925,0.7806,billing_summary,200
sess_1202,2026-05-13 11:09:06,ent_nexus_beta,usr_702,agt_0,"SELECT email, COUNT(*) FROM customers GROUP BY email",AGGREGATION,customers,9392,0.8805,billing_summary,200
sess_1202,2026-05-13 11:09:50,ent_nexus_beta,usr_702,agt_0,"SELECT region, name FROM customers WHERE id = 81940",SELECT,customers,151,0.8633,billing_summary,200
sess_1202,2026-05-13 11:10:11,ent_nexus_beta,usr_702,agt_0,UPDATE orders SET created_at = '8200' WHERE id = 9719,UPDATE,orders,1806,0.9289,billing_summary,200
sess_1202,2026-05-13 11:11:55,ent_nexus_beta,usr_702,agt_0,"SELECT region, email FROM customers WHERE id = 34440",SELECT,customers,56,0.8224,billing_summary,200
sess_1202,2026-05-13 11:12:42,ent_nexus_beta,usr_702,agt_0,"SELECT id, region FROM customers WHERE id = 6287",SELECT,customers,736,0.995,billing_summary,200
sess_1202,2026-05-13 11:13:27,ent_nexus_beta,usr_702,agt_0,"SELECT region, created_at FROM customers WHERE id = 73944",SELECT,customers,35,0.8527,billing_summary,200
sess_1202,2026-05-13 11:14:54,ent_nexus_beta,usr_702,agt_0,"SELECT id, month FROM billing_records WHERE id = 61448",SELECT,billing_records,264,0.8509,billing_summary,200
sess_1203,2026-04-27 15:51:10,ent_nexus_beta,usr_703,agt_1,"SELECT status, MAX(id) FROM orders GROUP BY status",AGGREGATION,orders,916,0.995,support_triage,200
sess_1203,2026-04-27 15:51:13,ent_nexus_beta,usr_703,agt_1,"SELECT support_tickets.id, shipments.id FROM support_tickets JOIN shipments ON support_tickets.id = shipments.id",JOIN,"support_tickets,shipments",526,0.9324,support_triage,200
sess_1203,2026-04-27 15:51:18,ent_nexus_beta,usr_703,agt_1,"SELECT subject, priority FROM support_tickets WHERE id = 37019",SELECT,support_tickets,1551,0.846,support_triage,200
sess_1203,2026-04-27 15:53:42,ent_nexus_beta,usr_703,agt_1,"SELECT customer_id, id FROM orders WHERE id = 99482",SELECT,orders,1941,0.8457,support_triage,200
sess_1203,2026-04-27 15:54:02,ent_nexus_beta,usr_703,agt_1,"SELECT id, AVG(amount) FROM customers GROUP BY id",AGGREGATION,customers,469,0.8548,support_triage,200
sess_1203,2026-04-27 15:55:16,ent_nexus_beta,usr_703,agt_1,"SELECT order_id, id FROM shipments WHERE id = 41944",SELECT,shipments,2953,0.995,inventory_check,200
sess_1203,2026-04-27 15:55:23,ent_nexus_beta,usr_703,agt_1,"SELECT order_id, eta FROM shipments WHERE id = 51076",SELECT,shipments,32,0.5217,inventory_check,200
sess_1203,2026-04-27 15:56:20,ent_nexus_beta,usr_703,agt_1,"SELECT order_id, carrier FROM shipments WHERE id = 49187",SELECT,shipments,327,0.927,inventory_check,200
sess_1203,2026-04-27 16:00:08,ent_nexus_beta,usr_703,agt_1,"SELECT order_id, id FROM shipments WHERE id = 4963",SELECT,shipments,1572,0.995,inventory_check,200
sess_1203,2026-04-27 16:00:40,ent_nexus_beta,usr_703,agt_1,"SELECT eta, SUM(amount) FROM shipments GROUP BY eta",AGGREGATION,shipments,3299,0.995,inventory_check,200
sess_1203,2026-04-27 16:01:39,ent_nexus_beta,usr_703,agt_1,"SELECT eta, order_id FROM shipments WHERE id = 49038",SELECT,shipments,2093,0.8092,inventory_check,403
sess_1203,2026-04-27 16:02:13,ent_nexus_beta,usr_703,agt_1,"SELECT order_id, AVG(amount) FROM shipments GROUP BY order_id",AGGREGATION,shipments,1181,0.8028,inventory_check,200
sess_1203,2026-04-27 16:02:58,ent_nexus_beta,usr_703,agt_1,"SELECT id, AVG(amount) FROM shipments GROUP BY id",AGGREGATION,shipments,3356,0.9406,inventory_check,200
sess_1203,2026-04-27 16:08:17,ent_nexus_beta,usr_703,agt_1,"SELECT order_id, eta FROM shipments WHERE id = 23827",SELECT,shipments,2850,0.8494,inventory_check,200
sess_1204,2026-05-23 16:43:18,ent_corp_alpha,usr_704,agt_1,UPDATE orders SET customer_id = '5236' WHERE id = 1283,UPDATE,orders,505,0.9437,report_generation,200
sess_1204,2026-05-23 16:45:48,ent_corp_alpha,usr_704,agt_1,"SELECT id, status FROM orders WHERE id = 36196",SELECT,orders,250,0.8865,report_generation,500
sess_1204,2026-05-23 16:46:08,ent_corp_alpha,usr_704,agt_1,"SELECT region, email FROM customers WHERE id = 41170",SELECT,customers,1845,0.6974,report_generation,200
sess_1204,2026-05-23 16:50:31,ent_corp_alpha,usr_704,agt_1,"SELECT month, SUM(amount) FROM billing_records GROUP BY month",AGGREGATION,billing_records,3482,0.7979,report_generation,200
sess_1204,2026-05-23 16:51:00,ent_corp_alpha,usr_704,agt_1,"SELECT amount, status FROM orders WHERE id = 98595",SELECT,orders,664,0.7735,report_generation,200
sess_1204,2026-05-23 16:56:33,ent_corp_alpha,usr_704,agt_1,"SELECT status, AVG(amount) FROM orders GROUP BY status",AGGREGATION,orders,5643,0.8988,report_generation,200
sess_1204,2026-05-23 16:58:40,ent_corp_alpha,usr_704,agt_1,"SELECT month, method FROM billing_records WHERE id = 51759",SELECT,billing_records,660,0.782,report_generation,200
sess_1204,2026-05-23 16:59:27,ent_corp_alpha,usr_704,agt_1,"SELECT region, id FROM customers WHERE id = 66146",SELECT,customers,11195,0.825,report_generation,200
sess_1204,2026-05-23 17:02:13,ent_corp_alpha,usr_704,agt_1,"SELECT customer_id, method FROM billing_records WHERE id = 57740",SELECT,billing_records,2340,0.8658,report_generation,200
sess_1204,2026-05-23 17:06:09,ent_corp_alpha,usr_704,agt_1,"SELECT name, email FROM customers WHERE id = 31913",SELECT,customers,1381,0.7839,report_generation,200
sess_1204,2026-05-23 17:08:35,ent_corp_alpha,usr_704,agt_1,"SELECT customer_id, id FROM billing_records WHERE id = 11665",SELECT,billing_records,1894,0.9543,report_generation,200
sess_1204,2026-05-23 17:10:39,ent_corp_alpha,usr_704,agt_1,"SELECT billing_records.id, customers.id FROM billing_records JOIN customers ON billing_records.id = customers.id",JOIN,"billing_records,customers",356,0.8245,report_generation,200
sess_1204,2026-05-23 17:11:07,ent_corp_alpha,usr_704,agt_1,"SELECT created_at, id FROM orders WHERE id = 40713",SELECT,orders,3182,0.9042,report_generation,200
sess_1204,2026-05-23 17:11:34,ent_corp_alpha,usr_704,agt_1,"SELECT status, SUM(amount) FROM orders GROUP BY status",AGGREGATION,orders,6206,0.9653,report_generation,200
sess_1204,2026-05-23 17:11:51,ent_corp_alpha,usr_704,agt_1,"SELECT customer_id, MAX(id) FROM billing_records GROUP BY customer_id",AGGREGATION,billing_records,9411,0.8852,report_generation,200
sess_1205,2026-05-16 17:32:05,ent_apex_gamma,usr_705,agt_2,"SELECT ts, message FROM logs WHERE id = 79036",SELECT,logs,680,0.9718,system_health_check,200
sess_1205,2026-05-16 17:32:43,ent_apex_gamma,usr_705,agt_2,"SELECT url, user_id FROM page_views WHERE id = 45672",SELECT,page_views,1454,0.9889,system_health_check,403
sess_1205,2026-05-16 17:35:11,ent_apex_gamma,usr_705,agt_2,"SELECT id, message FROM logs WHERE id = 50736",SELECT,logs,3235,0.995,system_health_check,200
sess_1205,2026-05-16 17:35:23,ent_apex_gamma,usr_705,agt_2,"SELECT table_name, table_schema FROM information_schema.tables WHERE id = 50295",SELECT,information_schema.tables,68,0.9418,system_health_check,200
sess_1205,2026-05-16 17:35:56,ent_apex_gamma,usr_705,agt_2,"SELECT user_id, id FROM page_views WHERE id = 36660",SELECT,page_views,470,0.949,system_health_check,200
sess_1205,2026-05-16 17:38:55,ent_apex_gamma,usr_705,agt_2,"SELECT level, message FROM logs WHERE id = 36801",SELECT,logs,158,0.7885,system_health_check,200
sess_1205,2026-05-16 17:39:25,ent_apex_gamma,usr_705,agt_2,"SELECT table_name, row_count FROM information_schema.tables WHERE id = 93990",SELECT,information_schema.tables,236,0.7173,system_health_check,200
sess_1206,2026-05-06 20:38:42,ent_apex_gamma,usr_706,agt_12,"SELECT year, total_comp FROM executive_compensation WHERE id = 31068",SELECT,executive_compensation,279,0.8372,compensation_review,200
sess_1206,2026-05-06 20:39:59,ent_apex_gamma,usr_706,agt_12,"SELECT bonus, id FROM employee_salaries WHERE id = 13011",SELECT,employee_salaries,325,0.8137,compensation_review,200
sess_1206,2026-05-06 20:40:38,ent_apex_gamma,usr_706,agt_12,"SELECT total_comp, exec_id FROM executive_compensation WHERE id = 52668",SELECT,executive_compensation,554,0.9489,compensation_review,200
sess_1206,2026-05-06 20:41:45,ent_apex_gamma,usr_706,agt_12,"SELECT id, base_salary FROM employee_salaries WHERE id = 33902",SELECT,employee_salaries,1794,0.9044,compensation_review,200
sess_1206,2026-05-06 20:42:12,ent_apex_gamma,usr_706,agt_12,"SELECT id, year FROM executive_compensation WHERE id = 89738",SELECT,executive_compensation,6597,0.9448,compensation_review,200
sess_1206,2026-05-06 20:48:59,ent_apex_gamma,usr_706,agt_12,"SELECT year, AVG(amount) FROM executive_compensation GROUP BY year",AGGREGATION,executive_compensation,4933,0.8503,compensation_review,200
sess_1206,2026-05-06 20:57:00,ent_apex_gamma,usr_706,agt_12,"SELECT year, equity FROM executive_compensation WHERE id = 38807",SELECT,executive_compensation,606,0.793,compensation_review,200
sess_1206,2026-05-06 20:58:31,ent_apex_gamma,usr_706,agt_12,"SELECT orders.id, executive_compensation.id FROM orders JOIN executive_compensation ON orders.id = executive_compensation.id",JOIN,"orders,executive_compensation",347,0.9174,system_health_check,200
sess_1206,2026-05-06 20:59:01,ent_apex_gamma,usr_706,agt_12,"SELECT category, name FROM products WHERE id = 82418",SELECT,products,444,0.8905,system_health_check,200
sess_1206,2026-05-06 20:59:24,ent_apex_gamma,usr_706,agt_12,"SELECT price, name FROM products WHERE id = 63277",SELECT,products,4086,0.995,system_health_check,200
sess_1206,2026-05-06 21:00:48,ent_apex_gamma,usr_706,agt_12,"SELECT price, category FROM products WHERE id = 875",SELECT,products,608,0.9738,system_health_check,200
sess_1206,2026-05-06 21:02:13,ent_apex_gamma,usr_706,agt_12,"SELECT grade, bonus FROM employee_salaries WHERE id = 55215",SELECT,employee_salaries,552,0.995,system_health_check,200
sess_1206,2026-05-06 21:03:18,ent_apex_gamma,usr_706,agt_12,"SELECT method, customer_id FROM billing_records WHERE id = 46570",SELECT,billing_records,513,0.995,system_health_check,200
sess_1207,2026-04-29 10:10:00,ent_nexus_beta,usr_707,agt_9,"SELECT id, AVG(amount) FROM support_tickets GROUP BY id",AGGREGATION,support_tickets,1159,0.7881,customer_lookup,200
sess_1207,2026-04-29 10:10:37,ent_nexus_beta,usr_707,agt_9,"SELECT customer_id, COUNT(*) FROM orders GROUP BY customer_id",AGGREGATION,orders,13146,0.9276,customer_lookup,200
sess_1207,2026-04-29 10:16:56,ent_nexus_beta,usr_707,agt_9,"SELECT orders.id, support_tickets.id FROM orders JOIN support_tickets ON orders.id = support_tickets.id",JOIN,"orders,support_tickets",518,0.9397,customer_lookup,200
sess_1207,2026-04-29 10:19:13,ent_nexus_beta,usr_707,agt_9,"SELECT customer_id, status FROM support_tickets WHERE id = 59059",SELECT,support_tickets,502,0.9245,customer_lookup,200
sess_1207,2026-04-29 10:24:37,ent_nexus_beta,usr_707,agt_9,"SELECT name, SUM(amount) FROM customers GROUP BY name",AGGREGATION,customers,4566,0.9836,customer_lookup,200
sess_1207,2026-04-29 10:26:25,ent_nexus_beta,usr_707,agt_9,"SELECT email, region FROM customers WHERE id = 78211",SELECT,customers,55,0.8392,customer_lookup,200
sess_1207,2026-04-29 10:27:17,ent_nexus_beta,usr_707,agt_9,"SELECT customer_id, created_at FROM orders WHERE id = 56125",SELECT,orders,3685,0.9019,customer_lookup,200
sess_1207,2026-04-29 10:29:49,ent_nexus_beta,usr_707,agt_9,"SELECT customer_id, amount FROM orders WHERE id = 7670",SELECT,orders,410,0.912,customer_lookup,200
sess_1207,2026-04-29 10:31:58,ent_nexus_beta,usr_707,agt_9,"SELECT status, id FROM support_tickets WHERE id = 66565",SELECT,support_tickets,383,0.7206,customer_lookup,200
sess_1207,2026-04-29 10:32:14,ent_nexus_beta,usr_707,agt_9,"SELECT region, MAX(id) FROM customers GROUP BY region",AGGREGATION,customers,4479,0.9509,customer_lookup,200
sess_1208,2026-05-24 13:20:10,ent_nexus_beta,usr_708,agt_6,UPDATE customers SET email = '8480' WHERE id = 2501,UPDATE,customers,1252,0.8371,customer_lookup,200
sess_1208,2026-05-24 13:20:40,ent_nexus_beta,usr_708,agt_6,"SELECT id, amount FROM orders WHERE id = 90783",SELECT,orders,123,0.9836,customer_lookup,200
sess_1208,2026-05-24 13:24:07,ent_nexus_beta,usr_708,agt_6,"SELECT created_at, email FROM customers WHERE id = 98867",SELECT,customers,209,0.7231,customer_lookup,200
sess_1208,2026-05-24 13:24:19,ent_nexus_beta,usr_708,agt_6,"SELECT created_at, amount FROM orders WHERE id = 57903",SELECT,orders,3017,0.7816,customer_lookup,200
sess_1208,2026-05-24 13:26:45,ent_nexus_beta,usr_708,agt_6,"SELECT name, region FROM customers WHERE id = 49144",SELECT,customers,427,0.6546,customer_lookup,200
sess_1208,2026-05-24 13:29:07,ent_nexus_beta,usr_708,agt_6,"SELECT orders.id, customers.id FROM orders JOIN customers ON orders.id = customers.id",JOIN,"orders,customers",1992,0.9632,customer_lookup,200
sess_1208,2026-05-24 13:30:11,ent_nexus_beta,usr_708,agt_6,"SELECT customer_id, subject FROM support_tickets WHERE id = 99089",SELECT,support_tickets,271,0.995,customer_lookup,200
sess_1208,2026-05-24 13:31:48,ent_nexus_beta,usr_708,agt_6,"SELECT customer_id, id FROM orders WHERE id = 57654",SELECT,orders,84,0.7892,customer_lookup,200
sess_1208,2026-05-24 13:32:46,ent_nexus_beta,usr_708,agt_6,"SELECT status, customer_id FROM orders WHERE id = 14717",SELECT,orders,206,0.83,customer_lookup,200
sess_1208,2026-05-24 13:33:11,ent_nexus_beta,usr_708,agt_6,"SELECT subject, priority FROM support_tickets WHERE id = 58067",SELECT,support_tickets,78,0.9444,customer_lookup,200
sess_1208,2026-05-24 13:33:30,ent_nexus_beta,usr_708,agt_6,"SELECT name, email FROM customers WHERE id = 76074",SELECT,customers,157,0.9215,customer_lookup,200
sess_1208,2026-05-24 13:36:47,ent_nexus_beta,usr_708,agt_6,"SELECT support_tickets.id, customers.id FROM support_tickets JOIN customers ON support_tickets.id = customers.id",JOIN,"support_tickets,customers",2117,0.995,customer_lookup,200
sess_1208,2026-05-24 13:37:55,ent_nexus_beta,usr_708,agt_6,"SELECT customers.id, orders.id FROM customers JOIN orders ON customers.id = orders.id",JOIN,"customers,orders",2001,0.6188,customer_lookup,200
sess_1208,2026-05-24 13:39:54,ent_nexus_beta,usr_708,agt_6,"SELECT id, email FROM customers WHERE id = 27903",SELECT,customers,36,0.995,customer_lookup,200
sess_1209,2026-04-29 14:27:52,ent_corp_alpha,usr_709,agt_6,"SELECT created_at, name FROM customers WHERE id = 62373",SELECT,customers,233,0.808,support_triage,200
sess_1209,2026-04-29 14:28:14,ent_corp_alpha,usr_709,agt_6,"SELECT customer_id, created_at FROM orders WHERE id = 97734",SELECT,orders,931,0.8403,support_triage,200
sess_1209,2026-04-29 14:31:33,ent_corp_alpha,usr_709,agt_6,"SELECT region, email FROM customers WHERE id = 31446",SELECT,customers,243,0.895,support_triage,200
sess_1209,2026-04-29 14:31:37,ent_corp_alpha,usr_709,agt_6,"SELECT status, subject FROM support_tickets WHERE id = 55064",SELECT,support_tickets,99,0.8292,support_triage,200
sess_1209,2026-04-29 14:31:39,ent_corp_alpha,usr_709,agt_6,"SELECT id, created_at FROM customers WHERE id = 75424",SELECT,customers,121,0.8071,support_triage,200
sess_1209,2026-04-29 14:32:33,ent_corp_alpha,usr_709,agt_6,"SELECT id, status FROM support_tickets WHERE id = 86100",SELECT,support_tickets,263,0.9103,support_triage,200
sess_1209,2026-04-29 14:34:02,ent_corp_alpha,usr_709,agt_6,"SELECT support_tickets.id, customers.id FROM support_tickets JOIN customers ON support_tickets.id = customers.id",JOIN,"support_tickets,customers",948,0.8994,support_triage,200
sess_1209,2026-04-29 14:35:52,ent_corp_alpha,usr_709,agt_6,"SELECT subject, id FROM support_tickets WHERE id = 60031",SELECT,support_tickets,386,0.8902,support_triage,200
sess_1209,2026-04-29 14:37:19,ent_corp_alpha,usr_709,agt_6,"SELECT id, amount FROM orders WHERE id = 4846",SELECT,orders,26,0.995,support_triage,200
sess_1209,2026-04-29 14:38:08,ent_corp_alpha,usr_709,agt_6,"SELECT amount, customer_id FROM orders WHERE id = 74115",SELECT,orders,57,0.7999,support_triage,200
sess_1209,2026-04-29 14:38:38,ent_corp_alpha,usr_709,agt_6,"SELECT customer_id, status FROM orders WHERE id = 42169",SELECT,orders,713,0.995,support_triage,200
sess_1209,2026-04-29 14:38:40,ent_corp_alpha,usr_709,agt_6,"SELECT customers.id, support_tickets.id FROM customers JOIN support_tickets ON customers.id = support_tickets.id",JOIN,"customers,support_tickets",943,0.8518,support_triage,200
sess_1209,2026-04-29 14:40:05,ent_corp_alpha,usr_709,agt_6,"SELECT name, COUNT(*) FROM customers GROUP BY name",AGGREGATION,customers,2924,0.7116,support_triage,200
sess_1209,2026-04-29 14:40:16,ent_corp_alpha,usr_709,agt_6,"SELECT id, status FROM orders WHERE id = 87379",SELECT,orders,711,0.995,support_triage,500
sess_1209,2026-04-29 14:40:40,ent_corp_alpha,usr_709,agt_6,"SELECT subject, id FROM support_tickets WHERE id = 90672",SELECT,support_tickets,373,0.7623,support_triage,200
sess_1209,2026-04-29 14:42:32,ent_corp_alpha,usr_709,agt_6,UPDATE support_tickets SET status = '8830' WHERE id = 1129,UPDATE,support_tickets,261,0.9242,support_triage,200
sess_1209,2026-04-29 14:42:45,ent_corp_alpha,usr_709,agt_6,"SELECT name, MAX(id) FROM customers GROUP BY name",AGGREGATION,customers,8596,0.8697,support_triage,200
sess_1209,2026-04-29 14:43:50,ent_corp_alpha,usr_709,agt_6,"SELECT email, created_at FROM customers WHERE id = 92621",SELECT,customers,1230,0.9288,support_triage,200
sess_1210,2026-05-26 13:17:10,ent_nexus_beta,usr_710,agt_1,"SELECT level, id FROM logs WHERE id = 34601",SELECT,logs,65,0.8168,system_health_check,200
sess_1210,2026-05-26 13:22:52,ent_nexus_beta,usr_710,agt_1,"SELECT table_schema, row_count FROM information_schema.tables WHERE id = 38649",SELECT,information_schema.tables,588,0.9116,system_health_check,200
sess_1210,2026-05-26 13:24:12,ent_nexus_beta,usr_710,agt_1,"SELECT level, ts FROM logs WHERE id = 34377",SELECT,logs,101,0.9422,system_health_check,200
sess_1210,2026-05-26 13:28:09,ent_nexus_beta,usr_710,agt_1,"SELECT table_name, row_count FROM information_schema.tables WHERE id = 87684",SELECT,information_schema.tables,479,0.8259,system_health_check,200
sess_1210,2026-05-26 13:30:41,ent_nexus_beta,usr_710,agt_1,"SELECT ts, id FROM logs WHERE id = 31134",SELECT,logs,83,0.8678,system_health_check,200
sess_1210,2026-05-26 13:30:43,ent_nexus_beta,usr_710,agt_1,"SELECT information_schema.tables.id, page_views.id FROM information_schema.tables JOIN page_views ON information_schema.tables.id = page_views.id",JOIN,"information_schema.tables,page_views",536,0.995,system_health_check,200
sess_1211,2026-05-22 11:05:00,ent_corp_alpha,usr_711,agt_8,"SELECT actor, ts FROM audit_log WHERE id = 97055",SELECT,audit_log,815,0.854,schema_audit,200
sess_1211,2026-05-22 11:05:36,ent_corp_alpha,usr_711,agt_8,"SELECT column_name, data_type FROM information_schema.columns WHERE id = 9448",SELECT,information_schema.columns,1400,0.995,schema_audit,200
sess_1211,2026-05-22 11:07:36,ent_corp_alpha,usr_711,agt_8,"SELECT data_type, AVG(amount) FROM information_schema.columns GROUP BY data_type",AGGREGATION,information_schema.columns,1724,0.6508,schema_audit,200
sess_1211,2026-05-22 11:07:54,ent_corp_alpha,usr_711,agt_8,UPDATE information_schema.tables SET row_count = '7444' WHERE id = 9846,UPDATE,information_schema.tables,714,0.8485,schema_audit,200
sess_1211,2026-05-22 11:08:23,ent_corp_alpha,usr_711,agt_8,"SELECT table_name, AVG(amount) FROM information_schema.columns GROUP BY table_name",AGGREGATION,information_schema.columns,9788,0.817,schema_audit,200
sess_1211,2026-05-22 11:08:25,ent_corp_alpha,usr_711,agt_8,"SELECT ts, id FROM audit_log WHERE id = 86585",SELECT,audit_log,319,0.943,schema_audit,200
sess_1211,2026-05-22 11:10:49,ent_corp_alpha,usr_711,agt_8,"SELECT table_name, table_schema FROM information_schema.tables WHERE id = 96378",SELECT,information_schema.tables,71,0.6595,schema_audit,200
sess_1211,2026-05-22 11:11:28,ent_corp_alpha,usr_711,agt_8,"SELECT data_type, table_name FROM information_schema.columns WHERE id = 3704",SELECT,information_schema.columns,91,0.8278,schema_audit,200
sess_1211,2026-05-22 11:13:28,ent_corp_alpha,usr_711,agt_8,"SELECT table_name, row_count FROM information_schema.tables WHERE id = 7521",SELECT,information_schema.tables,168,0.8326,schema_audit,200
sess_1211,2026-05-22 11:13:46,ent_corp_alpha,usr_711,agt_8,"SELECT target, id FROM audit_log WHERE id = 70531",SELECT,audit_log,3667,0.871,schema_audit,200
sess_1211,2026-05-22 11:14:16,ent_corp_alpha,usr_711,agt_8,"SELECT table_name, row_count FROM information_schema.tables WHERE id = 90828",SELECT,information_schema.tables,137,0.8697,schema_audit,200
sess_1211,2026-05-22 11:14:22,ent_corp_alpha,usr_711,agt_8,"SELECT column_name, data_type FROM information_schema.columns WHERE id = 33799",SELECT,information_schema.columns,306,0.7484,schema_audit,200
sess_1211,2026-05-22 11:14:47,ent_corp_alpha,usr_711,agt_8,"SELECT table_schema, table_name FROM information_schema.tables WHERE id = 89579",SELECT,information_schema.tables,4851,0.7377,schema_audit,200
sess_1211,2026-05-22 11:22:37,ent_corp_alpha,usr_711,agt_8,"SELECT table_name, column_name FROM information_schema.columns WHERE id = 74458",SELECT,information_schema.columns,255,0.8701,schema_audit,200
sess_1211,2026-05-22 11:25:10,ent_corp_alpha,usr_711,agt_8,"SELECT data_type, column_name FROM information_schema.columns WHERE id = 66903",SELECT,information_schema.columns,189,0.6697,schema_audit,200
sess_1212,2026-05-27 20:46:31,ent_apex_gamma,usr_712,agt_10,"SELECT amount, AVG(amount) FROM orders GROUP BY amount",AGGREGATION,orders,28319,0.8783,billing_summary,200
sess_1212,2026-05-27 20:49:01,ent_apex_gamma,usr_712,agt_10,"SELECT month, id FROM billing_records WHERE id = 91922",SELECT,billing_records,208,0.9106,billing_summary,200
sess_1212,2026-05-27 20:49:29,ent_apex_gamma,usr_712,agt_10,"SELECT created_at, name FROM customers WHERE id = 71038",SELECT,customers,731,0.8537,billing_summary,200
sess_1212,2026-05-27 20:51:19,ent_apex_gamma,usr_712,agt_10,"SELECT id, method FROM billing_records WHERE id = 15295",SELECT,billing_records,288,0.7708,billing_summary,200
sess_1212,2026-05-27 20:51:34,ent_apex_gamma,usr_712,agt_10,"SELECT id, status FROM orders WHERE id = 38200",SELECT,orders,1229,0.9595,billing_summary,200
sess_1212,2026-05-27 20:55:02,ent_apex_gamma,usr_712,agt_10,"SELECT status, id FROM orders WHERE id = 67299",SELECT,orders,1731,0.7969,billing_summary,200
sess_1212,2026-05-27 20:55:20,ent_apex_gamma,usr_712,agt_10,"SELECT customer_id, MAX(id) FROM orders GROUP BY customer_id",AGGREGATION,orders,1021,0.967,billing_summary,200
sess_1212,2026-05-27 20:55:39,ent_apex_gamma,usr_712,agt_10,"SELECT name, COUNT(*) FROM customers GROUP BY name",AGGREGATION,customers,2679,0.995,billing_summary,200
sess_1212,2026-05-27 21:02:12,ent_apex_gamma,usr_712,agt_10,SELECT * FROM billing_records,SELECT,billing_records,74210,0.995,billing_summary,200
sess_1212,2026-05-27 21:05:31,ent_apex_gamma,usr_712,agt_10,"SELECT customer_id, method FROM billing_records WHERE id = 402",SELECT,billing_records,692,0.9671,billing_summary,200
sess_1213,2026-05-11 10:24:42,ent_corp_alpha,usr_713,agt_0,"SELECT id, COUNT(*) FROM billing_records GROUP BY id",AGGREGATION,billing_records,12992,0.928,report_generation,200
sess_1213,2026-05-11 10:25:47,ent_corp_alpha,usr_713,agt_0,"SELECT created_at, MAX(id) FROM customers GROUP BY created_at",AGGREGATION,customers,3570,0.7964,report_generation,200
sess_1213,2026-05-11 10:29:12,ent_corp_alpha,usr_713,agt_0,"SELECT email, name FROM customers WHERE id = 26450",SELECT,customers,437,0.8429,report_generation,403
sess_1213,2026-05-11 10:30:30,ent_corp_alpha,usr_713,agt_0,"SELECT products.id, billing_records.id FROM products JOIN billing_records ON products.id = billing_records.id",JOIN,"products,billing_records",1022,0.995,report_generation,200
sess_1213,2026-05-11 10:31:00,ent_corp_alpha,usr_713,agt_0,"SELECT created_at, email FROM customers WHERE id = 67937",SELECT,customers,1237,0.9902,report_generation,200
sess_1213,2026-05-11 10:33:40,ent_corp_alpha,usr_713,agt_0,"SELECT category, SUM(amount) FROM products GROUP BY category",AGGREGATION,products,60000,0.8244,report_generation,200
sess_1213,2026-05-11 10:34:41,ent_corp_alpha,usr_713,agt_0,"SELECT category, name FROM products WHERE id = 13486",SELECT,products,144,0.995,report_generation,200
sess_1213,2026-05-11 10:38:16,ent_corp_alpha,usr_713,agt_0,"SELECT amount, id FROM orders WHERE id = 3014",SELECT,orders,144,0.7001,report_generation,200
sess_1213,2026-05-11 10:38:31,ent_corp_alpha,usr_713,agt_0,"SELECT status, amount FROM orders WHERE id = 29289",SELECT,orders,209,0.7963,report_generation,200
sess_1213,2026-05-11 10:38:41,ent_corp_alpha,usr_713,agt_0,"SELECT method, amount FROM billing_records WHERE id = 9842",SELECT,billing_records,491,0.8244,report_generation,200
sess_1213,2026-05-11 10:39:57,ent_corp_alpha,usr_713,agt_0,"SELECT category, AVG(amount) FROM products GROUP BY category",AGGREGATION,products,31720,0.9936,report_generation,200
sess_1213,2026-05-11 10:48:44,ent_corp_alpha,usr_713,agt_0,"SELECT id, price FROM products WHERE id = 67323",SELECT,products,1428,0.995,report_generation,200
sess_1213,2026-05-11 10:50:21,ent_corp_alpha,usr_713,agt_0,"SELECT name, price FROM products WHERE id = 77285",SELECT,products,47,0.8734,report_generation,403
sess_1213,2026-05-11 10:51:39,ent_corp_alpha,usr_713,agt_0,"SELECT category, COUNT(*) FROM products GROUP BY category",AGGREGATION,products,28626,0.8518,report_generation,200
sess_1213,2026-05-11 10:51:41,ent_corp_alpha,usr_713,agt_0,"SELECT id, category FROM products WHERE id = 22561",SELECT,products,90,0.8263,report_generation,200
sess_1213,2026-05-11 10:51:47,ent_corp_alpha,usr_713,agt_0,"SELECT month, SUM(amount) FROM billing_records GROUP BY month",AGGREGATION,billing_records,6696,0.9646,report_generation,200
sess_1214,2026-05-03 10:58:13,ent_corp_alpha,usr_714,agt_10,"SELECT id, customer_id FROM orders WHERE id = 36092",SELECT,orders,163,0.8751,report_generation,200
sess_1214,2026-05-03 10:59:14,ent_corp_alpha,usr_714,agt_10,"SELECT month, customer_id FROM billing_records WHERE id = 87259",SELECT,billing_records,1116,0.8557,report_generation,200
sess_1214,2026-05-03 10:59:25,ent_corp_alpha,usr_714,agt_10,"SELECT email, COUNT(*) FROM customers GROUP BY email",AGGREGATION,customers,6093,0.9407,report_generation,200
sess_1214,2026-05-03 11:00:56,ent_corp_alpha,usr_714,agt_10,"SELECT region, AVG(amount) FROM customers GROUP BY region",AGGREGATION,customers,2307,0.73,report_generation,200
sess_1214,2026-05-03 11:02:21,ent_corp_alpha,usr_714,agt_10,"SELECT amount, AVG(amount) FROM billing_records GROUP BY amount",AGGREGATION,billing_records,4863,0.8103,report_generation,200
sess_1214,2026-05-03 11:03:13,ent_corp_alpha,usr_714,agt_10,"SELECT amount, customer_id FROM billing_records WHERE id = 89596",SELECT,billing_records,69,0.7282,report_generation,200
sess_1214,2026-05-03 11:03:58,ent_corp_alpha,usr_714,agt_10,"SELECT billing_records.id, orders.id FROM billing_records JOIN orders ON billing_records.id = orders.id",JOIN,"billing_records,orders",1223,0.995,report_generation,200
sess_1214,2026-05-03 11:11:13,ent_corp_alpha,usr_714,agt_10,"SELECT name, created_at FROM customers WHERE id = 44140",SELECT,customers,475,0.7749,report_generation,200
sess_1214,2026-05-03 11:12:38,ent_corp_alpha,usr_714,agt_10,UPDATE products SET price = '1171' WHERE id = 8563,UPDATE,products,251,0.9622,report_generation,200
sess_1214,2026-05-03 11:13:18,ent_corp_alpha,usr_714,agt_10,"SELECT customers.id, orders.id FROM customers JOIN orders ON customers.id = orders.id",JOIN,"customers,orders",287,0.9329,report_generation,200
sess_1214,2026-05-03 11:13:21,ent_corp_alpha,usr_714,agt_10,"SELECT created_at, status FROM orders WHERE id = 96870",SELECT,orders,385,0.9371,report_generation,200
sess_1215,2026-05-02 14:16:32,ent_corp_alpha,usr_715,agt_8,"SELECT table_schema, row_count FROM information_schema.tables WHERE id = 87549",SELECT,information_schema.tables,2560,0.5837,report_generation,200
sess_1215,2026-05-02 14:16:53,ent_corp_alpha,usr_715,agt_8,UPDATE system_credentials SET secret_hash = '4054' WHERE id = 8521,UPDATE,system_credentials,1264,0.5373,sales_performance,200
sess_1215,2026-05-02 14:18:50,ent_corp_alpha,usr_715,agt_8,ALTER TABLE billing_records ADD COLUMN flag_69 BOOLEAN,DDL,billing_records,682,0.5659,schema_audit,200
sess_1215,2026-05-02 14:18:55,ent_corp_alpha,usr_715,agt_8,"SELECT column_name, COUNT(*) FROM information_schema.columns GROUP BY column_name",AGGREGATION,information_schema.columns,4063,0.565,schema_audit,200
sess_1215,2026-05-02 14:19:11,ent_corp_alpha,usr_715,agt_8,CREATE INDEX idx_95 ON inventory (id),DDL,inventory,426,0.5391,compensation_review,200
sess_1215,2026-05-02 14:19:25,ent_corp_alpha,usr_715,agt_8,"SELECT logs.id, system_credentials.id FROM logs JOIN system_credentials ON logs.id = system_credentials.id",JOIN,"logs,system_credentials",66,0.7986,schema_audit,200
sess_1215,2026-05-02 14:20:04,ent_corp_alpha,usr_715,agt_8,UPDATE information_schema.columns SET column_name = '2225' WHERE id = 756,UPDATE,information_schema.columns,4264,0.6829,billing_summary,200
sess_1215,2026-05-02 14:20:24,ent_corp_alpha,usr_715,agt_8,"SELECT system_credentials.id, logs.id FROM system_credentials JOIN logs ON system_credentials.id = logs.id",JOIN,"system_credentials,logs",7722,0.5602,billing_summary,200
sess_1215,2026-05-02 14:23:14,ent_corp_alpha,usr_715,agt_8,"SELECT page_views.id, information_schema.tables.id FROM page_views JOIN information_schema.tables ON page_views.id = information_schema.tables.id",JOIN,"page_views,information_schema.tables",69,0.799,payroll_processing,200
sess_1215,2026-05-02 14:23:39,ent_corp_alpha,usr_715,agt_8,"SELECT information_schema.tables.id, page_views.id FROM information_schema.tables JOIN page_views ON information_schema.tables.id = page_views.id",JOIN,"information_schema.tables,page_views",211,0.5208,order_management,200
sess_1215,2026-05-02 14:24:12,ent_corp_alpha,usr_715,agt_8,UPDATE page_views SET ts = '7350' WHERE id = 3554,UPDATE,page_views,8850,0.5183,system_health_check,200
sess_1215,2026-05-02 14:24:16,ent_corp_alpha,usr_715,agt_8,ALTER TABLE page_views ADD COLUMN flag_69 BOOLEAN,DDL,page_views,6371,0.59,billing_summary,200
sess_1215,2026-05-02 14:26:03,ent_corp_alpha,usr_715,agt_8,"SELECT information_schema.tables.id, system_credentials.id FROM information_schema.tables JOIN system_credentials ON information_schema.tables.id = system_credentials.id",JOIN,"information_schema.tables,system_credentials",3716,0.4601,schema_audit,200
sess_1215,2026-05-02 14:26:42,ent_corp_alpha,usr_715,agt_8,UPDATE logs SET id = '4698' WHERE id = 7109,UPDATE,logs,55,0.6051,report_generation,403
sess_1215,2026-05-02 14:26:45,ent_corp_alpha,usr_715,agt_8,"SELECT support_tickets.id, information_schema.columns.id FROM support_tickets JOIN information_schema.columns ON support_tickets.id = information_schema.columns.id",JOIN,"support_tickets,information_schema.columns",8015,0.7666,customer_lookup,200
sess_1215,2026-05-02 14:27:02,ent_corp_alpha,usr_715,agt_8,"SELECT user_id, SUM(amount) FROM page_views GROUP BY user_id",AGGREGATION,page_views,1711,0.6154,compensation_review,200
sess_1215,2026-05-02 14:28:04,ent_corp_alpha,usr_715,agt_8,"SELECT system_credentials.id, information_schema.tables.id FROM system_credentials JOIN information_schema.tables ON system_credentials.id = information_schema.tables.id",JOIN,"system_credentials,information_schema.tables",187,0.6989,support_triage,200
sess_1215,2026-05-02 14:28:51,ent_corp_alpha,usr_715,agt_8,CREATE INDEX idx_97 ON support_tickets (id),DDL,support_tickets,4790,0.7299,schema_audit,403
sess_1215,2026-05-02 14:28:53,ent_corp_alpha,usr_715,agt_8,CREATE INDEX idx_98 ON page_views (id),DDL,page_views,2812,0.6359,schema_audit,200
sess_1215,2026-05-02 14:29:07,ent_corp_alpha,usr_715,agt_8,"SELECT customers.id, orders.id FROM customers JOIN orders ON customers.id = orders.id",JOIN,"customers,orders",3670,0.5417,order_management,200
sess_1215,2026-05-02 14:29:53,ent_corp_alpha,usr_715,agt_8,UPDATE support_tickets SET customer_id = '771' WHERE id = 1698,UPDATE,support_tickets,5413,0.6822,inventory_check,200
sess_1215,2026-05-02 14:32:59,ent_corp_alpha,usr_715,agt_8,UPDATE products SET category = '7421' WHERE id = 1697,UPDATE,products,128,0.7421,customer_lookup,200
sess_1215,2026-05-02 14:33:51,ent_corp_alpha,usr_715,agt_8,DROP TABLE information_schema.tables,DDL,information_schema.tables,3485,0.7294,compensation_review,403
sess_1215,2026-05-02 14:34:29,ent_corp_alpha,usr_715,agt_8,"SELECT id, url FROM page_views WHERE id = 49453",SELECT,page_views,768,0.6551,inventory_check,200
sess_1215,2026-05-02 14:35:11,ent_corp_alpha,usr_715,agt_8,"SELECT id, COUNT(*) FROM logs GROUP BY id",AGGREGATION,logs,355,0.6854,payroll_processing,200
sess_1215,2026-05-02 14:36:43,ent_corp_alpha,usr_715,agt_8,"SELECT updated_at, sku FROM inventory WHERE id = 32643",SELECT,inventory,394,0.5148,system_health_check,200
sess_1216,2026-05-11 10:20:57,ent_nexus_beta,usr_716,agt_10,"SELECT name, id FROM products WHERE id = 16659",SELECT,products,1260,0.7811,report_generation,200
sess_1216,2026-05-11 10:22:25,ent_nexus_beta,usr_716,agt_10,"SELECT month, amount FROM billing_records WHERE id = 74455",SELECT,billing_records,3158,0.9402,report_generation,200
sess_1216,2026-05-11 10:25:40,ent_nexus_beta,usr_716,agt_10,"SELECT price, id FROM products WHERE id = 77849",SELECT,products,333,0.7201,report_generation,200
sess_1216,2026-05-11 10:26:16,ent_nexus_beta,usr_716,agt_10,UPDATE orders SET customer_id = '7482' WHERE id = 912,UPDATE,orders,504,0.8711,report_generation,200
sess_1216,2026-05-11 10:26:20,ent_nexus_beta,usr_716,agt_10,"SELECT customer_id, amount FROM billing_records WHERE id = 62410",SELECT,billing_records,564,0.7482,report_generation,200
sess_1216,2026-05-11 10:27:15,ent_nexus_beta,usr_716,agt_10,"SELECT amount, status FROM orders WHERE id = 99816",SELECT,orders,170,0.8622,report_generation,200
sess_1216,2026-05-11 10:27:39,ent_nexus_beta,usr_716,agt_10,"SELECT name, category FROM products WHERE id = 1566",SELECT,products,2324,0.7873,report_generation,200
sess_1216,2026-05-11 10:29:55,ent_nexus_beta,usr_716,agt_10,"SELECT id, created_at FROM orders WHERE id = 58547",SELECT,orders,297,0.9026,report_generation,200
sess_1216,2026-05-11 10:32:59,ent_nexus_beta,usr_716,agt_10,UPDATE orders SET amount = '4076' WHERE id = 1870,UPDATE,orders,834,0.8963,report_generation,200
sess_1216,2026-05-11 10:34:50,ent_nexus_beta,usr_716,agt_10,"SELECT status, created_at FROM orders WHERE id = 76835",SELECT,orders,99,0.9043,report_generation,200
sess_1216,2026-05-11 10:35:53,ent_nexus_beta,usr_716,agt_10,"SELECT price, category FROM products WHERE id = 74814",SELECT,products,4302,0.9794,report_generation,200
sess_1216,2026-05-11 10:36:20,ent_nexus_beta,usr_716,agt_10,UPDATE billing_records SET id = '6396' WHERE id = 8262,UPDATE,billing_records,144,0.8617,report_generation,200
sess_1217,2026-05-20 15:53:02,ent_apex_gamma,usr_717,agt_5,"SELECT status, customer_id FROM orders WHERE id = 48644",SELECT,orders,189,0.8821,support_triage,200
sess_1217,2026-05-20 15:54:34,ent_apex_gamma,usr_717,agt_5,"SELECT id, SUM(amount) FROM support_tickets GROUP BY id",AGGREGATION,support_tickets,5458,0.995,support_triage,200
sess_1217,2026-05-20 15:54:36,ent_apex_gamma,usr_717,agt_5,"SELECT customer_id, AVG(amount) FROM support_tickets GROUP BY customer_id",AGGREGATION,support_tickets,6108,0.995,support_triage,200
sess_1217,2026-05-20 15:55:49,ent_apex_gamma,usr_717,agt_5,"SELECT amount, id FROM orders WHERE id = 93712",SELECT,orders,188,0.8854,support_triage,200
sess_1217,2026-05-20 15:56:49,ent_apex_gamma,usr_717,agt_5,"SELECT id, created_at FROM customers WHERE id = 92663",SELECT,customers,152,0.8427,support_triage,200
sess_1217,2026-05-20 16:01:38,ent_apex_gamma,usr_717,agt_5,UPDATE support_tickets SET subject = '8239' WHERE id = 7733,UPDATE,support_tickets,59,0.7907,support_triage,200
sess_1217,2026-05-20 16:07:14,ent_apex_gamma,usr_717,agt_5,"SELECT support_tickets.id, customers.id FROM support_tickets JOIN customers ON support_tickets.id = customers.id",JOIN,"support_tickets,customers",1075,0.995,support_triage,200
sess_1217,2026-05-20 16:07:21,ent_apex_gamma,usr_717,agt_5,"SELECT amount, created_at FROM orders WHERE id = 22526",SELECT,orders,6822,0.9354,support_triage,200
sess_1217,2026-05-20 16:08:49,ent_apex_gamma,usr_717,agt_5,"SELECT support_tickets.id, orders.id FROM support_tickets JOIN orders ON support_tickets.id = orders.id",JOIN,"support_tickets,orders",207,0.9518,support_triage,500
sess_1217,2026-05-20 16:10:15,ent_apex_gamma,usr_717,agt_5,"SELECT created_at, name FROM customers WHERE id = 13893",SELECT,customers,44,0.9858,support_triage,200
sess_1217,2026-05-20 16:10:53,ent_apex_gamma,usr_717,agt_5,"SELECT orders.id, support_tickets.id FROM orders JOIN support_tickets ON orders.id = support_tickets.id",JOIN,"orders,support_tickets",1856,0.6062,support_triage,200
sess_1217,2026-05-20 16:14:37,ent_apex_gamma,usr_717,agt_5,"SELECT id, customer_id FROM support_tickets WHERE id = 87836",SELECT,support_tickets,177,0.985,support_triage,200
sess_1217,2026-05-20 16:15:38,ent_apex_gamma,usr_717,agt_5,"SELECT status, priority FROM support_tickets WHERE id = 8341",SELECT,support_tickets,244,0.9028,support_triage,200
sess_1217,2026-05-20 16:18:06,ent_apex_gamma,usr_717,agt_5,"SELECT customer_id, MAX(id) FROM support_tickets GROUP BY customer_id",AGGREGATION,support_tickets,1578,0.9388,support_triage,200
sess_1218,2026-05-13 15:03:01,ent_apex_gamma,usr_718,agt_11,"SELECT amount, status FROM orders WHERE id = 90985",SELECT,orders,102,0.8382,support_triage,200
sess_1218,2026-05-13 15:09:49,ent_apex_gamma,usr_718,agt_11,"SELECT created_at, id FROM customers WHERE id = 25266",SELECT,customers,756,0.995,support_triage,500
sess_1218,2026-05-13 15:10:42,ent_apex_gamma,usr_718,agt_11,"SELECT priority, subject FROM support_tickets WHERE id = 38035",SELECT,support_tickets,775,0.995,support_triage,200
sess_1218,2026-05-13 15:11:06,ent_apex_gamma,usr_718,agt_11,"SELECT priority, customer_id FROM support_tickets WHERE id = 29633",SELECT,support_tickets,29,0.9078,support_triage,200
sess_1218,2026-05-13 15:11:51,ent_apex_gamma,usr_718,agt_11,"SELECT id, created_at FROM customers WHERE id = 73698",SELECT,customers,23325,0.7487,support_triage,200
sess_1218,2026-05-13 15:12:43,ent_apex_gamma,usr_718,agt_11,"SELECT email, id FROM customers WHERE id = 28501",SELECT,customers,236,0.9171,support_triage,200
sess_1218,2026-05-13 15:17:08,ent_apex_gamma,usr_718,agt_11,"SELECT customer_id, amount FROM orders WHERE id = 15984",SELECT,orders,2255,0.8825,support_triage,200
sess_1218,2026-05-13 15:18:45,ent_apex_gamma,usr_718,agt_11,"SELECT id, created_at FROM orders WHERE id = 18345",SELECT,orders,2913,0.8136,support_triage,200
sess_1218,2026-05-13 15:18:49,ent_apex_gamma,usr_718,agt_11,"SELECT status, priority FROM support_tickets WHERE id = 19001",SELECT,support_tickets,1043,0.936,support_triage,200
sess_1218,2026-05-13 15:20:01,ent_apex_gamma,usr_718,agt_11,"SELECT id, created_at FROM customers WHERE id = 52529",SELECT,customers,1045,0.9551,support_triage,200
sess_1218,2026-05-13 15:21:37,ent_apex_gamma,usr_718,agt_11,"SELECT created_at, customer_id FROM orders WHERE id = 97400",SELECT,orders,434,0.8558,support_triage,200
sess_1218,2026-05-13 15:22:07,ent_apex_gamma,usr_718,agt_11,UPDATE customers SET name = '6067' WHERE id = 2007,UPDATE,customers,513,0.995,support_triage,200
sess_1219,2026-04-27 23:42:29,ent_corp_alpha,usr_719,agt_9,"SELECT status, amount FROM orders WHERE id = 99138",SELECT,orders,91,0.8664,customer_lookup,500
sess_1219,2026-04-27 23:49:49,ent_corp_alpha,usr_719,agt_9,"SELECT status, created_at FROM orders WHERE id = 62577",SELECT,orders,155,0.8547,customer_lookup,200
sess_1219,2026-04-27 23:52:55,ent_corp_alpha,usr_719,agt_9,"SELECT region, created_at FROM customers WHERE id = 45236",SELECT,customers,67,0.923,customer_lookup,200
sess_1219,2026-04-27 23:53:55,ent_corp_alpha,usr_719,agt_9,"SELECT amount, id FROM orders WHERE id = 19487",SELECT,orders,186,0.8516,customer_lookup,200
sess_1219,2026-04-27 23:54:47,ent_corp_alpha,usr_719,agt_9,"SELECT priority, customer_id FROM support_tickets WHERE id = 8926",SELECT,support_tickets,329,0.6687,customer_lookup,200
sess_1219,2026-04-27 23:55:33,ent_corp_alpha,usr_719,agt_9,"SELECT region, created_at FROM customers WHERE id = 65486",SELECT,customers,631,0.9438,customer_lookup,200
sess_1219,2026-04-27 23:56:53,ent_corp_alpha,usr_719,agt_9,"SELECT id, customer_id FROM support_tickets WHERE id = 75535",SELECT,support_tickets,55,0.995,customer_lookup,403
sess_1219,2026-04-28 00:02:27,ent_corp_alpha,usr_719,agt_9,"SELECT created_at, email FROM customers WHERE id = 27741",SELECT,customers,119,0.913,customer_lookup,200
sess_1219,2026-04-28 00:05:37,ent_corp_alpha,usr_719,agt_9,"SELECT email, id FROM customers WHERE id = 50106",SELECT,customers,281,0.9408,customer_lookup,200
sess_1219,2026-04-28 00:09:49,ent_corp_alpha,usr_719,agt_9,"SELECT amount, month FROM billing_records WHERE id = 57704",SELECT,billing_records,236,0.7324,compensation_review,500
sess_1219,2026-04-28 00:17:50,ent_corp_alpha,usr_719,agt_9,"SELECT amount, customer_id FROM orders WHERE id = 89694",SELECT,orders,191,0.6703,support_triage,200
sess_1219,2026-04-28 00:19:39,ent_corp_alpha,usr_719,agt_9,"SELECT name, region FROM customers WHERE id = 35147",SELECT,customers,266,0.4435,report_generation,200
sess_1219,2026-04-28 00:26:40,ent_corp_alpha,usr_719,agt_9,"SELECT created_at, amount FROM orders WHERE id = 9998",SELECT,orders,120,0.4382,report_generation,200
sess_1219,2026-04-28 00:28:15,ent_corp_alpha,usr_719,agt_9,"SELECT method, month FROM billing_records WHERE id = 9116",SELECT,billing_records,310,0.995,schema_audit,200
sess_1219,2026-04-28 00:32:15,ent_corp_alpha,usr_719,agt_9,"SELECT id, carrier FROM shipments WHERE id = 10761",SELECT,shipments,92,0.6218,support_triage,200
sess_1219,2026-04-28 00:40:02,ent_corp_alpha,usr_719,agt_9,"SELECT subject, priority FROM support_tickets WHERE id = 43642",SELECT,support_tickets,51,0.5088,inventory_check,200
sess_1219,2026-04-28 00:45:04,ent_corp_alpha,usr_719,agt_9,"SELECT email, created_at FROM customers WHERE id = 7481",SELECT,customers,10,0.5546,compensation_review,200
sess_1219,2026-04-28 01:13:33,ent_corp_alpha,usr_719,agt_9,"SELECT method, amount FROM billing_records WHERE id = 10879",SELECT,billing_records,36,0.6962,order_management,200
sess_1219,2026-04-28 01:15:05,ent_corp_alpha,usr_719,agt_9,"SELECT name, region FROM customers WHERE id = 64077",SELECT,customers,34,0.5648,report_generation,200
sess_1219,2026-04-28 01:15:25,ent_corp_alpha,usr_719,agt_9,"SELECT subject, priority FROM support_tickets WHERE id = 81263",SELECT,support_tickets,72,0.7017,schema_audit,200
sess_1219,2026-04-28 01:25:07,ent_corp_alpha,usr_719,agt_9,"SELECT id, created_at FROM orders WHERE id = 43314",SELECT,orders,204,0.5703,support_triage,200
sess_1219,2026-04-28 01:25:27,ent_corp_alpha,usr_719,agt_9,"SELECT id, carrier FROM shipments WHERE id = 87652",SELECT,shipments,118,0.6243,order_management,200
sess_1219,2026-04-28 01:26:47,ent_corp_alpha,usr_719,agt_9,"SELECT customer_id, id FROM support_tickets WHERE id = 320",SELECT,support_tickets,123,0.6667,billing_summary,200
sess_1219,2026-04-28 01:32:25,ent_corp_alpha,usr_719,agt_9,"SELECT status, created_at FROM orders WHERE id = 44152",SELECT,orders,303,0.5561,inventory_check,200
sess_1219,2026-04-28 01:33:34,ent_corp_alpha,usr_719,agt_9,"SELECT amount, customer_id FROM orders WHERE id = 58503",SELECT,orders,171,0.4982,customer_lookup,200
sess_1219,2026-04-28 01:36:11,ent_corp_alpha,usr_719,agt_9,"SELECT order_id, carrier FROM shipments WHERE id = 49198",SELECT,shipments,286,0.5311,system_health_check,200
sess_1219,2026-04-28 01:39:48,ent_corp_alpha,usr_719,agt_9,"SELECT eta, carrier FROM shipments WHERE id = 56499",SELECT,shipments,199,0.7731,report_generation,200
sess_1219,2026-04-28 01:41:26,ent_corp_alpha,usr_719,agt_9,"SELECT id, subject FROM support_tickets WHERE id = 91176",SELECT,support_tickets,51,0.5731,inventory_check,200
sess_1219,2026-04-28 01:42:02,ent_corp_alpha,usr_719,agt_9,"SELECT created_at, name FROM customers WHERE id = 16496",SELECT,customers,117,0.446,report_generation,200
sess_1219,2026-04-28 01:45:21,ent_corp_alpha,usr_719,agt_9,"SELECT id, customer_id FROM orders WHERE id = 27984",SELECT,orders,93,0.4741,support_triage,200
sess_1219,2026-04-28 01:46:11,ent_corp_alpha,usr_719,agt_9,"SELECT carrier, id FROM shipments WHERE id = 51025",SELECT,shipments,47,0.6184,customer_lookup,200
sess_1219,2026-04-28 01:47:44,ent_corp_alpha,usr_719,agt_9,"SELECT order_id, eta FROM shipments WHERE id = 2689",SELECT,shipments,296,0.6114,support_triage,200
sess_1219,2026-04-28 01:58:39,ent_corp_alpha,usr_719,agt_9,"SELECT region, id FROM customers WHERE id = 61390",SELECT,customers,97,0.6308,sales_performance,200
sess_1219,2026-04-28 02:07:09,ent_corp_alpha,usr_719,agt_9,"SELECT order_id, id FROM shipments WHERE id = 11247",SELECT,shipments,116,0.5371,order_management,200
sess_1219,2026-04-28 02:07:29,ent_corp_alpha,usr_719,agt_9,"SELECT id, customer_id FROM support_tickets WHERE id = 8859",SELECT,support_tickets,653,0.5756,support_triage,200
sess_1220,2026-05-21 05:27:30,ent_nexus_beta,usr_720,agt_10,"SELECT amount, id FROM orders WHERE id = 42700",SELECT,orders,647,0.8343,sales_performance,200
sess_1220,2026-05-21 05:29:58,ent_nexus_beta,usr_720,agt_10,"SELECT month, id FROM billing_records WHERE id = 480",SELECT,billing_records,353,0.8859,sales_performance,200
sess_1220,2026-05-21 05:36:14,ent_nexus_beta,usr_720,agt_10,"SELECT method, month FROM billing_records WHERE id = 96203",SELECT,billing_records,179,0.7414,sales_performance,200
sess_1220,2026-05-21 05:37:07,ent_nexus_beta,usr_720,agt_10,"SELECT amount, id FROM orders WHERE id = 23723",SELECT,orders,100,0.7477,sales_performance,200
sess_1220,2026-05-21 05:46:14,ent_nexus_beta,usr_720,agt_10,"SELECT customer_id, id FROM orders WHERE id = 51523",SELECT,orders,211,0.995,sales_performance,200
sess_1220,2026-05-21 05:49:20,ent_nexus_beta,usr_720,agt_10,"SELECT created_at, status FROM orders WHERE id = 96747",SELECT,orders,107,0.995,sales_performance,200
sess_1220,2026-05-21 05:58:20,ent_nexus_beta,usr_720,agt_10,"SELECT customer_id, amount FROM orders WHERE id = 81868",SELECT,orders,554,0.9521,sales_performance,200
sess_1220,2026-05-21 05:59:04,ent_nexus_beta,usr_720,agt_10,"SELECT name, region FROM customers WHERE id = 87674",SELECT,customers,171,0.603,sales_performance,200
sess_1220,2026-05-21 06:04:51,ent_nexus_beta,usr_720,agt_10,"SELECT region, email FROM customers WHERE id = 25124",SELECT,customers,127,0.5958,payroll_processing,200
sess_1220,2026-05-21 06:05:14,ent_nexus_beta,usr_720,agt_10,"SELECT method, amount FROM billing_records WHERE id = 57530",SELECT,billing_records,64,0.7124,inventory_check,200
sess_1220,2026-05-21 06:14:33,ent_nexus_beta,usr_720,agt_10,"SELECT method, month FROM billing_records WHERE id = 66001",SELECT,billing_records,202,0.7249,report_generation,200
sess_1220,2026-05-21 06:41:28,ent_nexus_beta,usr_720,agt_10,"SELECT ssn, address FROM customer_pii WHERE id = 9992",SELECT,customer_pii,257,0.7047,customer_lookup,200
sess_1220,2026-05-21 06:43:49,ent_nexus_beta,usr_720,agt_10,"SELECT grade, bonus FROM employee_salaries WHERE id = 49831",SELECT,employee_salaries,117,0.7554,support_triage,200
sess_1220,2026-05-21 06:50:02,ent_nexus_beta,usr_720,agt_10,"SELECT id, name FROM customers WHERE id = 49313",SELECT,customers,396,0.6946,payroll_processing,200
sess_1220,2026-05-21 06:53:09,ent_nexus_beta,usr_720,agt_10,"SELECT customer_id, id FROM orders WHERE id = 95777",SELECT,orders,74,0.6811,compensation_review,200
sess_1220,2026-05-21 06:53:36,ent_nexus_beta,usr_720,agt_10,"SELECT address, dob FROM customer_pii WHERE id = 71309",SELECT,customer_pii,620,0.7929,inventory_check,500
sess_1220,2026-05-21 06:54:16,ent_nexus_beta,usr_720,agt_10,"SELECT exec_id, year FROM executive_compensation WHERE id = 33026",SELECT,executive_compensation,145,0.7181,compensation_review,200
sess_1220,2026-05-21 06:57:30,ent_nexus_beta,usr_720,agt_10,"SELECT price, category FROM products WHERE id = 16461",SELECT,products,280,0.4794,billing_summary,200
sess_1220,2026-05-21 07:06:29,ent_nexus_beta,usr_720,agt_10,"SELECT month, amount FROM billing_records WHERE id = 22302",SELECT,billing_records,33,0.4792,inventory_check,200
sess_1220,2026-05-21 07:08:15,ent_nexus_beta,usr_720,agt_10,"SELECT id, method FROM billing_records WHERE id = 33187",SELECT,billing_records,349,0.9294,customer_lookup,200
sess_1220,2026-05-21 07:14:38,ent_nexus_beta,usr_720,agt_10,"SELECT name, category FROM products WHERE id = 10508",SELECT,products,52,0.5343,compensation_review,200
sess_1220,2026-05-21 07:17:11,ent_nexus_beta,usr_720,agt_10,"SELECT base_salary, employee_id FROM employee_salaries WHERE id = 35054",SELECT,employee_salaries,154,0.7888,report_generation,200
sess_1220,2026-05-21 07:23:29,ent_nexus_beta,usr_720,agt_10,"SELECT created_at, region FROM customers WHERE id = 11573",SELECT,customers,444,0.5809,customer_lookup,200
sess_1220,2026-05-21 07:27:23,ent_nexus_beta,usr_720,agt_10,"SELECT name, price FROM products WHERE id = 97533",SELECT,products,77,0.5176,schema_audit,200
sess_1220,2026-05-21 07:29:20,ent_nexus_beta,usr_720,agt_10,"SELECT name, category FROM products WHERE id = 47705",SELECT,products,255,0.6025,compensation_review,200
sess_1221,2026-05-25 06:05:16,ent_nexus_beta,usr_721,agt_6,"SELECT grade, base_salary FROM employee_salaries WHERE id = 70122",SELECT,employee_salaries,246,0.9609,compensation_review,200
sess_1221,2026-05-25 06:08:06,ent_nexus_beta,usr_721,agt_6,"SELECT id, equity FROM executive_compensation WHERE id = 27143",SELECT,executive_compensation,2194,0.9508,compensation_review,200
sess_1221,2026-05-25 06:08:10,ent_nexus_beta,usr_721,agt_6,"SELECT employee_salaries.id, billing_records.id FROM employee_salaries JOIN billing_records ON employee_salaries.id = billing_records.id",JOIN,"employee_salaries,billing_records",1495,0.7602,compensation_review,200
sess_1221,2026-05-25 06:09:26,ent_nexus_beta,usr_721,agt_6,"SELECT id, year FROM executive_compensation WHERE id = 51385",SELECT,executive_compensation,1888,0.9743,compensation_review,200
sess_1221,2026-05-25 06:10:19,ent_nexus_beta,usr_721,agt_6,"SELECT grade, bonus FROM employee_salaries WHERE id = 86114",SELECT,employee_salaries,548,0.922,compensation_review,200
sess_1221,2026-05-25 06:11:14,ent_nexus_beta,usr_721,agt_6,"SELECT base_salary, employee_id FROM employee_salaries WHERE id = 89776",SELECT,employee_salaries,166,0.9382,compensation_review,200
sess_1221,2026-05-25 06:11:17,ent_nexus_beta,usr_721,agt_6,"SELECT equity, year FROM executive_compensation WHERE id = 29603",SELECT,executive_compensation,151,0.8519,compensation_review,200
sess_1221,2026-05-25 06:11:56,ent_nexus_beta,usr_721,agt_6,"SELECT id, MAX(id) FROM executive_compensation GROUP BY id",AGGREGATION,executive_compensation,356,0.9165,compensation_review,200
sess_1221,2026-05-25 06:17:39,ent_nexus_beta,usr_721,agt_6,"SELECT id, equity FROM executive_compensation WHERE id = 26494",SELECT,executive_compensation,2186,0.7424,compensation_review,200
sess_1221,2026-05-25 06:21:06,ent_nexus_beta,usr_721,agt_6,"SELECT customer_id, COUNT(*) FROM orders GROUP BY customer_id",AGGREGATION,orders,4571,0.7921,billing_summary,200
sess_1221,2026-05-25 06:25:41,ent_nexus_beta,usr_721,agt_6,"SELECT customer_id, MAX(id) FROM orders GROUP BY customer_id",AGGREGATION,orders,844,0.995,billing_summary,200
sess_1221,2026-05-25 06:29:03,ent_nexus_beta,usr_721,agt_6,"SELECT customer_id, created_at FROM orders WHERE id = 96826",SELECT,orders,812,0.9189,billing_summary,200
sess_1221,2026-05-25 06:30:24,ent_nexus_beta,usr_721,agt_6,"SELECT amount, month FROM billing_records WHERE id = 95387",SELECT,billing_records,278,0.9342,billing_summary,200
sess_1221,2026-05-25 06:31:31,ent_nexus_beta,usr_721,agt_6,"SELECT id, customer_id FROM orders WHERE id = 13898",SELECT,orders,3020,0.8498,billing_summary,200
sess_1221,2026-05-25 06:32:09,ent_nexus_beta,usr_721,agt_6,"SELECT created_at, SUM(amount) FROM orders GROUP BY created_at",AGGREGATION,orders,1146,0.6763,billing_summary,200
sess_1222,2026-05-06 12:53:14,ent_corp_alpha,usr_722,agt_2,"SELECT orders.id, billing_records.id FROM orders JOIN billing_records ON orders.id = billing_records.id",JOIN,"orders,billing_records",697,0.957,billing_summary,403
sess_1222,2026-05-06 12:54:45,ent_corp_alpha,usr_722,agt_2,"SELECT region, id FROM customers WHERE id = 25865",SELECT,customers,1335,0.971,billing_summary,200
sess_1222,2026-05-06 12:55:04,ent_corp_alpha,usr_722,agt_2,"SELECT created_at, name FROM customers WHERE id = 87326",SELECT,customers,30,0.995,billing_summary,200
sess_1222,2026-05-06 12:56:23,ent_corp_alpha,usr_722,agt_2,"SELECT created_at, id FROM orders WHERE id = 40684",SELECT,orders,340,0.9563,billing_summary,200
sess_1222,2026-05-06 12:57:53,ent_corp_alpha,usr_722,agt_2,"SELECT amount, COUNT(*) FROM orders GROUP BY amount",AGGREGATION,orders,10681,0.9834,billing_summary,200
sess_1222,2026-05-06 12:59:31,ent_corp_alpha,usr_722,agt_2,"SELECT region, name FROM customers WHERE id = 5513",SELECT,customers,6107,0.8853,billing_summary,200
sess_1222,2026-05-06 12:59:41,ent_corp_alpha,usr_722,agt_2,"SELECT id, customer_id FROM billing_records WHERE id = 91713",SELECT,billing_records,990,0.8273,billing_summary,200
sess_1222,2026-05-06 12:59:58,ent_corp_alpha,usr_722,agt_2,"SELECT status, created_at FROM orders WHERE id = 57447",SELECT,orders,381,0.8009,billing_summary,200
sess_1222,2026-05-06 13:00:32,ent_corp_alpha,usr_722,agt_2,"SELECT orders.id, customers.id FROM orders JOIN customers ON orders.id = customers.id",JOIN,"orders,customers",774,0.995,billing_summary,200
sess_1222,2026-05-06 13:04:34,ent_corp_alpha,usr_722,agt_2,"SELECT region, email FROM customers WHERE id = 62936",SELECT,customers,186,0.776,billing_summary,200
sess_1222,2026-05-06 13:06:39,ent_corp_alpha,usr_722,agt_2,"SELECT id, method FROM billing_records WHERE id = 94110",SELECT,billing_records,54,0.8846,billing_summary,200
sess_1222,2026-05-06 13:11:44,ent_corp_alpha,usr_722,agt_2,UPDATE orders SET created_at = '7054' WHERE id = 1468,UPDATE,orders,140,0.9907,billing_summary,200
sess_1222,2026-05-06 13:12:04,ent_corp_alpha,usr_722,agt_2,"SELECT month, amount FROM billing_records WHERE id = 42651",SELECT,billing_records,216,0.9736,billing_summary,200
sess_1222,2026-05-06 13:13:45,ent_corp_alpha,usr_722,agt_2,"SELECT id, month FROM billing_records WHERE id = 98686",SELECT,billing_records,1497,0.9339,billing_summary,200
sess_1222,2026-05-06 13:14:03,ent_corp_alpha,usr_722,agt_2,"SELECT amount, month FROM billing_records WHERE id = 39990",SELECT,billing_records,3590,0.9132,billing_summary,200
sess_1223,2026-05-09 23:34:03,ent_apex_gamma,usr_723,agt_5,"SELECT logs.id, information_schema.columns.id FROM logs JOIN information_schema.columns ON logs.id = information_schema.columns.id",JOIN,"logs,information_schema.columns",1217,0.5836,payroll_processing,200
sess_1223,2026-05-09 23:34:14,ent_apex_gamma,usr_723,agt_5,"SELECT rotated_at, MAX(id) FROM system_credentials GROUP BY rotated_at",AGGREGATION,system_credentials,1787,0.5853,support_triage,200
sess_1223,2026-05-09 23:35:13,ent_apex_gamma,usr_723,agt_5,UPDATE shipments SET eta = '1508' WHERE id = 4247,UPDATE,shipments,3132,0.4909,schema_audit,200
sess_1223,2026-05-09 23:36:44,ent_apex_gamma,usr_723,agt_5,"SELECT system_credentials.id, logs.id FROM system_credentials JOIN logs ON system_credentials.id = logs.id",JOIN,"system_credentials,logs",5568,0.6806,customer_lookup,200
sess_1223,2026-05-09 23:36:46,ent_apex_gamma,usr_723,agt_5,"SELECT orders.id, shipments.id FROM orders JOIN shipments ON orders.id = shipments.id",JOIN,"orders,shipments",5361,0.6501,customer_lookup,200
sess_1223,2026-05-09 23:36:56,ent_apex_gamma,usr_723,agt_5,"SELECT id, SUM(amount) FROM billing_records GROUP BY id",AGGREGATION,billing_records,2218,0.7611,billing_summary,200
sess_1223,2026-05-09 23:36:59,ent_apex_gamma,usr_723,agt_5,DROP TABLE information_schema.columns,DDL,information_schema.columns,9490,0.531,payroll_processing,200
sess_1223,2026-05-09 23:37:38,ent_apex_gamma,usr_723,agt_5,"SELECT status, COUNT(*) FROM orders GROUP BY status",AGGREGATION,orders,4432,0.659,billing_summary,200
sess_1223,2026-05-09 23:37:56,ent_apex_gamma,usr_723,agt_5,UPDATE logs SET level = '6943' WHERE id = 2150,UPDATE,logs,756,0.591,schema_audit,200
sess_1223,2026-05-09 23:39:24,ent_apex_gamma,usr_723,agt_5,UPDATE system_credentials SET id = '5767' WHERE id = 4030,UPDATE,system_credentials,2177,0.5776,support_triage,200
sess_1223,2026-05-09 23:39:55,ent_apex_gamma,usr_723,agt_5,"SELECT system_credentials.id, shipments.id FROM system_credentials JOIN shipments ON system_credentials.id = shipments.id",JOIN,"system_credentials,shipments",1406,0.7383,compensation_review,200
sess_1223,2026-05-09 23:41:16,ent_apex_gamma,usr_723,agt_5,"SELECT inventory.id, logs.id FROM inventory JOIN logs ON inventory.id = logs.id",JOIN,"inventory,logs",364,0.8384,compensation_review,200
sess_1223,2026-05-09 23:41:55,ent_apex_gamma,usr_723,agt_5,UPDATE employee_salaries SET employee_id = '6168' WHERE id = 4544,UPDATE,employee_salaries,3671,0.5849,system_health_check,403
sess_1223,2026-05-09 23:42:44,ent_apex_gamma,usr_723,agt_5,ALTER TABLE support_tickets ADD COLUMN flag_8 BOOLEAN,DDL,support_tickets,1478,0.4288,sales_performance,200
sess_1223,2026-05-09 23:43:51,ent_apex_gamma,usr_723,agt_5,CREATE INDEX idx_23 ON information_schema.tables (id),DDL,information_schema.tables,862,0.6274,billing_summary,200
sess_1223,2026-05-09 23:44:00,ent_apex_gamma,usr_723,agt_5,UPDATE employee_salaries SET employee_id = '2673' WHERE id = 1233,UPDATE,employee_salaries,550,0.6649,system_health_check,403
sess_1223,2026-05-09 23:44:30,ent_apex_gamma,usr_723,agt_5,"SELECT id, eta FROM shipments WHERE id = 97743",SELECT,shipments,8909,0.6643,sales_performance,200
sess_1223,2026-05-09 23:44:32,ent_apex_gamma,usr_723,agt_5,"SELECT bonus, COUNT(*) FROM employee_salaries GROUP BY bonus",AGGREGATION,employee_salaries,131,0.7998,support_triage,200
sess_1223,2026-05-09 23:45:04,ent_apex_gamma,usr_723,agt_5,"SELECT table_name, COUNT(*) FROM information_schema.columns GROUP BY table_name",AGGREGATION,information_schema.columns,2131,0.6236,system_health_check,200
sess_1223,2026-05-09 23:46:34,ent_apex_gamma,usr_723,agt_5,"SELECT id, COUNT(*) FROM inventory GROUP BY id",AGGREGATION,inventory,74,0.6029,inventory_check,403
sess_1223,2026-05-09 23:47:28,ent_apex_gamma,usr_723,agt_5,"SELECT table_name, MAX(id) FROM information_schema.columns GROUP BY table_name",AGGREGATION,information_schema.columns,86,0.556,report_generation,200
sess_1223,2026-05-09 23:47:30,ent_apex_gamma,usr_723,agt_5,UPDATE information_schema.tables SET table_name = '3588' WHERE id = 6428,UPDATE,information_schema.tables,85,0.7064,compensation_review,403
sess_1223,2026-05-09 23:48:15,ent_apex_gamma,usr_723,agt_5,"SELECT message, ts FROM logs WHERE id = 40334",SELECT,logs,65,0.5731,compensation_review,200
sess_1223,2026-05-09 23:48:25,ent_apex_gamma,usr_723,agt_5,UPDATE billing_records SET month = '9406' WHERE id = 9334,UPDATE,billing_records,852,0.6871,system_health_check,200
sess_1223,2026-05-09 23:48:46,ent_apex_gamma,usr_723,agt_5,"SELECT rotated_at, secret_hash FROM system_credentials WHERE id = 81174",SELECT,system_credentials,146,0.5888,billing_summary,200
sess_1224,2026-05-22 14:18:56,ent_apex_gamma,usr_724,agt_10,"SELECT action, id FROM audit_log WHERE id = 44192",SELECT,audit_log,165,0.9737,schema_audit,200
sess_1224,2026-05-22 14:24:36,ent_apex_gamma,usr_724,agt_10,"SELECT action, target FROM audit_log WHERE id = 72558",SELECT,audit_log,840,0.8679,schema_audit,200
sess_1224,2026-05-22 14:24:47,ent_apex_gamma,usr_724,agt_10,"SELECT table_schema, row_count FROM information_schema.tables WHERE id = 43430",SELECT,information_schema.tables,518,0.9058,schema_audit,200
sess_1224,2026-05-22 14:28:33,ent_apex_gamma,usr_724,agt_10,"SELECT data_type, MAX(id) FROM information_schema.columns GROUP BY data_type",AGGREGATION,information_schema.columns,4067,0.995,schema_audit,200
sess_1224,2026-05-22 14:28:53,ent_apex_gamma,usr_724,agt_10,"SELECT target, COUNT(*) FROM audit_log GROUP BY target",AGGREGATION,audit_log,1458,0.8557,schema_audit,200
sess_1224,2026-05-22 14:32:02,ent_apex_gamma,usr_724,agt_10,"SELECT id, actor FROM audit_log WHERE id = 15438",SELECT,audit_log,310,0.995,schema_audit,200
sess_1224,2026-05-22 14:33:05,ent_apex_gamma,usr_724,agt_10,"SELECT actor, ts FROM audit_log WHERE id = 81984",SELECT,audit_log,118,0.9945,schema_audit,200
sess_1224,2026-05-22 14:34:11,ent_apex_gamma,usr_724,agt_10,"SELECT data_type, column_name FROM information_schema.columns WHERE id = 7981",SELECT,information_schema.columns,483,0.8007,schema_audit,200
sess_1224,2026-05-22 14:35:19,ent_apex_gamma,usr_724,agt_10,"SELECT row_count, table_name FROM information_schema.tables WHERE id = 37734",SELECT,information_schema.tables,884,0.9061,schema_audit,200
sess_1224,2026-05-22 14:36:29,ent_apex_gamma,usr_724,agt_10,"SELECT table_schema, table_name FROM information_schema.tables WHERE id = 36349",SELECT,information_schema.tables,418,0.7859,schema_audit,200
sess_1224,2026-05-22 14:36:32,ent_apex_gamma,usr_724,agt_10,"SELECT table_name, row_count FROM information_schema.tables WHERE id = 20677",SELECT,information_schema.tables,1032,0.9291,schema_audit,200
sess_1224,2026-05-22 14:37:29,ent_apex_gamma,usr_724,agt_10,UPDATE information_schema.columns SET table_name = '4761' WHERE id = 6297,UPDATE,information_schema.columns,336,0.8917,schema_audit,200
sess_1224,2026-05-22 14:38:43,ent_apex_gamma,usr_724,agt_10,UPDATE audit_log SET actor = '4166' WHERE id = 6121,UPDATE,audit_log,910,0.8064,schema_audit,200
sess_1224,2026-05-22 14:43:16,ent_apex_gamma,usr_724,agt_10,"SELECT table_name, row_count FROM information_schema.tables WHERE id = 52273",SELECT,information_schema.tables,282,0.6648,schema_audit,200
sess_1224,2026-05-22 14:43:46,ent_apex_gamma,usr_724,agt_10,"SELECT table_schema, COUNT(*) FROM information_schema.tables GROUP BY table_schema",AGGREGATION,information_schema.tables,4568,0.8492,schema_audit,200
sess_1224,2026-05-22 14:44:30,ent_apex_gamma,usr_724,agt_10,"SELECT column_name, data_type FROM information_schema.columns WHERE id = 91583",SELECT,information_schema.columns,1811,0.7894,schema_audit,200
sess_1225,2026-05-19 15:35:02,ent_nexus_beta,usr_725,agt_5,"SELECT status, id FROM orders WHERE id = 78630",SELECT,orders,3072,0.9125,billing_summary,200
sess_1225,2026-05-19 15:36:07,ent_nexus_beta,usr_725,agt_5,"SELECT id, amount FROM billing_records WHERE id = 8823",SELECT,billing_records,407,0.995,billing_summary,200
sess_1225,2026-05-19 15:37:22,ent_nexus_beta,usr_725,agt_5,UPDATE customers SET name = '2126' WHERE id = 207,UPDATE,customers,123,0.8196,billing_summary,200
sess_1225,2026-05-19 15:38:57,ent_nexus_beta,usr_725,agt_5,"SELECT id, amount FROM orders WHERE id = 21366",SELECT,orders,39,0.9027,billing_summary,200
sess_1225,2026-05-19 15:42:07,ent_nexus_beta,usr_725,agt_5,UPDATE billing_records SET amount = '1560' WHERE id = 7077,UPDATE,billing_records,2321,0.8116,billing_summary,200
sess_1225,2026-05-19 15:55:25,ent_nexus_beta,usr_725,agt_5,"SELECT billing_records.id, orders.id FROM billing_records JOIN orders ON billing_records.id = orders.id",JOIN,"billing_records,orders",5865,0.995,billing_summary,403
sess_1225,2026-05-19 15:55:32,ent_nexus_beta,usr_725,agt_5,"SELECT id, email FROM customers WHERE id = 78192",SELECT,customers,1284,0.8903,billing_summary,403
sess_1226,2026-04-29 09:20:13,ent_corp_alpha,usr_726,agt_4,"SELECT total_comp, exec_id FROM executive_compensation WHERE id = 38479",SELECT,executive_compensation,299,0.9128,compensation_review,200
sess_1226,2026-04-29 09:22:39,ent_corp_alpha,usr_726,agt_4,"SELECT base_salary, id FROM employee_salaries WHERE id = 49916",SELECT,employee_salaries,1188,0.8658,compensation_review,200
sess_1226,2026-04-29 09:27:58,ent_corp_alpha,usr_726,agt_4,"SELECT id, customer_id FROM orders WHERE id = 20891",SELECT,orders,740,0.8525,schema_audit,200
sess_1226,2026-04-29 09:32:15,ent_corp_alpha,usr_726,agt_4,"SELECT executive_compensation.id, employee_salaries.id FROM executive_compensation JOIN employee_salaries ON executive_compensation.id = employee_salaries.id",JOIN,"executive_compensation,employee_salaries",400,0.995,compensation_review,200
sess_1226,2026-04-29 09:32:25,ent_corp_alpha,usr_726,agt_4,"SELECT year, total_comp FROM executive_compensation WHERE id = 43648",SELECT,executive_compensation,130,0.9734,compensation_review,200
sess_1226,2026-04-29 09:35:00,ent_corp_alpha,usr_726,agt_4,"SELECT bonus, grade FROM employee_salaries WHERE id = 98369",SELECT,employee_salaries,2330,0.7222,compensation_review,200
sess_1226,2026-04-29 09:37:12,ent_corp_alpha,usr_726,agt_4,"SELECT equity, total_comp FROM executive_compensation WHERE id = 55808",SELECT,executive_compensation,198,0.7497,compensation_review,200
sess_1226,2026-04-29 09:37:34,ent_corp_alpha,usr_726,agt_4,"SELECT id, bonus FROM employee_salaries WHERE id = 97164",SELECT,employee_salaries,4030,0.8509,compensation_review,500
sess_1226,2026-04-29 09:43:46,ent_corp_alpha,usr_726,agt_4,"SELECT employee_salaries.id, executive_compensation.id FROM employee_salaries JOIN executive_compensation ON employee_salaries.id = executive_compensation.id",JOIN,"employee_salaries,executive_compensation",921,0.8959,compensation_review,200
sess_1226,2026-04-29 09:44:26,ent_corp_alpha,usr_726,agt_4,"SELECT base_salary, grade FROM employee_salaries WHERE id = 72061",SELECT,employee_salaries,243,0.8883,compensation_review,200
sess_1226,2026-04-29 09:44:29,ent_corp_alpha,usr_726,agt_4,"SELECT id, year FROM executive_compensation WHERE id = 38949",SELECT,executive_compensation,85,0.9013,compensation_review,200
sess_1226,2026-04-29 09:49:02,ent_corp_alpha,usr_726,agt_4,"SELECT id, amount FROM orders WHERE id = 86973",SELECT,orders,205,0.995,billing_summary,200
sess_1226,2026-04-29 09:52:02,ent_corp_alpha,usr_726,agt_4,"SELECT customer_id, SUM(amount) FROM billing_records GROUP BY customer_id",AGGREGATION,billing_records,11249,0.6428,report_generation,200
sess_1226,2026-04-29 09:55:26,ent_corp_alpha,usr_726,agt_4,UPDATE customers SET region = '707' WHERE id = 636,UPDATE,customers,488,0.995,system_health_check,200
sess_1227,2026-05-12 18:33:44,ent_nexus_beta,usr_727,agt_11,"SELECT url, SUM(amount) FROM page_views GROUP BY url",AGGREGATION,page_views,473,0.9837,system_health_check,200
sess_1227,2026-05-12 18:34:43,ent_nexus_beta,usr_727,agt_11,"SELECT ts, id FROM logs WHERE id = 9591",SELECT,logs,1150,0.8597,system_health_check,200
sess_1227,2026-05-12 18:40:54,ent_nexus_beta,usr_727,agt_11,"SELECT ts, level FROM logs WHERE id = 97206",SELECT,logs,503,0.9218,system_health_check,200
sess_1227,2026-05-12 18:42:39,ent_nexus_beta,usr_727,agt_11,"SELECT table_schema, table_name FROM information_schema.tables WHERE id = 71496",SELECT,information_schema.tables,1180,0.9215,system_health_check,200
sess_1227,2026-05-12 18:43:42,ent_nexus_beta,usr_727,agt_11,"SELECT customer_id, SUM(amount) FROM billing_records GROUP BY customer_id",AGGREGATION,billing_records,3373,0.9146,sales_performance,200
sess_1227,2026-05-12 18:45:59,ent_nexus_beta,usr_727,agt_11,"SELECT category, AVG(amount) FROM products GROUP BY category",AGGREGATION,products,722,0.7869,sales_performance,200
sess_1227,2026-05-12 18:46:39,ent_nexus_beta,usr_727,agt_11,"SELECT method, customer_id FROM billing_records WHERE id = 69903",SELECT,billing_records,471,0.9307,sales_performance,200
sess_1227,2026-05-12 18:48:31,ent_nexus_beta,usr_727,agt_11,"SELECT status, id FROM orders WHERE id = 54154",SELECT,orders,260,0.7194,sales_performance,200
sess_1228,2026-05-23 09:59:22,ent_apex_gamma,usr_728,agt_5,"SELECT id, ts FROM logs WHERE id = 49538",SELECT,logs,358,0.6644,system_health_check,200
sess_1228,2026-05-23 10:00:35,ent_apex_gamma,usr_728,agt_5,"SELECT user_id, id FROM page_views WHERE id = 7071",SELECT,page_views,1224,0.8996,system_health_check,200
sess_1228,2026-05-23 10:00:40,ent_apex_gamma,usr_728,agt_5,"SELECT updated_at, stock FROM inventory WHERE id = 63932",SELECT,inventory,168,0.995,inventory_check,200
sess_1228,2026-05-23 10:01:14,ent_apex_gamma,usr_728,agt_5,"SELECT message, COUNT(*) FROM logs GROUP BY message",AGGREGATION,logs,7526,0.6948,system_health_check,200
sess_1228,2026-05-23 10:01:44,ent_apex_gamma,usr_728,agt_5,"SELECT message, id FROM logs WHERE id = 43973",SELECT,logs,1421,0.995,system_health_check,200
sess_1228,2026-05-23 10:02:22,ent_apex_gamma,usr_728,agt_5,"SELECT user_id, ts FROM page_views WHERE id = 35289",SELECT,page_views,340,0.9147,system_health_check,200
sess_1228,2026-05-23 10:02:47,ent_apex_gamma,usr_728,agt_5,"SELECT row_count, table_schema FROM information_schema.tables WHERE id = 43470",SELECT,information_schema.tables,32,0.7761,system_health_check,200
sess_1228,2026-05-23 10:03:48,ent_apex_gamma,usr_728,agt_5,UPDATE logs SET ts = '876' WHERE id = 4096,UPDATE,logs,1710,0.9786,compensation_review,200
sess_1228,2026-05-23 10:05:18,ent_apex_gamma,usr_728,agt_5,"SELECT information_schema.tables.id, page_views.id FROM information_schema.tables JOIN page_views ON information_schema.tables.id = page_views.id",JOIN,"information_schema.tables,page_views",2323,0.9451,system_health_check,200
sess_1228,2026-05-23 10:12:46,ent_apex_gamma,usr_728,agt_5,"SELECT price, category FROM products WHERE id = 69279",SELECT,products,273,0.9086,inventory_check,200
sess_1228,2026-05-23 10:14:30,ent_apex_gamma,usr_728,agt_5,"SELECT ts, id FROM page_views WHERE id = 55864",SELECT,page_views,368,0.9592,system_health_check,200
sess_1228,2026-05-23 10:14:43,ent_apex_gamma,usr_728,agt_5,"SELECT information_schema.tables.id, page_views.id FROM information_schema.tables JOIN page_views ON information_schema.tables.id = page_views.id",JOIN,"information_schema.tables,page_views",1232,0.7905,system_health_check,200
sess_1228,2026-05-23 10:15:09,ent_apex_gamma,usr_728,agt_5,"SELECT table_schema, table_name FROM information_schema.tables WHERE id = 76899",SELECT,information_schema.tables,58,0.7776,system_health_check,200
sess_1228,2026-05-23 10:15:39,ent_apex_gamma,usr_728,agt_5,"SELECT logs.id, information_schema.tables.id FROM logs JOIN information_schema.tables ON logs.id = information_schema.tables.id",JOIN,"logs,information_schema.tables",988,0.7678,system_health_check,200
sess_1228,2026-05-23 10:16:13,ent_apex_gamma,usr_728,agt_5,"SELECT ts, id FROM logs WHERE id = 5319",SELECT,logs,194,0.8965,system_health_check,200
sess_1229,2026-05-03 03:58:18,ent_apex_gamma,usr_729,agt_10,"SELECT created_at, amount FROM orders WHERE id = 16286",SELECT,orders,588,0.7598,billing_summary,200
sess_1229,2026-05-03 04:07:09,ent_apex_gamma,usr_729,agt_10,"SELECT amount, SUM(amount) FROM orders GROUP BY amount",AGGREGATION,orders,668,0.8858,billing_summary,200
sess_1229,2026-05-03 04:11:01,ent_apex_gamma,usr_729,agt_10,"SELECT created_at, customer_id FROM orders WHERE id = 58742",SELECT,orders,970,0.8921,billing_summary,200
sess_1229,2026-05-03 04:13:40,ent_apex_gamma,usr_729,agt_10,"SELECT method, SUM(amount) FROM billing_records GROUP BY method",AGGREGATION,billing_records,646,0.9648,billing_summary,200
sess_1229,2026-05-03 04:13:46,ent_apex_gamma,usr_729,agt_10,"SELECT table_name, row_count FROM information_schema.tables WHERE id = 65604",SELECT,information_schema.tables,85,0.5665,billing_summary,200
sess_1229,2026-05-03 04:15:29,ent_apex_gamma,usr_729,agt_10,"SELECT created_at, AVG(amount) FROM customers GROUP BY created_at",AGGREGATION,customers,3631,0.844,billing_summary,200
sess_1229,2026-05-03 04:20:06,ent_apex_gamma,usr_729,agt_10,"SELECT name, AVG(amount) FROM customers GROUP BY name",AGGREGATION,customers,3380,0.9075,billing_summary,200
sess_1229,2026-05-03 04:21:10,ent_apex_gamma,usr_729,agt_10,UPDATE information_schema.tables SET row_count = '2149' WHERE id = 5645,UPDATE,information_schema.tables,192,0.5715,billing_summary,403
